序号,信号时间,方向,入场线类型,成交价,ATR,ATR%,EMA70偏离度%,突破K数,前3K方向涨幅%,量比,是否确认,是否加仓,加仓价,出场时间,出场价,持仓K数,底仓R值,加仓R值,R值,基础档位,是否降档,实际档位,底仓加权R,加仓加权R,加权R值,出场原因,年份
1,2026-08-19 20:00,做多,基准值,64705.7,388.77,0.603,-1.05,467,-0.33,11.32,确认,是,68394.9,2026-08-21 16:00,78940.95,11,36.616,2.586,39.202,2.0x,,2.0x,73.232,5.172,78.404,止盈,2026
2,2026-08-17 04:00,做空,基准值,62933.08,319.61,0.507,-3.04,11,-0.08,1.16,弱突破,,,2026-08-17 04:00,62876.0,0,0.179,,0.179,1.5x,,1.5x,0.268,,0.268,弱突破平仓,2026
3,2026-08-11 16:00,做多,基准值,64185.6,424.24,0.663,-2.03,4,0.02,1.2,弱突破,,,2026-08-11 16:00,64358.3,0,0.407,,0.407,2.0x,,2.0x,0.814,,0.814,弱突破平仓,2026
4,2026-08-03 20:00,做多,基准值,63575.6,539.6,0.863,-4.68,3,-1.6,3.6,弱突破,,,2026-08-03 20:00,63664.89,0,0.165,,0.165,2.0x,,2.0x,0.331,,0.331,弱突破平仓,2026
5,2026-08-03 08:00,做空,基准值,62981.56,528.95,0.832,-3.22,5,-0.86,0.89,弱突破,,,2026-08-03 08:00,62844.14,0,0.26,,0.26,1.5x,,1.5x,0.39,,0.39,弱突破平仓,2026
6,2026-07-24 20:00,做空,基准值,64733.3,584.43,0.898,-1.73,23,0.03,3.19,确认,,,2026-07-26 12:00,64562.36,10,0.292,,0.292,1.5x,,1.5x,0.439,,0.439,KAMA跟踪止损,2026
7,2026-07-20 20:00,做多,基准值,65084.6,601.23,0.925,-1.97,167,0.44,3.26,确认,是,66171.0,2026-07-22 20:00,65612.95,12,0.879,-0.514,0.365,2.0x,,2.0x,1.758,-1.027,0.73,KAMA跟踪止损,2026
8,2026-07-20 12:00,做空,基准值,64288.3,542.23,0.836,-2.18,8,-0.45,1.78,弱突破,,,2026-07-20 12:00,64249.9,0,0.071,,0.071,1.5x,,1.5x,0.106,,0.106,弱突破平仓,2026
9,2026-07-19 16:00,做空,基准值,64484.96,558.99,0.864,-2.45,3,-0.25,0.59,弱突破,,,2026-07-19 16:00,64445.6,0,0.07,,0.07,1.5x,,1.5x,0.106,,0.106,弱突破平仓,2026
10,2026-07-06 04:00,做多,基准值,63084.3,679.18,1.082,-7.05,75,-0.4,1.92,确认,,,2026-07-06 16:00,62497.9,3,-0.863,,-0.863,2.0x,,2.0x,-1.727,,-1.727,3K收盘认赔,2026
11,2026-06-30 12:00,做空,基准值,59562.6,885.73,1.486,-12.77,3,0.34,1.02,弱突破,,,2026-06-30 12:00,59498.44,0,0.072,,0.072,1.5x,,1.5x,0.109,,0.109,弱突破平仓,2026
12,2026-06-29 00:00,做空,基准值,59749.6,864.27,1.444,-13.06,12,0.53,0.74,弱突破,,,2026-06-29 00:00,59453.94,0,0.342,,0.342,1.5x,,1.5x,0.513,,0.513,弱突破平仓,2026
13,2026-06-25 20:00,做空,基准值,60675.62,903.47,1.475,-12.05,4,-0.34,5.14,确认,是,59283.3,2026-06-26 12:00,60675.62,4,0.0,-0.606,-0.606,1.5x,,1.5x,0.0,-0.91,-0.91,KAMA跟踪止损,2026
14,2026-06-23 04:00,做空,基准值,64014.9,739.33,1.147,-8.44,3,-0.44,0.92,弱突破,,,2026-06-23 04:00,63990.41,0,0.033,,0.033,1.5x,,1.5x,0.05,,0.05,弱突破平仓,2026
15,2026-06-22 20:00,做多,基准值,64787.71,731.88,1.133,-8.22,28,2.12,3.0,弱突破,,,2026-06-22 20:00,64807.9,0,0.028,,0.028,2.0x,,2.0x,0.055,,0.055,弱突破平仓,2026
16,2026-06-22 04:00,做空,基准值,63874.87,686.57,1.07,-9.09,7,-0.0,1.28,确认,,,2026-06-22 08:00,64561.44,1,-1.0,,-1.0,1.5x,,1.5x,-1.5,,-1.5,前3K止损,2026
17,2026-06-21 08:00,做多,基准值,64365.7,770.29,1.198,-9.22,14,0.98,0.42,弱突破,,,2026-06-21 08:00,64399.9,0,0.044,,0.044,2.0x,,2.0x,0.089,,0.089,弱突破平仓,2026
18,2026-06-15 04:00,做多,基准值,64640.6,745.89,1.17,-11.41,65,-0.96,2.74,确认,是,65894.6,2026-06-16 20:00,65620.02,10,1.313,-0.137,1.176,2.0x,,2.0x,2.626,-0.275,2.352,KAMA跟踪止损,2026
19,2026-06-09 20:00,做空,基准值,62386.69,1173.59,1.872,-14.43,14,0.6,2.26,确认,,,2026-06-10 20:00,62136.01,6,0.214,,0.214,1.5x,,1.5x,0.32,,0.32,KAMA跟踪止损,2026
20,2026-06-08 04:00,做多,基准值,62932.29,1244.43,2.03,-17.03,15,-1.71,1.04,弱突破,,,2026-06-08 04:00,63304.37,0,0.299,,0.299,1.0x,,1.0x,0.299,,0.299,弱突破平仓,2026
21,2026-06-08 00:00,做空,基准值,61454.32,1249.76,2.013,-15.99,3,-0.64,0.52,弱突破,,,2026-06-08 00:00,61303.8,0,0.12,,0.12,1.0x,,1.0x,0.12,,0.12,弱突破平仓,2026
22,2026-06-04 00:00,做空,基准值,65802.22,1038.58,1.573,-12.29,3,-0.34,1.32,弱突破,,,2026-06-04 00:00,65432.4,0,0.356,,0.356,1.5x,,1.5x,0.534,,0.534,弱突破平仓,2026
23,2026-05-30 20:00,做多,基准值,73763.3,765.78,1.041,-3.3,4,0.19,0.56,弱突破,,,2026-05-30 20:00,73892.8,0,0.169,,0.169,2.0x,,2.0x,0.338,,0.338,弱突破平仓,2026
24,2026-05-21 16:00,做空,基准值,77191.4,720.05,0.925,1.99,3,-0.28,1.12,弱突破,,,2026-05-21 16:00,77157.3,0,0.047,,0.047,1.5x,是,1.0x,0.047,,0.047,弱突破平仓,2026
25,2026-05-21 08:00,做多,基准值,77820.24,727.17,0.938,1.6,18,0.2,0.8,弱突破,,,2026-05-21 08:00,78039.67,0,0.302,,0.302,2.0x,是,1.5x,0.453,,0.453,弱突破平仓,2026
26,2026-05-13 20:00,做空,基准值,80377.5,739.03,0.918,6.01,53,-0.0,3.09,确认,是,79011.11,2026-05-14 20:00,80377.5,6,0.0,-0.649,-0.649,1.5x,是,1.0x,0.0,-0.649,-0.649,KAMA跟踪止损,2026
27,2026-05-13 08:00,做多,基准值,80968.6,744.19,0.925,6.15,4,-0.35,0.79,弱突破,,,2026-05-13 08:00,81217.1,0,0.334,,0.334,2.0x,是,1.5x,0.501,,0.501,弱突破平仓,2026
28,2026-05-10 00:00,做多,基准值,80623.4,749.11,0.931,6.89,12,0.18,0.79,弱突破,,,2026-05-10 00:00,80896.0,0,0.364,,0.364,2.0x,,2.0x,0.728,,0.728,弱突破平仓,2026
29,2026-05-06 16:00,做多,基准值,81745.51,835.22,1.027,8.66,568,-0.28,1.9,确认,,,2026-05-07 04:00,81396.63,3,-0.418,,-0.418,2.0x,是,1.5x,-0.627,,-0.627,3K收盘认赔,2026
30,2026-05-01 08:00,做多,基准值,76623.1,773.25,1.013,3.16,8,0.35,1.02,确认,是,78430.48,2026-05-02 04:00,77734.89,5,1.438,-0.27,1.168,2.0x,,2.0x,2.876,-0.539,2.337,KAMA跟踪止损,2026
31,2026-04-30 20:00,做多,基准值,76417.07,825.6,1.086,2.8,5,0.37,1.11,弱突破,,,2026-04-30 20:00,76429.2,0,0.015,,0.015,2.0x,是,1.5x,0.022,,0.022,弱突破平仓,2026
32,2026-04-29 20:00,做空,基准值,76142.69,772.9,0.997,4.96,4,-1.65,2.29,弱突破,,,2026-04-29 20:00,75875.02,0,0.346,,0.346,1.5x,是,1.0x,0.346,,0.346,弱突破平仓,2026
33,2026-04-17 16:00,做多,基准值,75496.4,928.1,1.237,3.2,15,-0.36,2.15,弱突破,,,2026-04-17 16:00,75542.1,0,0.049,,0.049,2.0x,,2.0x,0.098,,0.098,弱突破平仓,2026
34,2026-04-17 00:00,做多,基准值,75134.66,951.02,1.274,2.86,4,-0.26,1.08,弱突破,,,2026-04-17 00:00,75309.88,0,0.184,,0.184,2.0x,,2.0x,0.368,,0.368,弱突破平仓,2026
35,2026-04-15 12:00,做空,基准值,73789.7,948.2,1.276,2.47,7,1.3,0.69,弱突破,,,2026-04-15 12:00,73705.1,0,0.089,,0.089,1.5x,,1.5x,0.134,,0.134,弱突破平仓,2026
36,2026-04-13 20:00,做多,基准值,71245.0,796.99,1.124,-2.09,8,0.25,2.96,确认,是,73293.8,2026-04-15 00:00,73994.61,7,3.45,0.246,3.696,2.0x,,2.0x,6.9,0.493,7.392,KAMA跟踪止损,2026
37,2026-04-12 20:00,做空,基准值,71268.62,861.74,1.206,-1.24,17,2.15,1.53,弱突破,,,2026-04-12 20:00,70856.2,0,0.479,,0.479,1.5x,,1.5x,0.718,,0.718,弱突破平仓,2026
38,2026-04-08 04:00,做多,基准值,69218.74,837.22,1.213,-4.71,79,0.58,4.51,确认,是,71260.06,2026-04-12 08:00,72130.15,25,3.477,0.302,3.78,2.0x,,2.0x,6.955,0.605,7.56,KAMA跟踪止损,2026
39,2026-04-05 20:00,做多,基准值,67279.2,680.28,1.016,-7.65,3,-0.44,1.87,弱突破,,,2026-04-05 20:00,67279.31,0,0.0,,0.0,2.0x,,2.0x,0.0,,0.0,弱突破平仓,2026
40,2026-04-02 08:00,做空,基准值,67915.52,983.03,1.444,-6.9,8,0.85,1.59,确认,是,66185.6,2026-04-03 00:00,67290.4,4,0.636,-0.407,0.229,1.5x,,1.5x,0.954,-0.611,0.343,KAMA跟踪止损,2026
41,2026-04-01 12:00,做多,基准值,68566.73,1008.59,1.48,-6.83,29,2.16,1.37,弱突破,,,2026-04-01 12:00,68668.5,0,0.101,,0.101,2.0x,,2.0x,0.202,,0.202,弱突破平仓,2026
42,2026-03-30 08:00,做多,基准值,66844.3,899.17,1.363,-10.38,8,-1.21,1.83,弱突破,,,2026-03-30 08:00,67129.24,0,0.317,,0.317,2.0x,,2.0x,0.634,,0.634,弱突破平仓,2026
43,2026-03-24 12:00,做多,基准值,71213.33,1125.97,1.597,-5.39,3,0.57,0.94,弱突破,,,2026-03-24 12:00,71266.0,0,0.047,,0.047,2.0x,,2.0x,0.094,,0.094,弱突破平仓,2026
44,2026-03-04 12:00,做多,基准值,68971.86,1391.6,2.055,-12.94,7,-0.02,0.95,弱突破,,,2026-03-04 12:00,69474.99,0,0.362,,0.362,1.0x,,1.0x,0.362,,0.362,弱突破平仓,2026
45,2026-03-02 20:00,做多,基准值,67023.03,1264.18,1.906,-15.19,27,0.89,2.71,确认,是,68928.4,2026-03-03 16:00,67023.03,5,0.0,-0.601,-0.601,2.0x,,2.0x,0.0,-1.202,-1.202,KAMA跟踪止损,2026
46,2026-03-01 00:00,做多,基准值,65786.8,1198.59,1.85,-17.81,7,-1.46,1.01,弱突破,,,2026-03-01 00:00,66338.63,0,0.46,,0.46,2.0x,,2.0x,0.921,,0.921,弱突破平仓,2026
47,2026-02-25 20:00,做多,基准值,66283.06,1050.42,1.606,-18.19,14,2.13,2.06,确认,是,68999.52,2026-02-26 20:00,66983.9,6,0.667,-0.535,0.132,2.0x,,2.0x,1.334,-1.07,0.264,KAMA跟踪止损,2026
48,2026-02-22 20:00,做空,基准值,67776.79,839.36,1.231,-16.05,7,-0.32,1.3,弱突破,,,2026-02-22 20:00,67659.9,0,0.139,,0.139,1.5x,,1.5x,0.209,,0.209,弱突破平仓,2026
49,2026-02-16 20:00,做空,基准值,68118.59,1151.61,1.674,-17.88,17,-0.04,2.95,确认,,,2026-02-17 08:00,68443.6,3,-0.282,,-0.282,1.5x,,1.5x,-0.423,,-0.423,3K收盘认赔,2026
50,2026-02-13 00:00,做空,基准值,66644.47,1599.56,2.384,-21.59,6,0.67,1.97,确认,,,2026-02-13 16:00,66644.47,4,0.0,,0.0,1.0x,,1.0x,0.0,,0.0,KAMA跟踪止损,2026
51,2026-01-28 16:00,做多,基准值,89486.0,923.61,1.037,-3.74,26,0.82,0.97,确认,,,2026-01-29 04:00,89265.8,3,-0.238,,-0.238,2.0x,,2.0x,-0.477,,-0.477,3K收盘认赔,2026
52,2026-01-24 20:00,做空,基准值,89383.9,963.36,1.076,-3.78,3,-0.0,0.38,弱突破,,,2026-01-24 20:00,89237.33,0,0.152,,0.152,1.5x,,1.5x,0.228,,0.228,弱突破平仓,2026
53,2026-01-22 20:00,做空,基准值,89418.36,1065.15,1.185,-3.63,4,-0.55,1.73,弱突破,,,2026-01-22 20:00,88990.21,0,0.402,,0.402,1.5x,,1.5x,0.603,,0.603,弱突破平仓,2026
54,2026-01-09 16:00,做空,基准值,90525.52,1004.97,1.108,-3.11,3,0.2,1.14,弱突破,,,2026-01-09 16:00,90407.69,0,0.117,,0.117,1.5x,,1.5x,0.176,,0.176,弱突破平仓,2026
55,2025-12-31 20:00,做空,基准值,88135.27,823.09,0.925,-5.66,3,-0.58,1.66,弱突破,,,2025-12-31 20:00,87900.7,0,0.285,,0.285,1.5x,,1.5x,0.427,,0.427,弱突破平仓,2025
56,2025-12-30 16:00,做多,基准值,87569.33,833.46,0.953,-7.45,3,0.15,1.69,弱突破,,,2025-12-30 16:00,87885.96,0,0.38,,0.38,2.0x,是,1.5x,0.57,,0.57,弱突破平仓,2025
57,2025-12-29 08:00,做多,基准值,88060.9,710.43,0.808,-7.34,37,0.09,3.78,确认,是,89583.1,2025-12-29 20:00,87350.47,3,-1.0,-1.0,-2.0,2.0x,是,1.5x,-1.5,-1.5,-3.0,前3K止损,2025
58,2025-12-29 00:00,做空,基准值,87571.3,731.62,0.833,-7.48,4,-0.1,0.75,弱突破,,,2025-12-29 00:00,87498.87,0,0.099,,0.099,1.5x,,1.5x,0.148,,0.148,弱突破平仓,2025
59,2025-12-28 04:00,做多,基准值,87638.81,856.54,0.979,-7.96,7,0.04,0.52,弱突破,,,2025-12-28 04:00,87847.1,0,0.243,,0.243,2.0x,,2.0x,0.486,,0.486,弱突破平仓,2025
60,2025-12-26 08:00,做多,基准值,88554.4,946.14,1.085,-8.73,17,-0.33,2.4,弱突破,,,2025-12-26 08:00,88796.1,0,0.255,,0.255,2.0x,,2.0x,0.511,,0.511,弱突破平仓,2025
61,2025-12-26 04:00,做空,基准值,87228.0,931.18,1.057,-7.77,6,-0.36,0.88,弱突破,,,2025-12-26 04:00,87192.37,0,0.038,,0.038,1.5x,,1.5x,0.057,,0.057,弱突破平仓,2025
62,2025-12-25 20:00,做多,基准值,87933.5,941.98,1.077,-8.43,9,-0.16,0.86,弱突破,,,2025-12-25 20:00,88316.1,0,0.406,,0.406,2.0x,,2.0x,0.812,,0.812,弱突破平仓,2025
63,2025-12-23 00:00,做空,基准值,88671.5,1077.1,1.201,-6.83,3,-1.08,1.57,确认,是,86866.3,2025-12-25 04:00,87825.23,13,0.786,-0.727,0.059,1.5x,,1.5x,1.179,-1.091,0.088,KAMA跟踪止损,2025
64,2025-12-21 16:00,做多,基准值,88418.5,1093.29,1.24,-8.65,9,-0.06,0.68,弱突破,,,2025-12-21 16:00,88570.65,0,0.139,,0.139,2.0x,,2.0x,0.278,,0.278,弱突破平仓,2025
65,2025-12-18 00:00,做空,基准值,86180.41,1280.7,1.469,-10.62,7,-0.02,2.01,弱突破,,,2025-12-18 00:00,85982.6,0,0.154,,0.154,1.5x,,1.5x,0.232,,0.232,弱突破平仓,2025
66,2025-12-17 12:00,做空,基准值,87024.5,1175.44,1.348,-10.64,3,0.88,1.02,弱突破,,,2025-12-17 12:00,87015.2,0,0.008,,0.008,1.5x,,1.5x,0.012,,0.012,弱突破平仓,2025
67,2025-12-15 20:00,做空,基准值,88034.9,1037.86,1.158,-8.73,78,-1.71,4.48,确认,是,86104.1,2025-12-16 20:00,87608.25,6,0.411,-0.507,-0.096,1.5x,,1.5x,0.617,-0.76,-0.143,KAMA跟踪止损,2025
68,2025-12-14 16:00,做空,基准值,89722.05,1031.36,1.143,-8.44,15,-0.06,1.29,弱突破,,,2025-12-14 16:00,89325.93,0,0.384,,0.384,1.5x,,1.5x,0.576,,0.576,弱突破平仓,2025
69,2025-12-13 20:00,做空,基准值,90078.97,1217.25,1.348,-8.62,3,-0.08,0.36,弱突破,,,2025-12-13 20:00,90055.4,0,0.019,,0.019,1.5x,,1.5x,0.029,,0.029,弱突破平仓,2025
70,2025-12-09 20:00,做多,基准值,90803.72,1231.64,1.363,-9.43,26,-0.29,2.41,确认,是,93761.9,2025-12-11 08:00,91212.51,9,0.332,-0.608,-0.277,2.0x,,2.0x,0.664,-1.217,-0.553,KAMA跟踪止损,2025
71,2025-12-08 00:00,做多,基准值,89752.59,1129.34,1.262,-10.69,12,-0.19,1.81,确认,是,91519.8,2025-12-08 20:00,90152.59,5,0.354,-0.472,-0.118,2.0x,,2.0x,0.708,-0.944,-0.236,KAMA跟踪止损,2025
72,2025-12-05 16:00,做空,基准值,91666.7,1345.93,1.459,-8.54,3,-0.31,0.72,弱突破,,,2025-12-05 16:00,91307.9,0,0.267,,0.267,1.5x,,1.5x,0.4,,0.4,弱突破平仓,2025
73,2025-12-01 04:00,做空,基准值,90890.3,1053.28,1.152,-10.74,6,-0.55,1.03,确认,是,86319.2,2025-12-02 04:00,86730.78,6,3.949,-0.073,3.876,1.5x,,1.5x,5.924,-0.11,5.814,KAMA跟踪止损,2025
74,2025-11-27 00:00,做多,基准值,87937.49,1510.08,1.737,-16.28,36,-0.18,2.03,确认,是,90440.0,2025-11-29 00:00,90737.84,12,1.854,0.074,1.929,2.0x,,2.0x,3.709,0.148,3.857,KAMA跟踪止损,2025
75,2025-11-25 00:00,做多,基准值,87796.54,1673.22,1.933,-17.32,23,-0.96,1.48,弱突破,,,2025-11-25 00:00,88277.0,0,0.287,,0.287,2.0x,,2.0x,0.574,,0.574,弱突破平仓,2025
76,2025-11-12 20:00,做空,基准值,102635.8,1332.72,1.27,-4.98,17,-1.91,2.17,弱突破,,,2025-11-12 20:00,102175.67,0,0.345,,0.345,1.5x,,1.5x,0.518,,0.518,弱突破平仓,2025
77,2025-11-11 12:00,做空,基准值,104739.5,1380.07,1.297,-3.91,3,-1.33,1.27,弱突破,,,2025-11-11 12:00,104737.0,0,0.002,,0.002,1.5x,,1.5x,0.003,,0.003,弱突破平仓,2025
78,2025-11-09 20:00,做多,基准值,102296.45,1308.05,1.28,-8.01,9,-0.07,1.55,确认,是,104770.2,2025-11-10 20:00,104758.46,6,1.882,-0.003,1.879,2.0x,,2.0x,3.764,-0.006,3.758,KAMA跟踪止损,2025
79,2025-11-08 00:00,做多,基准值,102480.4,1592.31,1.58,-9.67,6,-1.08,1.07,确认,,,2025-11-08 12:00,102314.6,3,-0.104,,-0.104,2.0x,,2.0x,-0.208,,-0.208,3K收盘认赔,2025
80,2025-11-07 16:00,做空,基准值,100500.29,1534.87,1.505,-8.58,3,-0.64,0.98,弱突破,,,2025-11-07 16:00,100390.63,0,0.071,,0.071,1.5x,,1.5x,0.107,,0.107,弱突破平仓,2025
81,2025-11-02 12:00,做多,基准值,110492.99,1220.36,1.109,-2.5,9,-0.21,0.57,弱突破,,,2025-11-02 12:00,110844.41,0,0.288,,0.288,2.0x,,2.0x,0.576,,0.576,弱突破平仓,2025
82,2025-10-23 12:00,做多,基准值,108768.88,1660.44,1.533,-4.46,7,-0.05,0.9,弱突破,,,2025-10-23 12:00,109229.94,0,0.278,,0.278,2.0x,,2.0x,0.555,,0.555,弱突破平仓,2025
83,2025-10-03 20:00,做多,基准值,120508.37,1006.05,0.836,5.93,301,-0.14,1.66,确认,是,122621.3,2025-10-06 00:00,122412.22,13,1.892,-0.067,1.825,2.0x,,2.0x,3.785,-0.134,3.651,KAMA跟踪止损,2025
84,2025-10-01 16:00,做多,基准值,114720.49,867.41,0.758,1.21,71,0.16,2.93,确认,是,117367.37,2025-10-03 12:00,119863.31,11,5.929,0.71,6.639,2.0x,,2.0x,11.858,1.42,13.278,KAMA跟踪止损,2025
85,2025-09-28 20:00,做多,基准值,109749.9,768.0,0.703,-3.16,10,-0.23,1.02,弱突破,,,2025-09-28 20:00,109986.1,0,0.308,,0.308,2.0x,,2.0x,0.615,,0.615,弱突破平仓,2025
86,2025-09-25 08:00,做空,基准值,112763.7,887.98,0.784,0.02,3,-0.24,1.43,弱突破,,,2025-09-25 08:00,112534.03,0,0.259,,0.259,1.5x,,1.5x,0.388,,0.388,弱突破平仓,2025
87,2025-09-24 00:00,做空,基准值,111821.53,851.96,0.755,-0.35,3,-0.47,1.59,弱突破,,,2025-09-24 00:00,111611.8,0,0.246,,0.246,1.5x,,1.5x,0.369,,0.369,弱突破平仓,2025
88,2025-09-17 00:00,做多,基准值,115972.12,808.9,0.698,2.66,8,0.54,2.11,确认,,,2025-09-17 20:00,115972.12,5,0.0,,0.0,2.0x,,2.0x,0.0,,0.0,KAMA跟踪止损,2025
89,2025-09-09 20:00,做空,基准值,111065.9,923.4,0.822,0.09,8,-0.33,3.86,弱突破,,,2025-09-09 20:00,110830.1,0,0.255,,0.255,1.5x,,1.5x,0.383,,0.383,弱突破平仓,2025
90,2025-09-09 12:00,做多,基准值,112634.9,892.06,0.799,-0.55,21,-0.81,2.67,弱突破,,,2025-09-09 12:00,112952.4,0,0.356,,0.356,2.0x,,2.0x,0.712,,0.712,弱突破平仓,2025
91,2025-09-06 20:00,做空,基准值,110504.9,1166.45,1.053,-1.44,4,-0.11,0.44,弱突破,,,2025-09-06 20:00,110324.2,0,0.155,,0.155,1.5x,是,1.0x,0.155,,0.155,弱突破平仓,2025
92,2025-09-02 08:00,做多,基准值,109480.55,1144.53,1.048,-3.02,20,0.43,1.75,确认,是,111391.7,2025-09-04 12:00,110981.75,13,1.312,-0.317,0.995,2.0x,,2.0x,2.623,-0.634,1.989,KAMA跟踪止损,2025
93,2025-08-31 16:00,做空,基准值,108414.5,1070.0,0.985,-3.57,4,0.1,0.71,弱突破,,,2025-08-31 16:00,108355.83,0,0.055,,0.055,1.5x,,1.5x,0.082,,0.082,弱突破平仓,2025
94,2025-08-29 00:00,做空,基准值,111892.4,1249.55,1.109,-0.38,3,-0.61,0.7,弱突破,,,2025-08-29 00:00,111869.39,0,0.018,,0.018,1.5x,,1.5x,0.028,,0.028,弱突破平仓,2025
95,2025-08-28 12:00,做多,基准值,112550.0,1290.21,1.152,-0.98,18,-0.01,0.91,弱突破,,,2025-08-28 12:00,113079.2,0,0.41,,0.41,2.0x,,2.0x,0.82,,0.82,弱突破平仓,2025
96,2025-08-27 20:00,做多,基准值,111771.31,1284.16,1.154,-1.6,3,-0.39,1.16,弱突破,,,2025-08-27 20:00,111965.1,0,0.151,,0.151,2.0x,,2.0x,0.302,,0.302,弱突破平仓,2025
97,2025-08-22 20:00,做多,基准值,113486.12,1045.96,0.932,-0.82,20,-0.16,5.68,确认,是,116614.14,2025-08-23 20:00,114734.63,6,1.194,-0.45,0.743,2.0x,,2.0x,2.387,-0.901,1.487,KAMA跟踪止损,2025
98,2025-08-19 08:00,做空,基准值,114783.65,1034.52,0.89,2.74,3,-1.1,1.54,弱突破,,,2025-08-19 08:00,114768.29,0,0.015,,0.015,1.5x,,1.5x,0.022,,0.022,弱突破平仓,2025
99,2025-08-18 00:00,做空,基准值,117627.35,983.81,0.832,4.6,3,-0.48,0.77,弱突破,,,2025-08-18 00:00,117527.1,0,0.102,,0.102,1.5x,,1.5x,0.153,,0.153,弱突破平仓,2025
100,2025-08-13 16:00,做多,基准值,120268.1,1093.51,0.915,6.31,9,-0.05,0.94,弱突破,,,2025-08-13 16:00,120546.8,0,0.255,,0.255,2.0x,,2.0x,0.51,,0.51,弱突破平仓,2025
101,2025-08-12 20:00,做多,基准值,119246.4,1091.65,0.922,5.65,4,-0.15,1.96,确认,,,2025-08-13 12:00,119246.4,4,0.0,,0.0,2.0x,,2.0x,0.0,,0.0,KAMA跟踪止损,2025
102,2025-08-10 08:00,做多,基准值,117190.82,904.86,0.777,4.42,55,-0.55,2.13,确认,是,118773.23,2025-08-12 00:00,119135.76,10,2.149,0.146,2.295,2.0x,,2.0x,4.299,0.292,4.59,KAMA跟踪止损,2025
103,2025-08-07 16:00,做多,基准值,115228.5,997.91,0.87,3.2,38,-0.4,2.54,确认,是,117417.5,2025-08-08 20:00,116079.0,7,0.852,-0.42,0.432,2.0x,,2.0x,1.705,-0.84,0.865,KAMA跟踪止损,2025
104,2025-07-29 20:00,做空,基准值,117415.2,1008.85,0.851,7.7,18,-0.44,2.52,弱突破,,,2025-07-29 20:00,117351.44,0,0.063,,0.063,1.5x,,1.5x,0.095,,0.095,弱突破平仓,2025
105,2025-07-25 08:00,做空,基准值,117775.61,1276.56,1.079,8.68,83,0.24,2.66,确认,是,115315.99,2025-07-26 04:00,117224.76,5,0.432,-0.511,-0.079,1.5x,,1.5x,0.647,-0.766,-0.119,KAMA跟踪止损,2025
106,2025-07-23 12:00,做空,基准值,118390.4,1388.36,1.17,9.26,3,0.24,0.67,弱突破,,,2025-07-23 12:00,118327.35,0,0.045,,0.045,1.5x,,1.5x,0.068,,0.068,弱突破平仓,2025
107,2025-07-21 12:00,做多,基准值,118856.6,1192.56,1.007,9.68,15,-0.25,1.19,弱突破,,,2025-07-21 12:00,119344.28,0,0.409,,0.409,2.0x,,2.0x,0.818,,0.818,弱突破平仓,2025
108,2025-07-17 08:00,做空,基准值,118169.56,1392.55,1.174,11.46,4,0.13,0.72,弱突破,,,2025-07-17 08:00,118103.68,0,0.047,,0.047,1.5x,,1.5x,0.071,,0.071,弱突破平仓,2025
109,2025-07-06 20:00,做多,基准值,108211.0,684.95,0.634,4.54,11,-0.13,1.63,确认,是,109348.9,2025-07-07 16:00,108595.46,5,0.561,-0.413,0.148,2.0x,,2.0x,1.123,-0.827,0.296,KAMA跟踪止损,2025
110,2025-07-02 12:00,做多,基准值,106241.62,870.03,0.82,3.38,3,0.22,1.29,确认,是,108695.3,2025-07-04 20:00,108453.2,14,2.542,-0.073,2.469,2.0x,,2.0x,5.084,-0.146,4.938,KAMA跟踪止损,2025
111,2025-06-21 16:00,做多,基准值,103789.5,1067.32,1.032,2.13,3,0.1,0.51,弱突破,,,2025-06-21 16:00,103832.4,0,0.04,,0.04,2.0x,,2.0x,0.08,,0.08,弱突破平仓,2025
112,2025-06-19 20:00,做空,基准值,104402.27,1109.77,1.06,3.51,3,0.11,0.74,弱突破,,,2025-06-19 20:00,104055.1,0,0.313,,0.313,1.5x,,1.5x,0.469,,0.469,弱突破平仓,2025
113,2025-06-16 08:00,做多,基准值,105794.9,992.22,0.94,4.83,4,0.59,0.74,弱突破,,,2025-06-16 08:00,105868.4,0,0.074,,0.074,2.0x,,2.0x,0.148,,0.148,弱突破平仓,2025
114,2025-06-15 04:00,做多,基准值,105088.0,1054.26,1.008,4.06,3,-0.38,0.52,弱突破,,,2025-06-15 04:00,105359.8,0,0.258,,0.258,2.0x,,2.0x,0.516,,0.516,弱突破平仓,2025
115,2025-06-09 16:00,做多,基准值,106449.6,853.64,0.809,6.01,64,-0.68,2.81,确认,是,108511.74,2025-06-12 00:00,108847.44,14,2.809,0.115,2.924,2.0x,,2.0x,5.618,0.23,5.848,KAMA跟踪止损,2025
116,2025-06-03 20:00,做多,基准值,106471.35,1055.81,1.003,6.91,28,-0.53,2.22,弱突破,,,2025-06-03 20:00,106556.0,0,0.08,,0.08,2.0x,,2.0x,0.16,,0.16,弱突破平仓,2025
117,2025-05-21 00:00,做多,基准值,106363.3,1264.71,1.201,11.77,9,-0.42,1.77,弱突破,,,2025-05-21 00:00,106988.8,0,0.495,,0.495,2.0x,,2.0x,0.989,,0.989,弱突破平仓,2025
118,2025-05-15 12:00,做空,基准值,102552.77,1189.96,1.159,11.03,11,0.72,0.8,确认,,,2025-05-16 00:00,103742.73,3,-1.0,,-1.0,1.5x,,1.5x,-1.5,,-1.5,前3K止损,2025
119,2025-05-13 16:00,做多,基准值,103080.9,1303.64,1.27,11.72,4,0.78,0.83,弱突破,,,2025-05-13 16:00,103675.4,0,0.456,,0.456,2.0x,,2.0x,0.912,,0.912,弱突破平仓,2025
120,2025-05-06 16:00,做空,基准值,93823.9,871.38,0.924,5.49,3,-0.08,1.37,弱突破,,,2025-05-06 16:00,93770.4,0,0.061,,0.061,1.5x,,1.5x,0.092,,0.092,弱突破平仓,2025
121,2025-05-04 04:00,做空,基准值,95821.25,891.11,0.925,8.31,13,-0.02,0.4,弱突破,,,2025-05-04 04:00,95820.0,0,0.001,,0.001,1.5x,,1.5x,0.002,,0.002,弱突破平仓,2025
122,2025-04-30 20:00,做空,基准值,94081.4,978.94,1.029,7.78,3,-0.97,3.64,弱突破,,,2025-04-30 20:00,93961.61,0,0.122,,0.122,1.5x,,1.5x,0.184,,0.184,弱突破平仓,2025
123,2025-04-19 08:00,做多,基准值,84730.0,966.62,1.145,-2.49,5,-0.24,0.46,弱突破,,,2025-04-19 08:00,84845.4,0,0.119,,0.119,2.0x,,2.0x,0.239,,0.239,弱突破平仓,2025
124,2025-04-08 20:00,做空,基准值,78739.56,1716.78,2.148,-8.69,3,-1.01,1.59,弱突破,,,2025-04-08 20:00,78462.83,0,0.161,,0.161,1.0x,,1.0x,0.161,,0.161,弱突破平仓,2025
125,2025-04-03 20:00,做空,基准值,82155.77,1328.57,1.6,-6.34,17,-0.7,2.26,弱突破,,,2025-04-03 20:00,82009.81,0,0.11,,0.11,1.5x,,1.5x,0.165,,0.165,弱突破平仓,2025
126,2025-03-31 20:00,做多,基准值,82412.8,944.34,1.149,-7.81,6,-0.2,3.03,确认,,,2025-04-01 12:00,82919.13,4,0.536,,0.536,2.0x,,2.0x,1.072,,1.072,KAMA跟踪止损,2025
127,2025-03-26 20:00,做空,基准值,86991.89,971.98,1.106,-2.29,6,-0.63,2.42,弱突破,,,2025-03-26 20:00,86704.28,0,0.296,,0.296,1.5x,,1.5x,0.444,,0.444,弱突破平仓,2025
128,2025-03-19 08:00,做多,基准值,82779.5,1278.84,1.547,-9.18,3,0.14,0.72,弱突破,,,2025-03-19 08:00,83007.21,0,0.178,,0.178,2.0x,,2.0x,0.356,,0.356,弱突破平仓,2025
129,2025-03-11 12:00,做多,基准值,80214.9,2188.04,2.752,-14.3,3,-0.62,0.76,弱突破,,,2025-03-11 12:00,80395.91,0,0.083,,0.083,1.0x,,1.0x,0.083,,0.083,弱突破平仓,2025
130,2025-03-10 20:00,做空,基准值,80010.0,2007.11,2.403,-10.26,3,-3.5,3.18,弱突破,,,2025-03-10 20:00,80000.0,0,0.005,,0.005,1.0x,,1.0x,0.005,,0.005,弱突破平仓,2025
131,2025-03-05 16:00,做多,基准值,88914.4,2416.06,2.759,-7.23,9,-0.69,0.8,弱突破,,,2025-03-05 16:00,89779.29,0,0.358,,0.358,1.0x,,1.0x,0.358,,0.358,弱突破平仓,2025
132,2025-02-16 12:00,做空,基准值,97279.04,1013.0,1.039,0.91,6,0.09,0.32,弱突破,,,2025-02-16 12:00,97207.3,0,0.071,,0.071,1.5x,,1.5x,0.106,,0.106,弱突破平仓,2025
133,2025-02-11 20:00,做空,基准值,97378.09,1170.31,1.193,1.6,4,-0.73,2.41,弱突破,,,2025-02-11 20:00,96960.0,0,0.357,,0.357,1.5x,,1.5x,0.536,,0.536,弱突破平仓,2025
134,2025-02-08 04:00,做空,基准值,96572.6,1755.76,1.813,0.29,4,-0.14,0.92,弱突破,,,2025-02-08 04:00,96456.02,0,0.066,,0.066,1.5x,,1.5x,0.1,,0.1,弱突破平仓,2025
135,2025-02-03 20:00,做多,基准值,97745.1,1767.79,1.859,-1.51,4,-2.66,2.54,确认,是,101831.6,2025-02-05 04:00,97745.1,8,0.0,-0.698,-0.698,2.0x,,2.0x,0.0,-1.396,-1.396,KAMA跟踪止损,2025
136,2025-01-31 20:00,做多,基准值,104982.2,1468.99,1.403,8.79,3,0.02,1.45,弱突破,,,2025-01-31 20:00,105404.6,0,0.288,,0.288,2.0x,,2.0x,0.575,,0.575,弱突破平仓,2025
137,2025-01-31 08:00,做空,基准值,104612.85,1556.44,1.487,8.97,5,0.55,0.7,弱突破,,,2025-01-31 08:00,104294.23,0,0.205,,0.205,1.5x,,1.5x,0.307,,0.307,弱突破平仓,2025
138,2025-01-27 04:00,做空,基准值,104381.8,1471.2,1.4,10.32,17,-0.08,1.08,确认,是,101349.1,2025-01-27 20:00,101038.75,4,2.272,0.069,2.341,1.5x,,1.5x,3.408,0.103,3.512,KAMA跟踪止损,2025
139,2025-01-23 20:00,做多,基准值,103777.4,2042.4,2.004,7.91,5,-1.69,2.86,确认,,,2025-01-24 12:00,103777.4,4,0.0,,0.0,1.0x,,1.0x,0.0,,0.0,KAMA跟踪止损,2025
140,2025-01-20 04:00,做空,基准值,103474.2,1517.12,1.428,13.87,15,-1.02,3.65,确认,,,2025-01-20 12:00,104991.32,2,-1.0,,-1.0,1.5x,,1.5x,-1.5,,-1.5,前3K止损,2025
141,2025-01-17 00:00,做多,基准值,99863.3,1463.69,1.475,7.44,3,-0.18,1.08,弱突破,,,2025-01-17 00:00,100386.89,0,0.358,,0.358,2.0x,,2.0x,0.715,,0.715,弱突破平仓,2025
142,2025-01-12 20:00,做多,基准值,94661.9,1201.19,1.275,2.72,9,-0.37,0.73,弱突破,,,2025-01-12 20:00,95036.76,0,0.312,,0.312,2.0x,,2.0x,0.624,,0.624,弱突破平仓,2025
143,2025-01-03 20:00,做多,基准值,97320.9,1204.01,1.245,6.97,3,-0.26,1.42,弱突破,,,2025-01-03 20:00,97481.25,0,0.133,,0.133,2.0x,,2.0x,0.266,,0.266,弱突破平仓,2025
144,2024-12-29 20:00,做空,基准值,94777.68,1264.96,1.332,5.93,4,0.29,1.12,弱突破,,,2024-12-29 20:00,94468.78,0,0.244,,0.244,1.5x,,1.5x,0.366,,0.366,弱突破平仓,2024
145,2024-12-24 20:00,做多,基准值,94861.1,1817.73,1.926,6.35,17,-0.5,2.23,确认,是,98633.62,2024-12-26 12:00,97932.42,10,1.69,-0.125,1.564,2.0x,,2.0x,3.379,-0.251,3.128,KAMA跟踪止损,2024
146,2024-12-23 20:00,做空,基准值,93684.2,1847.0,1.926,8.41,17,-0.79,1.67,弱突破,,,2024-12-23 20:00,93217.6,0,0.253,,0.253,1.5x,,1.5x,0.379,,0.379,弱突破平仓,2024
147,2024-12-19 00:00,做空,基准值,103117.47,1506.56,1.443,19.66,16,0.31,1.64,弱突破,,,2024-12-19 00:00,102820.14,0,0.197,,0.197,1.5x,,1.5x,0.296,,0.296,弱突破平仓,2024
148,2024-12-09 08:00,做空,基准值,99414.2,1558.5,1.54,22.69,3,-1.45,1.13,弱突破,,,2024-12-09 08:00,99179.9,0,0.15,,0.15,1.5x,,1.5x,0.226,,0.226,弱突破平仓,2024
149,2024-12-03 16:00,做空,基准值,95171.5,1281.42,1.34,19.69,3,0.27,1.03,弱突破,,,2024-12-03 16:00,95047.45,0,0.097,,0.097,1.5x,,1.5x,0.145,,0.145,弱突破平仓,2024
150,2024-12-02 08:00,做空,基准值,96719.9,1131.1,1.163,23.21,3,-0.1,1.37,弱突破,,,2024-12-02 08:00,96549.9,0,0.15,,0.15,1.5x,,1.5x,0.225,,0.225,弱突破平仓,2024
151,2024-12-01 16:00,做多,基准值,97105.72,1209.77,1.253,22.26,6,-0.57,0.91,弱突破,,,2024-12-01 16:00,97163.7,0,0.048,,0.048,2.0x,,2.0x,0.096,,0.096,弱突破平仓,2024
152,2024-11-30 08:00,做空,基准值,96822.0,1464.61,1.502,25.2,3,-0.23,0.69,弱突破,,,2024-11-30 08:00,96706.3,0,0.079,,0.079,1.5x,,1.5x,0.118,,0.118,弱突破平仓,2024
153,2024-11-29 08:00,做多,基准值,96280.11,1494.62,1.562,23.76,6,0.19,0.57,弱突破,,,2024-11-29 08:00,96646.5,0,0.245,,0.245,2.0x,,2.0x,0.49,,0.49,弱突破平仓,2024
154,2024-11-25 20:00,做空,基准值,96932.1,1279.17,1.302,29.69,4,-0.33,3.78,确认,是,94735.5,2024-11-27 20:00,94079.41,12,2.23,0.189,2.419,1.5x,,1.5x,3.345,0.283,3.628,KAMA跟踪止损,2024
155,2024-11-16 20:00,做空,基准值,90900.1,1904.19,2.087,30.05,3,-0.18,0.61,弱突破,,,2024-11-16 20:00,90577.9,0,0.169,,0.169,1.0x,,1.0x,0.169,,0.169,弱突破平仓,2024
156,2024-11-15 16:00,做多,基准值,89494.09,2057.99,2.347,26.05,4,-2.01,0.56,弱突破,,,2024-11-15 16:00,89783.7,0,0.141,,0.141,1.0x,,1.0x,0.141,,0.141,弱突破平仓,2024
157,2024-11-13 20:00,做多,基准值,88593.31,1825.01,2.08,28.24,10723,-0.27,2.03,确认,是,91538.84,2024-11-14 20:00,88593.31,6,0.0,-1.0,-1.0,1.0x,,1.0x,0.0,-1.0,-1.0,KAMA跟踪止损,2024
158,2024-11-05 12:00,做多,基准值,68770.4,909.0,1.332,5.05,3,-0.58,0.82,弱突破,,,2024-11-05 12:00,68871.68,0,0.111,,0.111,2.0x,,2.0x,0.223,,0.223,弱突破平仓,2024
159,2024-11-03 08:00,做空,基准值,69026.82,841.9,1.214,7.35,33,0.34,1.38,确认,,,2024-11-04 04:00,69026.82,5,0.0,,0.0,1.5x,,1.5x,0.0,,0.0,KAMA跟踪止损,2024
160,2024-10-31 20:00,做空,基准值,72037.29,784.19,1.086,12.25,14,0.19,2.4,确认,是,70116.19,2024-11-01 20:00,70579.16,6,1.859,-0.171,1.688,1.5x,,1.5x,2.789,-0.257,2.532,KAMA跟踪止损,2024
161,2024-10-27 20:00,做多,基准值,67299.87,684.77,1.021,5.69,10,0.04,0.81,确认,是,68395.71,2024-10-30 16:00,72071.57,17,6.968,4.121,11.089,2.0x,,2.0x,13.937,8.242,22.179,KAMA跟踪止损,2024
162,2024-10-26 00:00,做空,基准值,67230.7,769.73,1.138,6.98,7,0.46,3.39,确认,,,2024-10-26 16:00,67230.7,4,0.0,,0.0,1.5x,,1.5x,0.0,,0.0,KAMA跟踪止损,2024
163,2024-10-24 20:00,做多,基准值,67607.0,729.21,1.084,6.53,9,0.94,1.52,弱突破,,,2024-10-24 20:00,67672.12,0,0.089,,0.089,2.0x,,2.0x,0.179,,0.179,弱突破平仓,2024
164,2024-10-21 16:00,做空,基准值,68442.24,644.54,0.941,9.15,4,-0.04,1.15,弱突破,,,2024-10-21 16:00,68250.8,0,0.297,,0.297,1.5x,,1.5x,0.446,,0.446,弱突破平仓,2024
165,2024-10-19 16:00,做空,基准值,68179.38,785.86,1.15,9.41,4,0.37,0.36,弱突破,,,2024-10-19 16:00,68074.9,0,0.133,,0.133,1.5x,,1.5x,0.199,,0.199,弱突破平仓,2024
166,2024-10-08 04:00,做空,基准值,62622.23,757.17,1.195,3.12,7,0.27,1.4,确认,,,2024-10-08 20:00,62622.23,4,0.0,,0.0,1.5x,,1.5x,0.0,,0.0,KAMA跟踪止损,2024
167,2024-10-01 20:00,做空,基准值,63000.0,651.53,1.023,3.83,50,-0.62,5.6,确认,是,61733.5,2024-10-03 00:00,62324.71,7,1.036,-0.308,0.728,1.5x,,1.5x,1.555,-0.462,1.092,KAMA跟踪止损,2024
168,2024-09-26 12:00,做多,基准值,63642.4,770.56,1.214,4.21,3,0.02,0.6,弱突破,,,2024-09-26 12:00,63823.5,0,0.235,,0.235,2.0x,,2.0x,0.47,,0.47,弱突破平仓,2024
169,2024-09-16 20:00,做空,基准值,58099.97,716.97,1.223,-2.56,17,0.79,2.36,弱突破,,,2024-09-16 20:00,57861.15,0,0.333,,0.333,1.5x,,1.5x,0.5,,0.5,弱突破平仓,2024
170,2024-08-15 20:00,做多,基准值,59018.2,1188.0,2.023,-5.96,5,0.11,1.66,确认,,,2024-08-16 00:00,57830.2,1,-1.0,,-1.0,1.0x,,1.0x,-1.0,,-1.0,前3K止损,2024
171,2024-08-06 20:00,做多,基准值,56254.6,1894.12,3.432,-12.91,8,2.25,1.24,弱突破,,,2024-08-06 20:00,56380.15,0,0.066,,0.066,1.0x,,1.0x,0.066,,0.066,弱突破平仓,2024
172,2024-08-02 20:00,做空,基准值,63650.69,1114.31,1.724,0.8,3,1.05,3.47,弱突破,,,2024-08-02 20:00,63406.52,0,0.219,,0.219,1.5x,,1.5x,0.329,,0.329,弱突破平仓,2024
173,2024-08-01 00:00,做空,基准值,65475.1,949.64,1.431,3.4,34,-0.47,1.74,弱突破,,,2024-08-01 00:00,65239.3,0,0.248,,0.248,1.5x,,1.5x,0.372,,0.372,弱突破平仓,2024
174,2024-07-23 12:00,做空,基准值,66795.44,923.8,1.37,6.11,8,-0.59,1.6,弱突破,,,2024-07-23 12:00,66548.4,0,0.267,,0.267,1.5x,,1.5x,0.401,,0.401,弱突破平仓,2024
175,2024-07-23 00:00,做多,基准值,67966.0,915.62,1.366,5.6,3,-1.19,0.96,弱突破,,,2024-07-23 00:00,68184.2,0,0.238,,0.238,2.0x,,2.0x,0.477,,0.477,弱突破平仓,2024
176,2024-07-18 20:00,做空,基准值,63877.79,986.92,1.525,2.72,11,-1.05,1.58,弱突破,,,2024-07-18 20:00,63509.57,0,0.373,,0.373,1.5x,,1.5x,0.56,,0.56,弱突破平仓,2024
177,2024-07-17 00:00,做多,基准值,64967.4,1069.24,1.649,2.98,154,0.17,1.32,弱突破,,,2024-07-17 00:00,65132.39,0,0.154,,0.154,2.0x,,2.0x,0.309,,0.309,弱突破平仓,2024
178,2024-07-15 04:00,做多,基准值,60376.41,843.37,1.408,-4.71,68,-0.24,1.46,弱突破,,,2024-07-15 04:00,60766.1,0,0.462,,0.462,2.0x,,2.0x,0.924,,0.924,弱突破平仓,2024
179,2024-07-12 20:00,做多,基准值,57554.0,994.11,1.738,-9.25,5,-0.21,1.39,确认,,,2024-07-13 12:00,57894.17,4,0.342,,0.342,2.0x,,2.0x,0.684,,0.684,KAMA跟踪止损,2024
180,2024-07-10 12:00,做多,基准值,58261.9,1071.89,1.843,-8.15,35,1.25,1.41,确认,,,2024-07-11 00:00,57375.22,3,-0.827,,-0.827,2.0x,是,1.5x,-1.241,,-1.241,3K收盘认赔,2024
181,2024-07-06 20:00,做多,基准值,56978.17,1052.35,1.856,-11.51,8,0.18,0.58,弱突破,,,2024-07-06 20:00,57289.27,0,0.296,,0.296,2.0x,,2.0x,0.591,,0.591,弱突破平仓,2024
182,2024-06-30 12:00,做多,基准值,61128.8,622.98,1.023,-6.26,9,-0.34,1.3,确认,是,62766.32,2024-07-01 16:00,62620.9,7,2.395,-0.115,2.28,2.0x,,2.0x,4.79,-0.231,4.559,KAMA跟踪止损,2024
183,2024-06-25 20:00,做多,基准值,61567.81,827.28,1.352,-6.62,6,1.52,2.29,弱突破,,,2024-06-25 20:00,61775.9,0,0.252,,0.252,2.0x,,2.0x,0.503,,0.503,弱突破平仓,2024
184,2024-06-23 08:00,做多,基准值,64379.04,613.82,0.955,-2.45,3,-0.0,0.36,弱突破,,,2024-06-23 08:00,64389.1,0,0.016,,0.016,2.0x,,2.0x,0.033,,0.033,弱突破平仓,2024
185,2024-06-18 00:00,做多,基准值,66547.23,656.67,1.005,-1.06,3,-1.29,3.24,弱突破,,,2024-06-18 00:00,66665.0,0,0.179,,0.179,2.0x,,2.0x,0.359,,0.359,弱突破平仓,2024
186,2024-06-14 20:00,做空,基准值,66492.06,842.9,1.258,1.54,4,-0.37,1.19,弱突破,,,2024-06-14 20:00,66387.58,0,0.124,,0.124,1.5x,,1.5x,0.186,,0.186,弱突破平仓,2024
187,2024-06-13 20:00,做空,基准值,66972.77,873.76,1.29,2.63,10,0.77,2.45,确认,,,2024-06-14 12:00,66972.77,4,0.0,,0.0,1.5x,,1.5x,0.0,,0.0,KAMA跟踪止损,2024
188,2024-06-11 08:00,做空,基准值,69257.1,561.2,0.807,5.59,46,-0.08,3.16,确认,是,67582.2,2024-06-12 16:00,68026.67,8,2.193,-0.199,1.994,1.5x,,1.5x,3.289,-0.298,2.991,KAMA跟踪止损,2024
189,2024-06-10 20:00,做多,基准值,69827.6,541.84,0.78,5.51,16,-0.23,1.68,弱突破,,,2024-06-10 20:00,70074.61,0,0.456,,0.456,2.0x,,2.0x,0.912,,0.912,弱突破平仓,2024
190,2024-06-04 20:00,做多,基准值,69406.17,745.73,1.081,5.95,46,0.21,3.67,确认,是,70580.0,2024-06-07 00:00,70806.32,13,1.878,0.118,1.995,2.0x,,2.0x,3.755,0.236,3.991,KAMA跟踪止损,2024
191,2024-05-27 20:00,做多,基准值,69323.21,775.53,1.133,6.53,28,-0.09,2.79,确认,,,2024-05-28 08:00,68547.67,3,-1.0,,-1.0,2.0x,,2.0x,-2.0,,-2.0,前3K止损,2024
192,2024-05-23 20:00,做空,基准值,69216.75,902.99,1.289,9.95,16,-1.18,2.66,确认,是,67224.77,2024-05-25 00:00,68711.7,7,0.559,-0.514,0.046,1.5x,,1.5x,0.839,-0.77,0.069,KAMA跟踪止损,2024
193,2024-05-23 16:00,做多,基准值,69991.46,922.46,1.322,9.54,3,0.19,0.57,弱突破,,,2024-05-23 16:00,70032.2,0,0.044,,0.044,2.0x,,2.0x,0.088,,0.088,弱突破平仓,2024
194,2024-05-22 20:00,做多,基准值,70402.56,931.68,1.335,9.75,5,-0.56,1.26,弱突破,,,2024-05-22 20:00,70485.7,0,0.089,,0.089,2.0x,,2.0x,0.178,,0.178,弱突破平仓,2024
195,2024-05-13 12:00,做多,基准值,61842.9,796.33,1.302,-2.15,15,-0.41,1.47,确认,是,63155.75,2024-05-14 08:00,62471.86,5,0.79,-0.324,0.466,2.0x,,2.0x,1.58,-0.648,0.931,KAMA跟踪止损,2024
196,2024-05-08 00:00,做空,基准值,63063.03,1052.03,1.651,1.73,3,-0.8,0.86,弱突破,,,2024-05-08 00:00,63038.59,0,0.023,,0.023,1.5x,,1.5x,0.035,,0.035,弱突破平仓,2024
197,2024-05-06 20:00,做空,基准值,63672.1,1065.34,1.66,2.45,3,-0.29,2.17,弱突破,,,2024-05-06 20:00,63610.13,0,0.058,,0.058,1.5x,,1.5x,0.087,,0.087,弱突破平仓,2024
198,2024-05-05 20:00,做多,基准值,64168.9,1102.94,1.728,1.94,6,-0.04,1.16,弱突破,,,2024-05-05 20:00,64401.3,0,0.211,,0.211,2.0x,,2.0x,0.421,,0.421,弱突破平仓,2024
199,2024-05-03 20:00,做多,基准值,59962.8,1167.36,1.97,-5.25,18,0.39,2.38,确认,是,62047.72,2024-05-05 08:00,63166.09,9,2.744,0.344,3.088,2.0x,,2.0x,5.488,0.688,6.176,KAMA跟踪止损,2024
200,2024-04-29 04:00,做空,基准值,63343.32,804.87,1.263,1.45,6,0.27,0.93,弱突破,,,2024-04-29 04:00,63088.4,0,0.317,,0.317,1.5x,,1.5x,0.475,,0.475,弱突破平仓,2024
201,2024-04-26 20:00,做空,基准值,63878.24,964.26,1.502,2.3,5,0.41,2.07,弱突破,,,2024-04-26 20:00,63481.2,0,0.412,,0.412,1.5x,,1.5x,0.618,,0.618,弱突破平仓,2024
202,2024-04-23 00:00,做多,基准值,66448.9,1229.82,1.864,5.47,43,0.43,1.07,弱突破,,,2024-04-23 00:00,66505.2,0,0.046,,0.046,2.0x,,2.0x,0.092,,0.092,弱突破平仓,2024
203,2024-04-22 08:00,做多,基准值,65358.0,1293.68,1.993,4.0,38,-0.46,1.1,弱突破,,,2024-04-22 08:00,65679.9,0,0.249,,0.249,2.0x,,2.0x,0.498,,0.498,弱突破平仓,2024
204,2024-04-19 12:00,做多,基准值,63846.0,1717.75,2.781,-0.82,20,-2.7,1.87,弱突破,,,2024-04-19 12:00,64534.1,0,0.401,,0.401,1.0x,,1.0x,0.401,,0.401,弱突破平仓,2024
205,2024-04-17 04:00,做多,基准值,63643.6,1627.58,2.596,0.77,3,-1.24,0.53,弱突破,,,2024-04-17 04:00,63775.63,0,0.081,,0.081,1.0x,,1.0x,0.081,,0.081,弱突破平仓,2024
206,2024-04-15 04:00,做多,基准值,64861.9,1530.76,2.386,3.23,6,-0.48,0.92,弱突破,,,2024-04-15 04:00,65624.38,0,0.498,,0.498,1.0x,,1.0x,0.498,,0.498,弱突破平仓,2024
207,2024-04-12 20:00,做空,基准值,70040.58,1061.1,1.496,14.47,10,-1.29,1.69,确认,是,66850.2,2024-04-14 04:00,61635.71,8,7.921,1.227,9.147,1.5x,,1.5x,11.881,1.84,13.721,止盈,2024
208,2024-04-11 00:00,做多,基准值,69561.19,1092.16,1.59,11.52,6,-0.73,1.47,弱突破,,,2024-04-11 00:00,70101.23,0,0.494,,0.494,2.0x,,2.0x,0.989,,0.989,弱突破平仓,2024
209,2024-04-08 12:00,做多,基准值,70341.6,997.19,1.435,13.7,42,-0.12,1.16,弱突破,,,2024-04-08 12:00,70726.48,0,0.386,,0.386,2.0x,,2.0x,0.772,,0.772,弱突破平仓,2024
210,2024-04-01 12:00,做空,基准值,70387.9,871.48,1.234,18.74,6,-0.29,3.14,确认,是,68281.5,2024-04-04 20:00,66778.59,20,4.142,0.505,4.646,1.5x,,1.5x,6.212,0.757,6.969,KAMA跟踪止损,2024
211,2024-03-31 12:00,做多,基准值,70346.05,947.23,1.354,18.19,5,-0.12,0.69,弱突破,,,2024-03-31 12:00,70353.76,0,0.008,,0.008,2.0x,,2.0x,0.016,,0.016,弱突破平仓,2024
212,2024-03-24 16:00,做多,基准值,65223.19,1516.68,2.347,13.83,3,-0.46,0.75,弱突破,,,2024-03-24 16:00,65363.29,0,0.092,,0.092,1.0x,,1.0x,0.092,,0.092,弱突破平仓,2024
213,2024-03-24 04:00,做空,基准值,64221.3,1610.6,2.481,14.97,3,-0.48,0.43,弱突破,,,2024-03-24 04:00,64020.3,0,0.125,,0.125,1.0x,,1.0x,0.125,,0.125,弱突破平仓,2024
214,2024-03-22 16:00,做空,基准值,64570.0,1733.96,2.619,17.72,9,-1.44,0.73,弱突破,,,2024-03-22 16:00,64269.8,0,0.173,,0.173,1.0x,,1.0x,0.173,,0.173,弱突破平仓,2024
215,2024-03-16 00:00,做多,基准值,68900.3,1683.16,2.468,25.95,3,-0.09,1.26,弱突破,,,2024-03-16 00:00,68944.05,0,0.026,,0.026,1.0x,是,1.0x,0.026,,0.026,弱突破平仓,2024
216,2024-03-11 12:00,做多,基准值,69837.89,1220.34,1.777,31.89,9239,-0.86,2.57,确认,是,72056.5,2024-03-12 20:00,70997.66,8,0.95,-0.308,0.642,2.0x,,2.0x,1.901,-0.616,1.285,KAMA跟踪止损,2024
217,2024-03-10 08:00,做多,基准值,68569.88,1272.37,1.861,34.13,6,0.01,0.93,确认,,,2024-03-11 04:00,68569.88,5,0.0,,0.0,2.0x,,2.0x,0.0,,0.0,KAMA跟踪止损,2024
218,2024-03-06 00:00,做空,基准值,65458.04,1327.91,1.986,36.51,14,1.97,5.4,确认,是,63322.91,2024-03-06 12:00,66785.95,3,-1.0,-1.0,-2.0,1.5x,是,1.0x,-1.0,-1.0,-2.0,前3K止损,2024
219,2024-02-26 20:00,做多,基准值,51836.63,491.91,0.962,12.49,35,-1.22,4.14,确认,是,54531.3,2024-02-29 00:00,63240.69,13,23.183,2.733,25.916,2.0x,,2.0x,46.366,5.466,51.832,止盈,2024
220,2024-02-20 16:00,做多,基准值,52132.64,587.87,1.133,17.29,4,0.03,1.68,弱突破,,,2024-02-20 16:00,52325.9,0,0.329,,0.329,2.0x,,2.0x,0.657,,0.657,弱突破平仓,2024
221,2024-02-20 00:00,做空,基准值,52023.4,606.76,1.163,18.58,4,-0.11,1.39,弱突破,,,2024-02-20 00:00,51851.6,0,0.283,,0.283,1.5x,,1.5x,0.425,,0.425,弱突破平仓,2024
222,2024-02-19 04:00,做多,基准值,52099.89,631.06,1.218,18.35,10,0.18,0.98,弱突破,,,2024-02-19 04:00,52163.06,0,0.1,,0.1,2.0x,,2.0x,0.2,,0.2,弱突破平仓,2024
223,2024-02-12 20:00,做多,基准值,48818.91,566.31,1.182,13.27,4658,-0.81,2.95,确认,是,49935.63,2024-02-13 20:00,48842.52,6,0.042,-0.649,-0.608,2.0x,,2.0x,0.083,-1.299,-1.216,KAMA跟踪止损,2024
224,2024-02-11 00:00,做多,基准值,47417.6,542.35,1.146,12.99,4,-0.06,0.46,弱突破,,,2024-02-11 00:00,47520.54,0,0.19,,0.19,2.0x,,2.0x,0.38,,0.38,弱突破平仓,2024
225,2024-02-05 00:00,做空,基准值,42708.9,435.51,1.015,3.96,12,0.21,0.83,弱突破,,,2024-02-05 00:00,42623.9,0,0.195,,0.195,1.5x,,1.5x,0.293,,0.293,弱突破平仓,2024
226,2024-01-31 20:00,做多,基准值,43089.3,523.47,1.228,3.77,3,-0.68,1.91,弱突破,,,2024-01-31 20:00,43348.2,0,0.495,,0.495,2.0x,,2.0x,0.989,,0.989,弱突破平仓,2024
227,2024-01-29 20:00,做多,基准值,42492.9,492.52,1.166,3.03,6,0.5,1.56,弱突破,,,2024-01-29 20:00,42628.46,0,0.275,,0.275,2.0x,,2.0x,0.55,,0.55,弱突破平仓,2024
228,2024-01-17 12:00,做空,基准值,42837.68,725.49,1.693,4.84,3,0.94,0.66,弱突破,,,2024-01-17 12:00,42657.93,0,0.248,,0.248,1.5x,,1.5x,0.372,,0.372,弱突破平仓,2024
229,2024-01-11 00:00,做多,基准值,46196.88,848.07,1.862,12.82,4,-1.26,1.85,弱突破,,,2024-01-11 00:00,46494.57,0,0.351,,0.351,2.0x,,2.0x,0.702,,0.702,弱突破平仓,2024
230,2024-01-03 16:00,做空,基准值,44645.09,578.28,1.284,14.59,8,0.08,2.64,确认,是,43002.55,2024-01-04 20:00,43550.42,7,1.893,-0.247,1.646,1.5x,,1.5x,2.839,-0.37,2.469,KAMA跟踪止损,2024
231,2024-01-01 20:00,做多,基准值,42809.31,488.72,1.144,9.47,6,0.99,0.65,弱突破,,,2024-01-01 20:00,42810.74,0,0.003,,0.003,2.0x,,2.0x,0.006,,0.006,弱突破平仓,2024
232,2023-12-30 20:00,做多,基准值,42245.49,544.2,1.298,8.12,5,-0.39,0.95,弱突破,,,2023-12-30 20:00,42413.41,0,0.309,,0.309,2.0x,,2.0x,0.617,,0.617,弱突破平仓,2023
233,2023-12-28 04:00,做多,基准值,43258.19,495.61,1.148,12.25,9,1.62,1.18,弱突破,,,2023-12-28 04:00,43453.22,0,0.394,,0.394,2.0x,,2.0x,0.787,,0.787,弱突破平仓,2023
234,2023-12-25 04:00,做空,基准值,43425.1,465.53,1.067,14.72,25,0.07,2.28,确认,,,2023-12-25 20:00,43343.33,4,0.176,,0.176,1.5x,,1.5x,0.263,,0.263,KAMA跟踪止损,2023
235,2023-12-20 12:00,做多,基准值,42671.45,596.87,1.406,13.6,3,-0.15,0.98,弱突破,,,2023-12-20 12:00,42950.1,0,0.467,,0.467,2.0x,,2.0x,0.934,,0.934,弱突破平仓,2023
236,2023-12-18 00:00,做多,基准值,42079.74,551.92,1.319,13.44,3,-0.28,1.43,弱突破,,,2023-12-18 00:00,42136.4,0,0.103,,0.103,2.0x,,2.0x,0.205,,0.205,弱突破平仓,2023
237,2023-12-13 20:00,做多,基准值,41523.35,657.34,1.602,13.25,5,-1.13,1.15,确认,是,42738.29,2023-12-14 20:00,42201.67,6,1.032,-0.287,0.745,2.0x,,2.0x,2.064,-0.573,1.491,KAMA跟踪止损,2023
238,2023-12-10 04:00,做空,基准值,43754.25,513.95,1.169,23.84,6,0.6,0.69,弱突破,,,2023-12-10 04:00,43734.4,0,0.039,,0.039,1.5x,,1.5x,0.058,,0.058,弱突破平仓,2023
239,2023-12-09 16:00,做空,基准值,43962.61,538.53,1.218,24.59,3,-0.59,0.87,弱突破,,,2023-12-09 16:00,43838.3,0,0.231,,0.231,1.5x,,1.5x,0.346,,0.346,弱突破平仓,2023
240,2023-12-05 20:00,做多,基准值,41993.44,492.01,1.179,20.99,3,-0.62,1.71,确认,是,43829.61,2023-12-07 16:00,43529.23,11,3.121,-0.129,2.992,2.0x,,2.0x,6.243,-0.258,5.985,KAMA跟踪止损,2023
241,2023-12-01 08:00,做多,基准值,37946.3,389.75,1.033,12.56,4,-0.42,0.96,弱突破,,,2023-12-01 08:00,38030.73,0,0.217,,0.217,2.0x,,2.0x,0.433,,0.433,弱突破平仓,2023
242,2023-11-28 20:00,做多,基准值,37338.0,371.8,0.998,12.01,8,0.04,1.84,弱突破,,,2023-11-28 20:00,37502.2,0,0.442,,0.442,2.0x,,2.0x,0.883,,0.883,弱突破平仓,2023
243,2023-11-18 20:00,做多,基准值,36622.9,517.6,1.421,14.14,3,-0.56,0.39,弱突破,,,2023-11-18 20:00,36671.97,0,0.095,,0.095,2.0x,,2.0x,0.19,,0.19,弱突破平仓,2023
244,2023-11-17 20:00,做空,基准值,36109.9,554.86,1.525,14.53,3,-0.58,1.23,弱突破,,,2023-11-17 20:00,36059.0,0,0.092,,0.092,1.5x,,1.5x,0.138,,0.138,弱突破平仓,2023
245,2023-11-14 20:00,做空,基准值,36226.4,410.69,1.132,15.89,27,0.54,3.51,弱突破,,,2023-11-14 20:00,36161.17,0,0.159,,0.159,1.5x,,1.5x,0.238,,0.238,弱突破平仓,2023
246,2023-11-13 08:00,做空,基准值,36959.7,409.92,1.105,19.5,4,-0.01,1.15,弱突破,,,2023-11-13 08:00,36937.19,0,0.055,,0.055,1.5x,,1.5x,0.082,,0.082,弱突破平仓,2023
247,2023-11-05 20:00,做空,基准值,34939.61,401.23,1.143,17.59,3,-0.09,1.06,弱突破,,,2023-11-05 20:00,34893.9,0,0.114,,0.114,1.5x,,1.5x,0.171,,0.171,弱突破平仓,2023
248,2023-11-05 04:00,做多,基准值,34875.7,416.81,1.2,16.92,11,-0.1,0.69,弱突破,,,2023-11-05 04:00,35070.26,0,0.467,,0.467,2.0x,,2.0x,0.934,,0.934,弱突破平仓,2023
249,2023-10-29 16:00,做多,基准值,34198.67,450.81,1.323,18.64,5,-0.1,0.75,弱突破,,,2023-10-29 16:00,34269.18,0,0.156,,0.156,2.0x,,2.0x,0.313,,0.313,弱突破平仓,2023
250,2023-10-26 16:00,做空,基准值,34257.37,678.54,1.958,22.71,5,0.21,0.64,弱突破,,,2023-10-26 16:00,34104.78,0,0.225,,0.225,1.5x,,1.5x,0.337,,0.337,弱突破平仓,2023
251,2023-10-23 04:00,做多,基准值,29979.1,330.99,1.11,8.26,3,0.1,0.55,弱突破,,,2023-10-23 04:00,29981.5,0,0.007,,0.007,2.0x,,2.0x,0.015,,0.015,弱突破平仓,2023
252,2023-10-06 12:00,做多,基准值,27607.6,276.06,1.002,1.23,3,0.02,0.55,弱突破,,,2023-10-06 12:00,27627.0,0,0.07,,0.07,2.0x,,2.0x,0.141,,0.141,弱突破平仓,2023
253,2023-10-02 04:00,做多,基准值,27277.3,193.14,0.713,-0.22,198,-0.01,3.08,确认,是,28117.4,2023-10-03 00:00,27889.96,5,3.172,-0.22,2.952,2.0x,,2.0x,6.344,-0.44,5.904,KAMA跟踪止损,2023
254,2023-09-21 16:00,做空,基准值,26911.61,276.31,1.024,-1.13,13,-0.23,1.43,确认,是,26436.08,2023-09-25 00:00,26643.09,20,0.972,-1.0,-0.028,1.5x,是,1.0x,0.972,-1.0,-0.028,KAMA跟踪止损,2023
255,2023-09-21 00:00,做空,基准值,26930.48,274.93,1.012,-0.52,6,-0.23,1.83,弱突破,,,2023-09-21 00:00,26917.04,0,0.049,,0.049,1.5x,是,1.0x,0.049,,0.049,弱突破平仓,2023
256,2023-09-19 16:00,做多,基准值,26869.2,241.12,0.898,-1.76,3,0.12,3.26,确认,是,27413.3,2023-09-20 12:00,26938.82,5,0.289,-0.604,-0.316,2.0x,是,1.5x,0.433,-0.906,-0.473,KAMA跟踪止损,2023
257,2023-09-18 08:00,做多,基准值,26587.81,207.64,0.783,-3.0,11,-0.15,1.97,弱突破,,,2023-09-18 08:00,26646.3,0,0.282,,0.282,2.0x,,2.0x,0.563,,0.563,弱突破平仓,2023
258,2023-09-14 20:00,做多,基准值,26535.8,292.84,1.108,-3.54,82,0.86,1.95,弱突破,,,2023-09-14 20:00,26679.0,0,0.489,,0.489,2.0x,是,1.5x,0.734,,0.734,弱突破平仓,2023
259,2023-09-13 16:00,做多,基准值,26149.9,291.52,1.127,-5.7,3,-0.72,1.02,弱突破,,,2023-09-13 16:00,26188.93,0,0.134,,0.134,2.0x,是,1.5x,0.201,,0.201,弱突破平仓,2023
260,2023-09-08 00:00,做多,基准值,25838.0,198.04,0.769,-7.09,5,-0.22,1.44,弱突破,,,2023-09-08 00:00,25874.2,0,0.183,,0.183,2.0x,,2.0x,0.366,,0.366,弱突破平仓,2023
261,2023-09-03 12:00,做多,基准值,25926.5,260.95,1.009,-7.54,3,-0.13,0.22,弱突破,,,2023-09-03 12:00,25941.09,0,0.056,,0.056,2.0x,,2.0x,0.112,,0.112,弱突破平仓,2023
262,2023-08-31 20:00,做空,基准值,27168.41,264.72,0.97,-3.03,11,-0.01,1.59,确认,是,26155.0,2023-09-02 20:00,25916.49,12,4.729,0.187,4.916,1.5x,,1.5x,7.094,0.28,7.374,KAMA跟踪止损,2023
263,2023-08-29 20:00,做多,基准值,26195.22,176.96,0.682,-8.04,69,-0.55,16.78,确认,是,27823.67,2023-08-30 20:00,27093.92,6,5.079,-0.404,4.674,2.0x,,2.0x,10.157,-0.808,9.349,KAMA跟踪止损,2023
264,2023-08-19 20:00,做多,基准值,26146.1,339.64,1.312,-10.35,3,-0.6,0.58,弱突破,,,2023-08-19 20:00,26201.33,0,0.163,,0.163,2.0x,,2.0x,0.325,,0.325,弱突破平仓,2023
265,2023-08-14 00:00,做多,基准值,29403.95,133.04,0.453,0.87,3,-0.14,0.92,弱突破,,,2023-08-14 00:00,29426.1,0,0.166,,0.166,2.0x,,2.0x,0.333,,0.333,弱突破平仓,2023
266,2023-08-07 20:00,做空,基准值,29007.36,162.34,0.558,0.16,15,-0.03,3.66,确认,,,2023-08-08 00:00,29169.7,1,-1.0,,-1.0,1.5x,,1.5x,-1.5,,-1.5,前3K止损,2023
267,2023-08-06 20:00,做空,基准值,29025.28,170.64,0.587,0.11,4,-0.03,0.66,弱突破,,,2023-08-06 20:00,29004.86,0,0.12,,0.12,1.5x,,1.5x,0.179,,0.179,弱突破平仓,2023
268,2023-08-05 00:00,做空,基准值,29120.53,219.39,0.75,0.77,7,-0.37,1.04,弱突破,,,2023-08-05 00:00,29023.7,0,0.441,,0.441,1.5x,,1.5x,0.662,,0.662,弱突破平仓,2023
269,2023-07-29 16:00,做空,基准值,29270.1,193.53,0.661,1.01,3,0.09,0.45,弱突破,,,2023-07-29 16:00,29254.0,0,0.083,,0.083,1.5x,,1.5x,0.125,,0.125,弱突破平仓,2023
270,2023-07-28 20:00,做多,基准值,29295.0,202.27,0.693,0.75,5,-0.06,2.39,弱突破,,,2023-07-28 20:00,29378.4,0,0.412,,0.412,2.0x,,2.0x,0.825,,0.825,弱突破平仓,2023
271,2023-07-27 20:00,做空,基准值,29286.37,216.43,0.734,1.8,3,-0.53,1.15,弱突破,,,2023-07-27 20:00,29284.11,0,0.01,,0.01,1.5x,,1.5x,0.016,,0.016,弱突破平仓,2023
272,2023-07-24 00:00,做多,基准值,29972.6,203.45,0.681,3.27,18,0.17,2.34,确认,,,2023-07-24 08:00,29769.15,2,-1.0,,-1.0,2.0x,,2.0x,-2.0,,-2.0,前3K止损,2023
273,2023-07-23 12:00,做多,基准值,29893.35,220.77,0.74,3.1,4,-0.16,0.82,弱突破,,,2023-07-23 12:00,29902.9,0,0.043,,0.043,2.0x,,2.0x,0.087,,0.087,弱突破平仓,2023
274,2023-07-20 20:00,做空,基准值,29868.3,269.71,0.891,4.93,5,-1.27,2.63,弱突破,,,2023-07-20 20:00,29794.44,0,0.274,,0.274,1.5x,,1.5x,0.411,,0.411,弱突破平仓,2023
275,2023-07-20 12:00,做多,基准值,30087.1,268.07,0.895,3.76,12,-0.01,1.06,弱突破,,,2023-07-20 12:00,30195.6,0,0.405,,0.405,2.0x,,2.0x,0.809,,0.809,弱突破平仓,2023
276,2023-07-19 08:00,做多,基准值,30006.48,283.93,0.951,3.67,3,-0.08,1.05,弱突破,,,2023-07-19 08:00,30047.9,0,0.146,,0.146,2.0x,,2.0x,0.292,,0.292,弱突破平仓,2023
277,2023-07-18 16:00,做空,基准值,29872.98,279.91,0.935,4.03,3,-0.23,1.75,弱突破,,,2023-07-18 16:00,29872.0,0,0.003,,0.003,1.5x,,1.5x,0.005,,0.005,弱突破平仓,2023
278,2023-07-16 08:00,做空,基准值,30240.84,313.32,1.035,5.57,6,0.07,0.59,弱突破,,,2023-07-16 08:00,30174.0,0,0.213,,0.213,1.5x,,1.5x,0.32,,0.32,弱突破平仓,2023
279,2023-07-12 12:00,做多,基准值,30680.9,284.93,0.932,7.3,3,-0.01,1.07,弱突破,,,2023-07-12 12:00,30730.0,0,0.172,,0.172,2.0x,,2.0x,0.345,,0.345,弱突破平仓,2023
280,2023-07-10 20:00,做多,基准值,30233.7,253.87,0.84,6.48,4,0.25,1.82,弱突破,,,2023-07-10 20:00,30302.59,0,0.271,,0.271,2.0x,,2.0x,0.543,,0.543,弱突破平仓,2023
281,2023-07-09 00:00,做空,基准值,30136.63,304.34,1.008,6.8,6,0.21,0.45,弱突破,,,2023-07-09 00:00,30101.37,0,0.116,,0.116,1.5x,,1.5x,0.174,,0.174,弱突破平仓,2023
282,2023-07-03 20:00,做多,基准值,30792.9,305.8,0.999,9.53,17,0.02,1.75,确认,是,31252.9,2023-07-04 16:00,30865.58,5,0.238,-0.506,-0.268,2.0x,,2.0x,0.475,-1.012,-0.536,KAMA跟踪止损,2023
283,2023-06-30 20:00,做空,基准值,30344.04,379.15,1.227,11.55,8,-1.52,4.83,确认,,,2023-07-01 08:00,30391.3,3,-0.125,,-0.125,1.5x,,1.5x,-0.187,,-0.187,3K收盘认赔,2023
284,2023-06-13 20:00,做空,基准值,25812.8,288.51,1.102,-2.68,4,-1.11,2.84,弱突破,,,2023-06-13 20:00,25751.0,0,0.214,,0.214,1.5x,,1.5x,0.321,,0.321,弱突破平仓,2023
285,2023-06-13 08:00,做多,基准值,25983.2,297.67,1.149,-3.85,3,-0.3,1.13,弱突破,,,2023-06-13 08:00,26054.7,0,0.24,,0.24,2.0x,,2.0x,0.48,,0.48,弱突破平仓,2023
286,2023-06-10 00:00,做空,基准值,26414.57,325.51,1.23,-2.08,3,0.03,0.49,弱突破,,,2023-06-10 00:00,26399.0,0,0.048,,0.048,1.5x,,1.5x,0.072,,0.072,弱突破平仓,2023
287,2023-06-05 04:00,做空,基准值,27111.47,231.21,0.85,0.33,3,-0.23,1.83,弱突破,,,2023-06-05 04:00,27108.69,0,0.012,,0.012,1.5x,,1.5x,0.018,,0.018,弱突破平仓,2023
288,2023-06-04 00:00,做空,基准值,27100.9,264.89,0.97,0.67,5,-0.62,0.87,弱突破,,,2023-06-04 00:00,27085.0,0,0.06,,0.06,1.5x,,1.5x,0.09,,0.09,弱突破平仓,2023
289,2023-06-03 20:00,做多,基准值,27233.85,268.01,0.988,0.01,14,-0.41,0.56,弱突破,,,2023-06-03 20:00,27299.62,0,0.245,,0.245,2.0x,,2.0x,0.491,,0.491,弱突破平仓,2023
290,2023-05-31 12:00,做空,基准值,27546.18,278.2,1.006,1.92,15,0.07,2.51,确认,是,27087.9,2023-06-02 12:00,27138.67,12,1.465,-0.069,1.396,1.5x,,1.5x,2.197,-0.103,2.094,KAMA跟踪止损,2023
291,2023-05-23 08:00,做多,基准值,27092.22,232.9,0.868,-1.01,26,0.08,2.9,确认,,,2023-05-24 00:00,27100.27,4,0.035,,0.035,2.0x,,2.0x,0.069,,0.069,KAMA跟踪止损,2023
292,2023-05-21 16:00,做空,基准值,26956.44,246.09,0.91,-0.29,7,0.03,1.12,确认,,,2023-05-22 20:00,26956.44,7,0.0,,0.0,1.5x,,1.5x,0.0,,0.0,KAMA跟踪止损,2023
293,2023-05-18 00:00,做多,基准值,27092.4,309.08,1.154,-1.34,10,-0.98,2.01,确认,,,2023-05-18 20:00,27092.4,5,0.0,,0.0,2.0x,,2.0x,0.0,,0.0,KAMA跟踪止损,2023
294,2023-05-17 12:00,做空,基准值,26871.6,308.62,1.141,-0.37,12,-0.09,0.94,弱突破,,,2023-05-17 12:00,26834.91,0,0.119,,0.119,1.5x,,1.5x,0.178,,0.178,弱突破平仓,2023
295,2023-05-10 20:00,做多,基准值,27829.83,350.67,1.268,1.76,13,0.18,3.08,确认,,,2023-05-11 00:00,27479.16,1,-1.0,,-1.0,2.0x,,2.0x,-2.0,,-2.0,前3K止损,2023
296,2023-05-08 04:00,做空,基准值,28713.25,367.4,1.272,6.44,7,0.0,0.87,确认,是,27961.84,2023-05-10 04:00,27760.39,12,2.594,0.18,2.774,1.5x,,1.5x,3.89,0.27,4.16,KAMA跟踪止损,2023
297,2023-04-28 16:00,做空,基准值,29262.83,558.02,1.893,10.62,3,0.63,0.6,弱突破,,,2023-04-28 16:00,29231.3,0,0.057,,0.057,1.5x,,1.5x,0.085,,0.085,弱突破平仓,2023
298,2023-04-24 08:00,做多,基准值,27728.0,346.28,1.256,4.69,5,-0.2,1.23,弱突破,,,2023-04-24 08:00,27780.0,0,0.15,,0.15,2.0x,,2.0x,0.3,,0.3,弱突破平仓,2023
299,2023-04-22 00:00,做空,基准值,27811.78,381.01,1.359,6.74,106,0.97,2.03,确认,,,2023-04-22 20:00,27516.08,5,0.776,,0.776,1.5x,,1.5x,1.164,,1.164,KAMA跟踪止损,2023
300,2023-04-20 04:00,做空,基准值,29036.01,347.69,1.19,11.61,54,2.83,1.97,确认,是,28491.5,2023-04-21 20:00,28288.51,10,2.15,0.373,2.523,1.5x,,1.5x,3.225,0.559,3.784,KAMA跟踪止损,2023
301,2023-04-17 08:00,做空,基准值,30150.0,273.39,0.903,17.06,23,-0.24,1.99,确认,是,29562.2,2023-04-18 12:00,29674.15,7,1.741,-0.13,1.611,1.5x,,1.5x,2.611,-0.195,2.416,KAMA跟踪止损,2023
302,2023-04-14 20:00,做空,基准值,30297.05,335.75,1.09,20.19,3,-1.41,2.03,弱突破,,,2023-04-14 20:00,30232.86,0,0.191,,0.191,1.5x,,1.5x,0.287,,0.287,弱突破平仓,2023
303,2023-04-14 08:00,做多,基准值,30579.32,332.71,1.096,19.18,1851,0.71,1.43,弱突破,,,2023-04-14 08:00,30684.6,0,0.316,,0.316,2.0x,,2.0x,0.633,,0.633,弱突破平仓,2023
304,2023-04-10 20:00,做多,基准值,28417.9,251.28,0.888,12.91,3,-0.05,2.41,弱突破,,,2023-04-10 20:00,28427.7,0,0.039,,0.039,2.0x,,2.0x,0.078,,0.078,弱突破平仓,2023
305,2023-04-10 00:00,做多,基准值,28055.0,254.82,0.914,11.83,8,-0.49,1.76,弱突破,,,2023-04-10 00:00,28128.8,0,0.29,,0.29,2.0x,,2.0x,0.579,,0.579,弱突破平仓,2023
306,2023-04-08 08:00,做多,基准值,27976.8,319.32,1.145,12.74,4,0.23,0.44,弱突破,,,2023-04-08 08:00,28007.47,0,0.096,,0.096,2.0x,,2.0x,0.192,,0.192,弱突破平仓,2023
307,2023-04-05 20:00,做空,基准值,28087.6,386.44,1.354,16.27,4,-1.37,2.51,弱突破,,,2023-04-05 20:00,28015.21,0,0.187,,0.187,1.5x,,1.5x,0.281,,0.281,弱突破平仓,2023
308,2023-04-05 08:00,做多,基准值,28389.83,396.76,1.409,15.18,18,-0.42,1.62,弱突破,,,2023-04-05 08:00,28536.7,0,0.37,,0.37,2.0x,,2.0x,0.74,,0.74,弱突破平仓,2023
309,2023-04-03 16:00,做多,基准值,28197.6,378.05,1.353,14.82,4,0.04,2.54,弱突破,,,2023-04-03 16:00,28243.3,0,0.121,,0.121,2.0x,,2.0x,0.242,,0.242,弱突破平仓,2023
310,2023-03-31 20:00,做多,基准值,28361.5,479.69,1.718,16.33,5,-0.35,1.97,弱突破,,,2023-03-31 20:00,28488.6,0,0.265,,0.265,2.0x,,2.0x,0.53,,0.53,弱突破平仓,2023
311,2023-03-29 12:00,做多,基准值,27490.2,470.86,1.721,15.19,13,1.36,1.8,确认,是,28347.71,2023-03-30 20:00,28371.16,8,1.871,0.018,1.889,2.0x,,2.0x,3.742,0.035,3.777,KAMA跟踪止损,2023
312,2023-03-25 04:00,做空,基准值,27484.23,620.23,2.23,20.12,7,1.62,0.88,弱突破,,,2023-03-25 04:00,27440.1,0,0.071,,0.071,1.0x,,1.0x,0.071,,0.071,弱突破平仓,2023
313,2023-03-06 20:00,做多,基准值,22496.41,232.55,1.04,2.6,8,-0.22,1.52,弱突破,,,2023-03-06 20:00,22543.6,0,0.203,,0.203,2.0x,,2.0x,0.406,,0.406,弱突破平仓,2023
314,2023-03-03 08:00,做空,基准值,23191.37,305.63,1.303,7.93,93,-0.2,3.06,确认,是,22349.5,2023-03-05 08:00,22370.67,12,2.685,-0.018,2.667,1.5x,,1.5x,4.028,-0.028,4.0,KAMA跟踪止损,2023
315,2023-03-02 00:00,做空,基准值,23416.04,327.52,1.382,9.31,3,-1.16,1.1,弱突破,,,2023-03-02 00:00,23342.0,0,0.226,,0.226,1.5x,,1.5x,0.339,,0.339,弱突破平仓,2023
316,2023-03-01 12:00,做多,基准值,23592.2,324.34,1.384,8.06,9,-0.34,1.51,弱突破,,,2023-03-01 12:00,23709.6,0,0.362,,0.362,2.0x,,2.0x,0.724,,0.724,弱突破平仓,2023
317,2023-03-01 04:00,做空,基准值,23197.64,316.75,1.362,7.5,5,-0.12,1.34,弱突破,,,2023-03-01 04:00,23119.4,0,0.247,,0.247,1.5x,,1.5x,0.371,,0.371,弱突破平仓,2023
318,2023-02-23 08:00,做多,基准值,24230.14,407.11,1.684,13.5,5,0.07,0.87,确认,,,2023-02-23 16:00,23823.03,2,-1.0,,-1.0,2.0x,,2.0x,-2.0,,-2.0,前3K止损,2023
319,2023-02-22 20:00,做空,基准值,23858.21,394.17,1.632,13.42,30,1.17,1.68,弱突破,,,2023-02-22 20:00,23710.2,0,0.375,,0.375,1.5x,,1.5x,0.563,,0.563,弱突破平仓,2023
320,2023-02-20 16:00,做多,基准值,24572.7,383.64,1.566,16.0,3,-0.05,1.67,确认,,,2023-02-21 16:00,24645.68,6,0.19,,0.19,2.0x,,2.0x,0.38,,0.38,KAMA跟踪止损,2023
321,2023-02-17 20:00,做多,基准值,23906.96,398.86,1.677,14.32,3,1.12,1.73,确认,是,24526.38,2023-02-18 12:00,24487.05,4,1.454,-0.039,1.416,2.0x,,2.0x,2.909,-0.077,2.832,KAMA跟踪止损,2023
322,2023-02-05 20:00,做空,基准值,23233.87,246.9,1.057,16.66,22,-0.15,1.69,确认,,,2023-02-07 00:00,23058.91,7,0.709,,0.709,1.5x,,1.5x,1.063,,1.063,KAMA跟踪止损,2023
323,2023-02-03 20:00,做多,基准值,23589.4,307.89,1.308,18.62,3,0.19,2.26,弱突破,,,2023-02-03 20:00,23601.1,0,0.038,,0.038,2.0x,,2.0x,0.076,,0.076,弱突破平仓,2023
324,2023-02-02 00:00,做多,基准值,23160.4,285.25,1.241,17.08,13,-0.65,2.72,确认,是,23729.88,2023-02-02 20:00,23554.55,5,1.382,-0.205,1.177,2.0x,,2.0x,2.764,-0.41,2.353,KAMA跟踪止损,2023
325,2023-01-18 20:00,做空,基准值,21109.16,312.77,1.475,17.79,8,-0.35,3.22,弱突破,,,2023-01-18 20:00,21036.5,0,0.232,,0.232,1.5x,,1.5x,0.348,,0.348,弱突破平仓,2023
326,2023-01-17 00:00,做多,基准值,21255.49,335.96,1.6,17.8,3,-0.38,1.02,弱突破,,,2023-01-17 00:00,21316.7,0,0.182,,0.182,2.0x,,2.0x,0.364,,0.364,弱突破平仓,2023
327,2023-01-06 12:00,做空,基准值,16796.4,87.39,0.519,-3.58,3,0.06,0.61,弱突破,,,2023-01-06 12:00,16786.54,0,0.113,,0.113,1.5x,,1.5x,0.169,,0.169,弱突破平仓,2023
328,2023-01-04 08:00,做多,基准值,16764.9,84.93,0.51,-4.78,45,-0.29,2.46,确认,,,2023-01-05 20:00,16767.1,9,0.026,,0.026,2.0x,,2.0x,0.052,,0.052,KAMA跟踪止损,2023
329,2023-01-01 04:00,做空,基准值,16538.38,92.38,0.558,-5.78,3,0.0,0.76,弱突破,,,2023-01-01 04:00,16537.5,0,0.01,,0.01,1.5x,是,1.0x,0.01,,0.01,弱突破平仓,2022
330,2022-12-27 04:00,做多,基准值,16863.64,90.1,0.535,-5.06,19,-0.01,1.04,确认,,,2022-12-27 16:00,16823.78,3,-0.442,,-0.442,2.0x,,2.0x,-0.885,,-0.885,3K收盘认赔,2022
331,2022-12-26 08:00,做多,基准值,16850.0,96.58,0.574,-5.24,14,0.06,0.91,弱突破,,,2022-12-26 08:00,16887.1,0,0.384,,0.384,2.0x,,2.0x,0.768,,0.768,弱突破平仓,2022
332,2022-12-15 20:00,做空,基准值,17566.04,171.6,0.969,-2.07,11,0.52,1.81,确认,是,17018.6,2022-12-19 04:00,16795.85,20,4.488,0.407,4.895,1.5x,,1.5x,6.732,0.61,7.343,KAMA跟踪止损,2022
333,2022-12-13 16:00,做多,基准值,17234.66,111.89,0.652,-5.29,190,0.72,3.3,确认,是,17749.5,2022-12-15 00:00,17838.67,8,5.398,0.142,5.54,2.0x,,2.0x,10.796,0.285,11.081,KAMA跟踪止损,2022
334,2022-12-07 12:00,做空,基准值,16904.61,148.61,0.873,-6.88,38,-0.26,1.6,确认,,,2022-12-08 20:00,16904.61,8,0.0,,0.0,1.5x,,1.5x,0.0,,0.0,KAMA跟踪止损,2022
335,2022-12-07 04:00,做多,基准值,17034.1,150.21,0.885,-7.39,4,-0.17,0.88,弱突破,,,2022-12-07 04:00,17078.65,0,0.297,,0.297,2.0x,,2.0x,0.593,,0.593,弱突破平仓,2022
336,2022-12-05 00:00,做多,基准值,17060.3,150.33,0.883,-7.45,9,0.42,1.69,弱突破,,,2022-12-05 00:00,17077.7,0,0.116,,0.116,2.0x,,2.0x,0.231,,0.231,弱突破平仓,2022
337,2022-12-04 04:00,做空,基准值,16887.0,155.6,0.918,-8.06,7,0.06,0.62,弱突破,,,2022-12-04 04:00,16878.21,0,0.057,,0.057,1.5x,,1.5x,0.085,,0.085,弱突破平仓,2022
338,2022-11-29 12:00,做多,基准值,16385.66,179.0,1.1,-12.49,6,0.88,1.83,弱突破,,,2022-11-29 12:00,16456.5,0,0.396,,0.396,2.0x,,2.0x,0.791,,0.791,弱突破平仓,2022
339,2022-11-28 04:00,做空,基准值,16506.2,166.2,1.004,-11.68,5,0.05,1.22,确认,是,16169.63,2022-11-29 00:00,16338.01,5,1.012,-0.335,0.677,1.5x,,1.5x,1.518,-0.502,1.016,KAMA跟踪止损,2022
340,2022-11-23 08:00,做多,基准值,16296.86,266.56,1.644,-14.99,12,3.02,1.39,确认,是,16704.66,2022-11-25 12:00,16434.7,13,0.517,-0.665,-0.148,2.0x,,2.0x,1.034,-1.33,-0.296,KAMA跟踪止损,2022
341,2022-11-21 04:00,做空,基准值,16458.5,221.95,1.339,-13.9,35,0.77,2.27,确认,是,16068.8,2022-11-22 20:00,15931.36,10,2.375,0.225,2.6,1.5x,,1.5x,3.563,0.337,3.9,KAMA跟踪止损,2022
342,2022-11-20 16:00,做空,基准值,16619.0,232.1,1.389,-13.23,15,-0.55,1.72,弱突破,,,2022-11-20 16:00,16517.5,0,0.437,,0.437,1.5x,,1.5x,0.656,,0.656,弱突破平仓,2022
343,2022-11-16 16:00,做空,基准值,16734.14,428.32,2.547,-14.14,3,0.18,0.94,弱突破,,,2022-11-16 16:00,16694.6,0,0.092,,0.092,1.0x,,1.0x,0.092,,0.092,弱突破平仓,2022
344,2022-11-14 12:00,做多,基准值,16614.2,467.3,2.897,-18.32,5,-2.64,2.46,弱突破,,,2022-11-14 12:00,16818.7,0,0.438,,0.438,1.0x,,1.0x,0.438,,0.438,弱突破平仓,2022
345,2022-11-14 04:00,做空,基准值,16437.87,472.89,2.857,-16.57,20,1.27,0.65,弱突破,,,2022-11-14 04:00,16323.17,0,0.243,,0.243,1.0x,,1.0x,0.243,,0.243,弱突破平仓,2022
346,2022-11-11 20:00,做空,基准值,16885.68,644.91,3.719,-13.44,5,1.43,1.16,弱突破,,,2022-11-11 20:00,16863.89,0,0.034,,0.034,1.0x,,1.0x,0.034,,0.034,弱突破平仓,2022
347,2022-11-09 16:00,做空,基准值,17819.82,472.21,2.591,-9.74,3,0.1,2.45,弱突破,,,2022-11-09 16:00,17801.4,0,0.039,,0.039,1.0x,,1.0x,0.039,,0.039,弱突破平仓,2022
348,2022-11-01 20:00,做空,基准值,20436.82,237.05,1.156,1.03,3,-0.15,1.47,弱突破,,,2022-11-01 20:00,20436.49,0,0.001,,0.001,1.5x,,1.5x,0.002,,0.002,弱突破平仓,2022
349,2022-10-31 20:00,做空,基准值,20422.19,240.34,1.16,2.08,17,-0.52,2.38,弱突破,,,2022-10-31 20:00,20386.9,0,0.147,,0.147,1.5x,,1.5x,0.22,,0.22,弱突破平仓,2022
350,2022-10-24 00:00,做多,基准值,19214.0,146.95,0.766,-5.4,30,-0.04,1.98,确认,是,19562.19,2022-10-24 16:00,19317.34,4,0.703,-0.494,0.209,2.0x,,2.0x,1.406,-0.989,0.417,KAMA跟踪止损,2022
351,2022-10-21 20:00,做多,基准值,19123.1,187.66,0.991,-6.87,4,-0.53,3.28,弱突破,,,2022-10-21 20:00,19155.5,0,0.173,,0.173,2.0x,,2.0x,0.345,,0.345,弱突破平仓,2022
352,2022-10-21 16:00,做空,基准值,18943.92,190.65,1.002,-6.45,7,0.19,0.92,弱突破,,,2022-10-21 16:00,18934.2,0,0.051,,0.051,1.5x,,1.5x,0.076,,0.076,弱突破平仓,2022
353,2022-10-20 08:00,做空,基准值,19077.96,199.51,1.044,-6.3,24,0.39,1.0,弱突破,,,2022-10-20 08:00,19037.09,0,0.205,,0.205,1.5x,,1.5x,0.307,,0.307,弱突破平仓,2022
354,2022-10-10 16:00,做空,基准值,19364.38,201.89,1.041,-6.48,6,0.3,2.33,弱突破,,,2022-10-10 16:00,19323.3,0,0.203,,0.203,1.5x,,1.5x,0.305,,0.305,弱突破平仓,2022
355,2022-10-02 16:00,做空,基准值,19201.4,323.03,1.676,-8.3,5,-0.11,0.8,弱突破,,,2022-10-02 16:00,19183.48,0,0.055,,0.055,1.5x,,1.5x,0.083,,0.083,弱突破平仓,2022
356,2022-09-30 20:00,做多,基准值,19692.6,391.23,2.013,-8.05,9,-0.78,2.62,弱突破,,,2022-09-30 20:00,19746.3,0,0.137,,0.137,1.0x,,1.0x,0.137,,0.137,弱突破平仓,2022
357,2022-09-28 20:00,做多,基准值,19227.5,417.97,2.206,-10.73,4,-0.64,1.83,确认,,,2022-09-29 12:00,19648.08,4,1.006,,1.006,1.0x,,1.0x,1.006,,1.006,KAMA跟踪止损,2022
358,2022-09-27 08:00,做多,基准值,19269.55,333.92,1.738,-9.97,53,1.87,2.88,确认,是,20175.8,2022-09-28 00:00,19735.91,4,1.397,-0.355,1.042,2.0x,,2.0x,2.793,-0.709,2.084,KAMA跟踪止损,2022
359,2022-09-25 04:00,做空,基准值,18934.31,382.27,2.002,-11.1,5,-0.58,0.52,弱突破,,,2022-09-25 04:00,18911.83,0,0.059,,0.059,1.0x,,1.0x,0.059,,0.059,弱突破平仓,2022
360,2022-09-23 16:00,做空,基准值,19156.18,426.86,2.221,-10.85,3,0.44,0.96,确认,,,2022-09-24 04:00,19284.31,3,-0.3,,-0.3,1.0x,,1.0x,-0.3,,-0.3,3K收盘认赔,2022
361,2022-09-18 16:00,做空,基准值,19935.49,324.35,1.618,-8.62,4,-0.2,1.23,弱突破,,,2022-09-18 16:00,19915.5,0,0.062,,0.062,1.5x,,1.5x,0.092,,0.092,弱突破平仓,2022
362,2022-09-17 08:00,做多,基准值,19863.1,389.11,1.966,-10.27,3,-0.31,0.68,弱突破,,,2022-09-17 08:00,19874.9,0,0.03,,0.03,2.0x,,2.0x,0.061,,0.061,弱突破平仓,2022
363,2022-09-13 20:00,做空,基准值,22061.44,377.78,1.678,1.2,24,-0.6,4.93,确认,是,20275.1,2022-09-17 00:00,19414.06,19,7.008,0.398,7.406,1.5x,,1.5x,10.511,0.597,11.108,止盈,2022
364,2022-09-04 12:00,做空,基准值,19651.57,285.51,1.444,-13.11,14,-0.01,0.47,弱突破,,,2022-09-04 12:00,19628.78,0,0.08,,0.08,1.5x,,1.5x,0.12,,0.12,弱突破平仓,2022
365,2022-09-02 04:00,做多,基准值,20112.6,350.82,1.767,-13.66,3,-0.14,0.76,弱突破,,,2022-09-02 04:00,20122.5,0,0.028,,0.028,2.0x,,2.0x,0.056,,0.056,弱突破平仓,2022
366,2022-08-29 20:00,做多,基准值,19938.51,301.02,1.519,-14.86,12,1.36,2.22,确认,是,20424.15,2022-08-30 20:00,19967.79,6,0.097,-0.94,-0.842,2.0x,,2.0x,0.195,-1.879,-1.685,KAMA跟踪止损,2022
367,2022-08-24 20:00,做多,基准值,21541.67,336.68,1.571,-9.68,3,-0.4,1.11,弱突破,,,2022-08-24 20:00,21596.51,0,0.163,,0.163,2.0x,,2.0x,0.326,,0.326,弱突破平仓,2022
368,2022-08-24 08:00,做空,基准值,21324.35,345.43,1.606,-9.58,4,-0.33,0.98,弱突破,,,2022-08-24 08:00,21253.22,0,0.206,,0.206,1.5x,,1.5x,0.309,,0.309,弱突破平仓,2022
369,2022-08-21 00:00,做空,基准值,21071.4,383.19,1.799,-11.28,3,-0.77,1.01,弱突破,,,2022-08-21 00:00,20979.48,0,0.24,,0.24,1.5x,,1.5x,0.36,,0.36,弱突破平仓,2022
370,2022-08-15 08:00,做多,基准值,24578.5,358.22,1.475,0.19,3,-1.06,2.3,确认,,,2022-08-15 12:00,24220.28,1,-1.0,,-1.0,2.0x,是,1.5x,-1.5,,-1.5,前3K止损,2022
371,2022-08-12 00:00,做空,基准值,24280.41,401.38,1.649,0.42,3,-0.1,0.92,弱突破,,,2022-08-12 00:00,24204.8,0,0.188,,0.188,1.5x,,1.5x,0.283,,0.283,弱突破平仓,2022
372,2022-08-03 16:00,做多,基准值,23135.4,437.42,1.904,-6.07,3,0.15,1.48,确认,,,2022-08-04 04:00,22804.24,3,-0.757,,-0.757,2.0x,,2.0x,-1.514,,-1.514,3K收盘认赔,2022
373,2022-07-25 08:00,做空,基准值,22442.09,495.98,2.197,-9.57,33,0.35,1.44,确认,是,21294.17,2022-07-27 04:00,21123.4,11,2.659,0.149,2.808,1.0x,,1.0x,2.659,0.149,2.808,KAMA跟踪止损,2022
374,2022-07-23 16:00,做空,基准值,22500.3,556.07,2.443,-9.05,22,-0.76,1.09,弱突破,,,2022-07-23 16:00,22226.3,0,0.493,,0.493,1.0x,,1.0x,0.493,,0.493,弱突破平仓,2022
375,2022-07-23 00:00,做空,基准值,22803.4,587.1,2.521,-7.25,6,-1.65,1.01,弱突破,,,2022-07-23 00:00,22593.88,0,0.357,,0.357,1.0x,,1.0x,0.357,,0.357,弱突破平仓,2022
376,2022-07-22 00:00,做多,基准值,23082.5,619.29,2.736,-10.08,3,-0.6,0.95,弱突破,,,2022-07-22 00:00,23185.8,0,0.167,,0.167,1.0x,,1.0x,0.167,,0.167,弱突破平仓,2022
377,2022-07-16 20:00,做多,基准值,20851.4,414.44,2.011,-19.4,3,-1.06,0.74,弱突破,,,2022-07-16 20:00,20935.8,0,0.204,,0.204,1.0x,,1.0x,0.204,,0.204,弱突破平仓,2022
378,2022-07-10 20:00,做空,基准值,21143.92,419.88,1.972,-19.75,16,1.32,1.1,确认,是,20430.87,2022-07-12 00:00,20635.58,7,1.211,-0.322,0.889,1.5x,,1.5x,1.816,-0.483,1.333,KAMA跟踪止损,2022
379,2022-07-10 08:00,做空,基准值,21378.0,441.44,2.046,-19.18,8,-0.7,0.77,弱突破,,,2022-07-10 08:00,21292.9,0,0.193,,0.193,1.0x,,1.0x,0.193,,0.193,弱突破平仓,2022
380,2022-07-05 16:00,做空,基准值,19738.0,408.11,2.02,-26.11,4,-1.93,2.05,确认,,,2022-07-06 00:00,20146.11,2,-1.0,,-1.0,1.0x,,1.0x,-1.0,,-1.0,前3K止损,2022
381,2022-07-04 16:00,做多,基准值,19636.75,391.38,2.047,-30.64,19,-1.9,1.62,弱突破,,,2022-07-04 16:00,19801.96,0,0.422,,0.422,1.0x,,1.0x,0.422,,0.422,弱突破平仓,2022
382,2022-07-04 00:00,做多,基准值,19353.87,406.55,2.135,-31.44,10,-1.13,0.68,弱突破,,,2022-07-04 00:00,19486.32,0,0.326,,0.326,1.0x,,1.0x,0.326,,0.326,弱突破平仓,2022
383,2022-07-02 08:00,做空,基准值,19129.89,510.97,2.652,-31.85,3,-0.47,0.55,弱突破,,,2022-07-02 08:00,19121.96,0,0.016,,0.016,1.0x,,1.0x,0.016,,0.016,弱突破平仓,2022
384,2022-06-28 16:00,做多,基准值,20951.4,460.88,2.208,-28.11,4,0.12,1.45,弱突破,,,2022-06-28 16:00,20987.9,0,0.079,,0.079,1.0x,,1.0x,0.079,,0.079,弱突破平仓,2022
385,2022-06-27 20:00,做空,基准值,20919.37,481.98,2.263,-27.28,18,-1.26,2.32,弱突破,,,2022-06-27 20:00,20747.16,0,0.357,,0.357,1.0x,,1.0x,0.357,,0.357,弱突破平仓,2022
386,2022-06-26 16:00,做多,基准值,21578.79,535.6,2.504,-27.58,28,0.92,0.71,弱突破,,,2022-06-26 16:00,21697.72,0,0.222,,0.222,1.0x,,1.0x,0.222,,0.222,弱突破平仓,2022
387,2022-06-25 20:00,做空,基准值,21119.2,596.82,2.798,-28.38,4,-0.46,0.96,弱突破,,,2022-06-25 20:00,20958.25,0,0.27,,0.27,1.0x,,1.0x,0.27,,0.27,弱突破平仓,2022
388,2022-06-21 12:00,做多,基准值,20814.8,862.7,4.187,-33.2,22,-0.98,0.91,弱突破,,,2022-06-21 12:00,21109.86,0,0.342,,0.342,1.0x,,1.0x,0.342,,0.342,弱突破平仓,2022
389,2022-06-19 16:00,做多,基准值,19457.08,889.07,4.859,-41.82,6,1.33,1.66,弱突破,,,2022-06-19 16:00,19683.6,0,0.255,,0.255,1.0x,,1.0x,0.255,,0.255,弱突破平仓,2022
390,2022-06-16 16:00,做空,基准值,21448.72,998.99,4.592,-33.0,3,-0.56,0.86,弱突破,,,2022-06-16 16:00,21036.69,0,0.412,,0.412,1.0x,,1.0x,0.412,,0.412,弱突破平仓,2022
391,2022-06-11 16:00,做空,基准值,28956.56,518.65,1.77,-13.71,85,-1.2,1.65,弱突破,,,2022-06-11 16:00,28729.99,0,0.437,,0.437,1.5x,,1.5x,0.655,,0.655,弱突破平仓,2022
392,2022-06-10 20:00,做空,基准值,29586.37,534.35,1.781,-12.07,17,0.3,2.4,弱突破,,,2022-06-10 20:00,29446.33,0,0.262,,0.262,1.5x,,1.5x,0.393,,0.393,弱突破平仓,2022
393,2022-06-03 16:00,做空,基准值,30220.15,512.27,1.683,-13.03,4,-0.55,1.3,确认,,,2022-06-06 00:00,30120.54,14,0.194,,0.194,1.5x,,1.5x,0.292,,0.292,KAMA跟踪止损,2022
394,2022-06-01 12:00,做空,基准值,31578.66,522.09,1.651,-10.36,3,1.31,0.75,弱突破,,,2022-06-01 12:00,31473.6,0,0.201,,0.201,1.5x,,1.5x,0.302,,0.302,弱突破平仓,2022
395,2022-05-29 16:00,做多,基准值,29142.85,467.94,1.614,-18.67,4,-0.04,0.75,弱突破,,,2022-05-29 16:00,29198.87,0,0.12,,0.12,2.0x,,2.0x,0.239,,0.239,弱突破平仓,2022
396,2022-05-14 16:00,做空,基准值,29196.49,1186.68,4.034,-24.42,7,2.18,0.4,弱突破,,,2022-05-14 16:00,29055.5,0,0.119,,0.119,1.0x,,1.0x,0.119,,0.119,弱突破平仓,2022
397,2022-05-14 00:00,做空,基准值,30160.23,1287.94,4.248,-22.6,3,0.79,0.74,弱突破,,,2022-05-14 00:00,30069.67,0,0.07,,0.07,1.0x,,1.0x,0.07,,0.07,弱突破平仓,2022
398,2022-04-19 20:00,做多,基准值,41249.8,588.44,1.447,-4.06,32,-0.27,2.25,弱突破,,,2022-04-19 20:00,41440.0,0,0.323,,0.323,2.0x,,2.0x,0.646,,0.646,弱突破平仓,2022
399,2022-04-14 16:00,做空,基准值,40979.72,676.5,1.64,-3.34,3,-0.51,0.63,弱突破,,,2022-04-14 16:00,40909.9,0,0.103,,0.103,1.5x,,1.5x,0.155,,0.155,弱突破平仓,2022
400,2022-04-05 20:00,做空,基准值,46418.43,633.99,1.358,8.52,3,-0.2,3.08,确认,是,45198.6,2022-04-07 20:00,43855.06,12,4.043,0.725,4.768,1.5x,,1.5x,6.065,1.087,7.152,KAMA跟踪止损,2022
401,2022-04-04 20:00,做空,基准值,45757.48,652.17,1.413,7.47,8,0.52,1.36,弱突破,,,2022-04-04 20:00,45622.7,0,0.207,,0.207,1.5x,,1.5x,0.31,,0.31,弱突破平仓,2022
402,2022-04-04 08:00,做空,基准值,46176.26,672.09,1.449,8.3,4,-0.35,0.92,弱突破,,,2022-04-04 08:00,45993.0,0,0.273,,0.273,1.5x,,1.5x,0.409,,0.409,弱突破平仓,2022
403,2022-03-23 20:00,做多,基准值,42516.7,659.54,1.569,0.82,3,-0.76,1.48,弱突破,,,2022-03-23 20:00,42595.03,0,0.119,,0.119,2.0x,,2.0x,0.238,,0.238,弱突破平仓,2022
404,2022-03-22 08:00,做多,基准值,41527.22,611.65,1.492,-1.55,11,-0.57,1.92,确认,是,42976.1,2022-03-23 12:00,41791.36,7,0.432,-0.575,-0.143,2.0x,,2.0x,0.864,-1.15,-0.286,KAMA跟踪止损,2022
405,2022-03-15 04:00,做多,基准值,39285.4,769.26,1.983,-7.09,19,-0.7,1.44,弱突破,,,2022-03-15 04:00,39657.2,0,0.483,,0.483,2.0x,,2.0x,0.967,,0.967,弱突破平仓,2022
406,2022-03-03 08:00,做空,基准值,43338.98,1080.31,2.461,2.68,7,0.48,0.44,弱突破,,,2022-03-03 08:00,43311.31,0,0.026,,0.026,1.0x,,1.0x,0.026,,0.026,弱突破平仓,2022
407,2022-02-28 00:00,做空,基准值,38442.85,958.7,2.437,-7.75,16,-1.96,0.96,确认,,,2022-02-28 16:00,38375.74,4,0.07,,0.07,1.0x,,1.0x,0.07,,0.07,KAMA跟踪止损,2022
408,2022-02-24 00:00,做空,基准值,37688.93,885.61,2.3,-10.75,3,-2.05,1.2,弱突破,,,2022-02-24 00:00,37604.7,0,0.095,,0.095,1.0x,,1.0x,0.095,,0.095,弱突破平仓,2022
409,2022-02-23 16:00,做多,基准值,38398.2,883.67,2.318,-11.63,9,0.23,1.06,弱突破,,,2022-02-23 16:00,38760.59,0,0.41,,0.41,1.0x,,1.0x,0.41,,0.41,弱突破平仓,2022
410,2022-02-21 16:00,做空,基准值,38038.45,721.22,1.837,-9.64,100,-2.32,2.03,确认,,,2022-02-21 20:00,38759.67,1,-1.0,,-1.0,1.5x,,1.5x,-1.5,,-1.5,前3K止损,2022
411,2022-02-15 08:00,做多,基准值,42810.49,780.23,1.835,-3.62,19,0.98,1.15,确认,是,44217.0,2022-02-16 20:00,43695.42,9,1.134,-0.239,0.896,2.0x,,2.0x,2.268,-0.477,1.791,KAMA跟踪止损,2022
412,2022-02-14 00:00,做空,基准值,42107.52,814.52,1.914,-3.66,4,-0.79,0.79,弱突破,,,2022-02-14 00:00,42015.27,0,0.113,,0.113,1.5x,,1.5x,0.17,,0.17,弱突破平仓,2022
413,2022-02-12 00:00,做空,基准值,42802.7,936.97,2.146,-1.43,3,-0.79,1.51,弱突破,,,2022-02-12 00:00,42722.01,0,0.086,,0.086,1.0x,,1.0x,0.086,,0.086,弱突破平仓,2022
414,2022-02-10 16:00,做多,基准值,44789.28,845.54,1.919,-0.62,11,-0.88,1.12,弱突破,,,2022-02-10 16:00,44822.08,0,0.039,,0.039,2.0x,,2.0x,0.078,,0.078,弱突破平仓,2022
415,2022-02-04 04:00,做多,基准值,37080.97,711.88,1.948,-18.11,5,-1.22,0.94,弱突破,,,2022-02-04 04:00,37300.0,0,0.308,,0.308,2.0x,,2.0x,0.615,,0.615,弱突破平仓,2022
416,2022-01-27 04:00,做空,基准值,37315.97,1079.77,2.877,-19.09,4,-0.58,1.23,确认,,,2022-01-27 20:00,36791.18,4,0.486,,0.486,1.0x,,1.0x,0.486,,0.486,KAMA跟踪止损,2022
417,2022-01-24 16:00,做空,基准值,34710.91,1019.17,2.922,-25.72,1100,-0.32,2.2,确认,,,2022-01-25 00:00,35730.07,2,-1.0,,-1.0,1.0x,,1.0x,-1.0,,-1.0,前3K止损,2022
418,2022-01-24 04:00,做多,基准值,36118.99,998.6,2.873,-26.43,9,-2.24,0.74,弱突破,,,2022-01-24 04:00,36238.66,0,0.12,,0.12,1.0x,,1.0x,0.12,,0.12,弱突破平仓,2022
419,2022-01-24 00:00,做空,基准值,34924.87,1008.53,2.859,-25.35,4,-0.66,0.55,弱突破,,,2022-01-24 00:00,34763.98,0,0.16,,0.16,1.0x,,1.0x,0.16,,0.16,弱突破平仓,2022
420,2022-01-19 12:00,做空,基准值,41378.0,647.66,1.554,-14.02,45,-0.27,1.18,弱突破,,,2022-01-19 12:00,41264.11,0,0.176,,0.176,1.5x,,1.5x,0.264,,0.264,弱突破平仓,2022
421,2022-01-19 04:00,做多,基准值,42042.17,605.12,1.452,-14.39,4,-0.86,1.23,弱突破,,,2022-01-19 04:00,42340.0,0,0.492,,0.492,2.0x,,2.0x,0.984,,0.984,弱突破平仓,2022
422,2022-01-18 00:00,做空,基准值,42333.98,622.62,1.466,-13.09,18,0.39,1.61,弱突破,,,2022-01-18 00:00,42219.36,0,0.184,,0.184,1.5x,,1.5x,0.276,,0.276,弱突破平仓,2022
423,2022-01-14 16:00,做空,基准值,42305.88,769.71,1.806,-13.73,15,0.15,1.29,弱突破,,,2022-01-14 16:00,41989.66,0,0.411,,0.411,1.5x,,1.5x,0.616,,0.616,弱突破平仓,2022
424,2022-01-13 20:00,做空,基准值,43422.22,784.58,1.8,-12.1,5,0.65,1.83,弱突破,,,2022-01-13 20:00,43177.12,0,0.312,,0.312,1.5x,,1.5x,0.469,,0.469,弱突破平仓,2022
425,2022-01-04 16:00,做多,基准值,46565.96,749.19,1.61,-9.97,3,0.31,1.13,弱突破,,,2022-01-04 16:00,46709.98,0,0.192,,0.192,2.0x,,2.0x,0.384,,0.384,弱突破平仓,2022
426,2022-01-03 20:00,做空,基准值,46737.77,770.59,1.627,-8.64,13,-0.15,1.65,弱突破,,,2022-01-03 20:00,46682.61,0,0.072,,0.072,1.5x,,1.5x,0.107,,0.107,弱突破平仓,2022
427,2022-01-02 12:00,做空,基准值,47176.14,837.08,1.769,-8.98,3,-0.28,0.81,弱突破,,,2022-01-02 12:00,47170.59,0,0.007,,0.007,1.5x,,1.5x,0.01,,0.01,弱突破平仓,2022
428,2022-01-01 00:00,做空,基准值,46836.52,830.5,1.732,-8.25,66,-1.63,1.73,确认,,,2022-01-01 12:00,47199.72,3,-0.437,,-0.437,1.5x,,1.5x,-0.656,,-0.656,3K收盘认赔,2021
429,2021-12-31 16:00,做多,基准值,47661.9,826.33,1.752,-9.74,9,-0.76,1.63,弱突破,,,2021-12-31 16:00,47974.82,0,0.379,,0.379,2.0x,,2.0x,0.757,,0.757,弱突破平仓,2021
430,2021-12-28 08:00,做空,基准值,50584.01,749.85,1.479,-4.2,8,0.11,2.01,确认,是,49207.24,2021-12-30 16:00,47451.45,14,4.178,0.826,5.003,1.5x,,1.5x,6.266,1.238,7.505,KAMA跟踪止损,2021
431,2021-12-27 20:00,做多,基准值,51125.12,729.25,1.437,-4.09,16,0.01,1.84,弱突破,,,2021-12-27 20:00,51443.74,0,0.437,,0.437,2.0x,,2.0x,0.874,,0.874,弱突破平仓,2021
432,2021-12-23 20:00,做多,基准值,48714.49,825.25,1.707,-9.13,3,-0.46,0.85,弱突破,,,2021-12-23 20:00,48788.0,0,0.089,,0.089,2.0x,,2.0x,0.178,,0.178,弱突破平仓,2021
433,2021-12-19 08:00,做多,基准值,47195.84,1021.59,2.182,-13.21,10,-0.5,0.86,弱突破,,,2021-12-19 08:00,47687.92,0,0.482,,0.482,1.0x,,1.0x,0.482,,0.482,弱突破平仓,2021
434,2021-12-15 20:00,做空,基准值,47840.13,1106.03,2.298,-11.8,4,0.41,1.63,确认,,,2021-12-16 00:00,48946.15,1,-1.0,,-1.0,1.0x,,1.0x,-1.0,,-1.0,前3K止损,2021
435,2021-12-13 08:00,做空,基准值,49098.22,1132.66,2.263,-9.26,3,-1.91,1.22,弱突破,,,2021-12-13 08:00,48860.86,0,0.21,,0.21,1.0x,,1.0x,0.21,,0.21,弱突破平仓,2021
436,2021-12-08 16:00,做空,基准值,50037.65,1308.57,2.592,-9.78,8,0.76,1.2,确认,,,2021-12-09 04:00,50448.85,3,-0.314,,-0.314,1.0x,,1.0x,-0.314,,-0.314,3K收盘认赔,2021
437,2021-12-07 04:00,做多,基准值,49402.59,1504.35,3.064,-12.77,15,1.44,0.8,确认,是,51713.61,2021-12-08 04:00,50273.14,6,0.579,-0.811,-0.232,1.0x,,1.0x,0.579,-0.811,-0.232,KAMA跟踪止损,2021
438,2021-12-05 20:00,做空,基准值,48322.91,1577.88,3.205,-12.79,4,-0.17,1.08,弱突破,,,2021-12-05 20:00,47942.3,0,0.241,,0.241,1.0x,,1.0x,0.241,,0.241,弱突破平仓,2021
439,2021-12-03 20:00,做空,基准值,56115.02,1128.1,1.978,0.25,8,-0.9,1.46,弱突破,,,2021-12-03 20:00,56045.44,0,0.062,,0.062,1.5x,,1.5x,0.093,,0.093,弱突破平仓,2021
440,2021-11-30 00:00,做多,基准值,57699.38,1090.55,1.909,0.29,3,-0.47,1.34,弱突破,,,2021-11-30 00:00,57919.21,0,0.202,,0.202,2.0x,,2.0x,0.403,,0.403,弱突破平仓,2021
441,2021-11-20 20:00,做空,基准值,57960.0,1201.34,2.048,2.88,3,-1.0,0.74,弱突破,,,2021-11-20 20:00,57630.48,0,0.274,,0.274,1.0x,,1.0x,0.274,,0.274,弱突破平仓,2021
442,2021-11-15 04:00,做多,基准值,64834.9,1051.66,1.638,13.67,20,-0.71,0.87,确认,,,2021-11-15 20:00,65083.67,4,0.237,,0.237,2.0x,,2.0x,0.473,,0.473,KAMA跟踪止损,2021
443,2021-11-13 20:00,做多,基准值,64482.03,1146.67,1.803,13.11,6,-0.87,0.85,弱突破,,,2021-11-13 20:00,64735.42,0,0.221,,0.221,2.0x,,2.0x,0.442,,0.442,弱突破平仓,2021
444,2021-11-10 20:00,做多,基准值,67438.8,1034.5,1.553,20.03,7,-0.58,2.52,确认,,,2021-11-11 04:00,66404.3,2,-1.0,,-1.0,2.0x,,2.0x,-2.0,,-2.0,前3K止损,2021
445,2021-11-07 04:00,做多,基准值,61404.41,1021.62,1.669,12.85,3,0.66,0.53,弱突破,,,2021-11-07 04:00,61505.66,0,0.099,,0.099,2.0x,,2.0x,0.198,,0.198,弱突破平仓,2021
446,2021-11-05 20:00,做空,基准值,60867.28,1118.43,1.824,13.46,4,0.19,1.19,弱突破,,,2021-11-05 20:00,60826.24,0,0.037,,0.037,1.5x,,1.5x,0.055,,0.055,弱突破平仓,2021
447,2021-11-01 08:00,做空,基准值,60012.0,1103.79,1.799,16.11,19,-1.4,1.4,弱突破,,,2021-11-01 08:00,59902.41,0,0.099,,0.099,1.5x,,1.5x,0.149,,0.149,弱突破平仓,2021
448,2021-10-29 20:00,做多,基准值,62119.9,1329.95,2.181,16.56,3,0.57,1.13,弱突破,,,2021-10-29 20:00,62352.31,0,0.175,,0.175,1.0x,,1.0x,0.175,,0.175,弱突破平仓,2021
449,2021-10-21 20:00,做空,基准值,64210.04,1294.04,1.993,29.58,10,1.75,2.21,确认,是,62259.41,2021-10-25 08:00,61797.08,21,1.865,0.142,2.007,1.5x,,1.5x,2.797,0.214,3.011,KAMA跟踪止损,2021
450,2021-10-18 04:00,做多,基准值,61513.81,1085.82,1.793,25.0,7,0.29,2.04,弱突破,,,2021-10-18 04:00,61568.0,0,0.05,,0.05,2.0x,,2.0x,0.1,,0.1,弱突破平仓,2021
451,2021-10-12 20:00,做空,基准值,56434.9,1042.39,1.82,22.61,5,0.42,1.77,弱突破,,,2021-10-12 20:00,56349.87,0,0.082,,0.082,1.5x,,1.5x,0.122,,0.122,弱突破平仓,2021
452,2021-09-30 08:00,做多,基准值,42557.91,950.41,2.29,-6.07,14,-2.06,1.72,确认,是,44759.52,2021-10-03 08:00,47558.15,18,5.261,1.317,6.579,1.0x,,1.0x,5.261,1.317,6.579,KAMA跟踪止损,2021
453,2021-09-24 00:00,做多,基准值,44350.48,1095.66,2.504,-1.82,19,-0.7,0.89,弱突破,,,2021-09-24 00:00,44742.43,0,0.358,,0.358,1.0x,,1.0x,0.358,,0.358,弱突破平仓,2021
454,2021-09-22 00:00,做空,基准值,42162.28,1053.29,2.446,-3.39,3,-0.92,2.01,弱突破,,,2021-09-22 00:00,42010.99,0,0.144,,0.144,1.0x,,1.0x,0.144,,0.144,弱突破平仓,2021
455,2021-09-03 16:00,做多,基准值,49880.0,816.98,1.656,14.25,4,-0.13,1.8,弱突破,,,2021-09-03 16:00,50203.16,0,0.396,,0.396,2.0x,,2.0x,0.791,,0.791,弱突破平仓,2021
456,2021-08-30 08:00,做空,基准值,48125.58,792.32,1.624,15.2,4,-1.29,1.14,弱突破,,,2021-08-30 08:00,47982.44,0,0.181,,0.181,1.5x,,1.5x,0.271,,0.271,弱突破平仓,2021
457,2021-08-29 08:00,做空,基准值,48411.84,793.99,1.623,16.0,6,-0.4,1.52,弱突破,,,2021-08-29 08:00,48242.87,0,0.213,,0.213,1.5x,,1.5x,0.319,,0.319,弱突破平仓,2021
458,2021-08-24 20:00,做空,基准值,48814.45,843.06,1.705,19.43,9,0.15,1.96,确认,,,2021-08-25 20:00,48483.4,6,0.393,,0.393,1.5x,,1.5x,0.589,,0.589,KAMA跟踪止损,2021
459,2021-08-19 20:00,做多,基准值,45206.89,947.09,2.141,9.88,4,-1.09,1.41,确认,是,46709.09,2021-08-22 20:00,48557.81,18,3.538,0.755,4.293,1.0x,,1.0x,3.538,0.755,4.293,KAMA跟踪止损,2021
460,2021-08-18 00:00,做空,基准值,45663.0,970.02,2.121,14.56,3,1.46,1.05,弱突破,,,2021-08-18 00:00,45489.15,0,0.179,,0.179,1.0x,,1.0x,0.179,,0.179,弱突破平仓,2021
461,2021-08-16 20:00,做空,基准值,46789.08,897.61,1.888,19.48,3,-1.14,1.84,弱突破,,,2021-08-16 20:00,46351.95,0,0.487,,0.487,1.5x,,1.5x,0.73,,0.73,弱突破平仓,2021
462,2021-08-09 16:00,做多,基准值,44575.0,1055.86,2.41,14.17,505,0.18,1.68,确认,是,46273.27,2021-08-12 12:00,44879.81,17,0.289,-0.506,-0.217,1.0x,,1.0x,0.289,-0.506,-0.217,KAMA跟踪止损,2021
463,2021-08-06 00:00,做多,基准值,39538.96,923.97,2.384,2.97,22,-1.76,2.27,确认,是,42185.84,2021-08-09 00:00,43388.2,18,4.166,0.454,4.62,1.0x,,1.0x,4.166,0.454,4.62,KAMA跟踪止损,2021
464,2021-08-04 20:00,做多,基准值,38554.26,884.18,2.318,1.61,8,-0.15,1.75,确认,,,2021-08-05 16:00,38554.26,5,0.0,,0.0,1.0x,,1.0x,0.0,,0.0,KAMA跟踪止损,2021
465,2021-07-26 04:00,做多,基准值,34778.44,570.53,1.662,-6.78,125,-1.01,1.17,确认,是,38272.23,2021-07-27 04:00,37918.22,6,5.503,-0.087,5.416,2.0x,,2.0x,11.007,-0.174,10.832,KAMA跟踪止损,2021
466,2021-07-18 20:00,做空,基准值,31451.01,565.4,1.779,-15.76,5,-0.92,1.09,弱突破,,,2021-07-18 20:00,31357.88,0,0.165,,0.165,1.5x,,1.5x,0.247,,0.247,弱突破平仓,2021
467,2021-07-15 12:00,做空,基准值,32573.4,605.63,1.856,-14.78,3,0.45,0.82,弱突破,,,2021-07-15 12:00,32460.96,0,0.186,,0.186,1.5x,,1.5x,0.278,,0.278,弱突破平仓,2021
468,2021-07-12 16:00,做空,基准值,33726.28,593.92,1.733,-11.68,5,-1.15,1.48,弱突破,,,2021-07-12 16:00,33530.76,0,0.329,,0.329,1.5x,,1.5x,0.494,,0.494,弱突破平仓,2021
469,2021-07-11 00:00,做空,基准值,33481.34,646.39,1.91,-13.46,4,-0.18,1.22,弱突破,,,2021-07-11 00:00,33403.09,0,0.121,,0.121,1.5x,,1.5x,0.182,,0.182,弱突破平仓,2021
470,2021-07-06 12:00,做多,基准值,34248.95,749.04,2.21,-14.8,6,0.95,1.21,确认,,,2021-07-07 00:00,33999.39,3,-0.333,,-0.333,1.0x,,1.0x,-0.333,,-0.333,3K收盘认赔,2021
471,2021-07-01 12:00,做空,基准值,34055.4,1010.38,2.96,-15.97,19,0.16,1.22,确认,,,2021-07-03 04:00,33818.28,10,0.235,,0.235,1.0x,,1.0x,0.235,,0.235,KAMA跟踪止损,2021
472,2021-06-21 12:00,做空,基准值,34273.58,1013.74,2.925,-19.15,71,-0.75,2.75,确认,是,32509.9,2021-06-22 20:00,30160.75,8,4.057,0.846,4.903,1.0x,,1.0x,4.057,0.846,4.903,止盈,2021
473,2021-06-16 16:00,做空,基准值,39556.15,1020.76,2.544,-8.87,10,-0.41,1.09,弱突破,,,2021-06-16 16:00,39079.0,0,0.467,,0.467,1.0x,,1.0x,0.467,,0.467,弱突破平仓,2021
474,2021-06-09 04:00,做多,基准值,33321.72,1129.5,3.439,-27.87,4,-0.3,1.03,弱突破,,,2021-06-09 04:00,33377.15,0,0.049,,0.049,1.0x,,1.0x,0.049,,0.049,弱突破平仓,2021
475,2021-06-08 00:00,做空,基准值,35877.16,991.15,2.75,-21.46,3,0.99,1.13,弱突破,,,2021-06-08 00:00,35641.0,0,0.238,,0.238,1.0x,,1.0x,0.238,,0.238,弱突破平仓,2021
476,2021-06-05 16:00,做空,基准值,36474.37,1094.65,2.913,-19.26,4,-2.1,1.75,确认,,,2021-06-07 08:00,36474.37,10,0.0,,0.0,1.0x,,1.0x,0.0,,0.0,KAMA跟踪止损,2021
477,2021-06-04 08:00,做空,基准值,38363.38,1115.19,2.842,-16.79,4,-1.17,1.57,弱突破,,,2021-06-04 08:00,37944.78,0,0.375,,0.375,1.0x,,1.0x,0.375,,0.375,弱突破平仓,2021
478,2021-06-03 12:00,做多,基准值,38190.67,1185.6,3.151,-20.22,36,-1.08,1.23,弱突破,,,2021-06-03 12:00,38634.07,0,0.374,,0.374,1.0x,,1.0x,0.374,,0.374,弱突破平仓,2021
479,2021-05-31 16:00,做多,基准值,36323.21,1565.43,4.368,-25.32,12,-0.72,1.18,弱突破,,,2021-05-31 16:00,36802.57,0,0.306,,0.306,1.0x,,1.0x,0.306,,0.306,弱突破平仓,2021
480,2021-05-31 08:00,做空,基准值,35155.75,1545.15,4.334,-26.19,5,1.97,0.99,弱突破,,,2021-05-31 08:00,34507.97,0,0.419,,0.419,1.0x,,1.0x,0.419,,0.419,弱突破平仓,2021
481,2021-05-27 16:00,做多,基准值,39422.0,1935.51,5.058,-22.64,4,-0.55,1.03,弱突破,,,2021-05-27 16:00,39722.39,0,0.155,,0.155,1.0x,,1.0x,0.155,,0.155,弱突破平仓,2021
482,2021-05-16 12:00,做多,基准值,49014.22,1677.59,3.464,-9.33,3,-1.19,0.68,弱突破,,,2021-05-16 12:00,49386.62,0,0.222,,0.222,1.0x,,1.0x,0.222,,0.222,弱突破平仓,2021
483,2021-05-15 04:00,做空,基准值,49942.65,1710.13,3.407,-6.73,3,-0.28,0.77,弱突破,,,2021-05-15 04:00,49863.16,0,0.046,,0.046,1.0x,,1.0x,0.046,,0.046,弱突破平仓,2021
484,2021-05-07 20:00,做多,基准值,57158.75,1364.54,2.415,5.07,4,0.12,1.1,弱突破,,,2021-05-07 20:00,57544.42,0,0.283,,0.283,1.0x,,1.0x,0.283,,0.283,弱突破平仓,2021
485,2021-05-03 08:00,做多,基准值,57333.02,1139.77,2.013,6.08,7,-0.9,1.24,确认,,,2021-05-04 00:00,57333.02,4,0.0,,0.0,1.0x,,1.0x,0.0,,0.0,KAMA跟踪止损,2021
486,2021-04-30 12:00,做多,基准值,53858.11,1307.85,2.436,0.99,3,-0.13,0.87,弱突破,,,2021-04-30 12:00,54354.0,0,0.379,,0.379,1.0x,,1.0x,0.379,,0.379,弱突破平仓,2021
487,2021-04-26 08:00,做多,基准值,50540.86,1588.45,3.238,-7.21,18,-1.04,1.49,确认,是,53595.2,2021-04-28 12:00,54342.7,13,2.393,0.161,2.554,1.0x,,1.0x,2.393,0.161,2.554,KAMA跟踪止损,2021
488,2021-04-26 04:00,做空,基准值,49213.73,1534.41,3.109,-6.63,7,0.65,1.65,弱突破,,,2021-04-26 04:00,49055.84,0,0.103,,0.103,1.0x,,1.0x,0.103,,0.103,弱突破平仓,2021
489,2021-04-25 00:00,做多,基准值,50644.62,1757.9,3.5,-5.18,3,0.15,0.59,弱突破,,,2021-04-25 00:00,50704.47,0,0.034,,0.034,1.0x,,1.0x,0.034,,0.034,弱突破平仓,2021
490,2021-04-24 00:00,做多,基准值,50586.55,1899.8,3.812,-6.06,3,-0.97,0.81,弱突破,,,2021-04-24 00:00,50880.86,0,0.155,,0.155,1.0x,,1.0x,0.155,,0.155,弱突破平仓,2021
491,2021-04-16 12:00,做空,基准值,62418.03,1109.0,1.76,19.66,8,-0.37,1.69,确认,,,2021-04-17 08:00,62418.03,5,0.0,,0.0,1.5x,,1.5x,0.0,,0.0,KAMA跟踪止损,2021
492,2021-04-10 08:00,做多,基准值,58808.29,932.14,1.603,14.77,23,-0.7,0.96,弱突破,,,2021-04-10 08:00,59269.8,0,0.495,,0.495,2.0x,,2.0x,0.99,,0.99,弱突破平仓,2021
493,2021-04-05 20:00,做多,基准值,58414.96,965.75,1.671,15.97,10,-0.73,1.71,确认,,,2021-04-06 12:00,58414.96,4,0.0,,0.0,2.0x,,2.0x,0.0,,0.0,KAMA跟踪止损,2021
494,2021-04-02 08:00,做多,基准值,59317.81,1125.11,1.914,20.49,85,0.27,1.34,确认,,,2021-04-03 00:00,59317.81,4,0.0,,0.0,2.0x,,2.0x,0.0,,0.0,KAMA跟踪止损,2021
495,2021-03-28 00:00,做多,基准值,55357.72,1302.05,2.368,16.03,17,0.4,0.94,弱突破,,,2021-03-28 00:00,55778.55,0,0.323,,0.323,1.0x,,1.0x,0.323,,0.323,弱突破平仓,2021
496,2021-03-25 20:00,做空,基准值,51519.3,1399.14,2.681,11.26,100,0.22,2.51,弱突破,,,2021-03-25 20:00,51005.17,0,0.367,,0.367,1.0x,,1.0x,0.367,,0.367,弱突破平仓,2021
497,2021-03-21 04:00,做空,基准值,58471.07,1362.35,2.296,29.4,3,-1.46,0.82,弱突破,,,2021-03-21 04:00,58157.66,0,0.23,,0.23,1.0x,,1.0x,0.23,,0.23,弱突破平仓,2021
498,2021-03-18 00:00,做多,基准值,56353.48,1564.47,2.847,22.77,13,-1.09,1.36,确认,是,58939.91,2021-03-19 00:00,57341.02,6,0.631,-0.385,0.246,1.0x,,1.0x,0.631,-0.385,0.246,KAMA跟踪止损,2021
499,2021-03-13 16:00,做多,基准值,57566.51,1380.41,2.405,32.85,2676,0.67,1.78,确认,是,59724.63,2021-03-15 00:00,59430.41,8,1.35,-0.083,1.267,1.0x,,1.0x,1.35,-0.083,1.267,KAMA跟踪止损,2021
500,2021-03-10 20:00,做多,基准值,55861.91,1373.82,2.502,31.37,97,-0.02,1.5,弱突破,,,2021-03-10 20:00,56389.75,0,0.384,,0.384,1.0x,,1.0x,0.384,,0.384,弱突破平仓,2021
501,2021-02-26 04:00,做空,基准值,48619.54,2097.83,4.241,29.83,10,1.88,0.96,确认,是,44928.03,2021-03-01 16:00,47053.06,21,0.747,-0.367,0.38,1.0x,,1.0x,0.747,-0.367,0.38,KAMA跟踪止损,2021
502,2021-02-22 08:00,做空,基准值,56718.44,1372.13,2.388,56.7,5,-0.12,1.56,确认,是,54596.54,2021-02-22 20:00,49912.23,3,4.96,1.341,6.301,1.0x,,1.0x,4.96,1.341,6.301,止盈,2021
503,2021-02-21 16:00,做多,基准值,57129.65,1368.99,2.438,53.09,3,-1.61,1.07,弱突破,,,2021-02-21 16:00,57403.34,0,0.2,,0.2,1.0x,,1.0x,0.2,,0.2,弱突破平仓,2021
504,2021-02-19 16:00,做多,基准值,52260.79,1207.88,2.331,46.01,2544,-0.01,0.96,弱突破,,,2021-02-19 16:00,52794.35,0,0.442,,0.442,1.0x,,1.0x,0.442,,0.442,弱突破平仓,2021
505,2021-02-06 08:00,做多,基准值,38354.03,1031.32,2.691,30.37,131,1.58,1.92,确认,是,40247.77,2021-02-07 04:00,39183.05,5,0.804,-0.364,0.44,1.0x,,1.0x,0.804,-0.364,0.44,KAMA跟踪止损,2021
506,2021-01-27 04:00,做多,基准值,32426.2,1241.7,3.855,16.83,4,1.8,0.82,弱突破,,,2021-01-27 04:00,32479.53,0,0.043,,0.043,1.0x,,1.0x,0.043,,0.043,弱突破平仓,2021
507,2021-01-25 08:00,做多,基准值,32963.91,1261.29,3.909,18.23,12,-1.83,0.87,确认,,,2021-01-26 04:00,33199.7,5,0.187,,0.187,1.0x,,1.0x,0.187,,0.187,KAMA跟踪止损,2021
508,2021-01-10 16:00,做空,基准值,39976.18,1577.49,3.844,74.32,6,-0.72,1.05,弱突破,,,2021-01-10 16:00,39207.16,0,0.487,,0.487,1.0x,,1.0x,0.487,,0.487,弱突破平仓,2021
509,2021-01-08 16:00,做多,基准值,40052.39,1572.2,4.035,72.23,2292,-0.38,1.27,确认,,,2021-01-09 08:00,40052.39,4,0.0,,0.0,1.0x,,1.0x,0.0,,0.0,KAMA跟踪止损,2021
510,2021-01-04 12:00,做空,基准值,32364.09,1040.43,3.1,61.47,6,0.01,1.08,弱突破,,,2021-01-04 12:00,32153.61,0,0.202,,0.202,1.0x,,1.0x,0.202,,0.202,弱突破平仓,2021
511,2020-12-25 04:00,做多,基准值,23488.63,580.79,2.493,31.25,7,0.55,0.63,弱突破,,,2020-12-25 04:00,23740.01,0,0.433,,0.433,1.0x,,1.0x,0.433,,0.433,弱突破平仓,2020
512,2020-12-23 16:00,做空,基准值,23294.0,576.76,2.446,34.12,4,-0.68,1.32,弱突破,,,2020-12-23 16:00,23085.0,0,0.362,,0.362,1.0x,,1.0x,0.362,,0.362,弱突破平仓,2020
513,2020-12-21 16:00,做空,基准值,23111.05,528.55,2.202,39.28,15,-0.15,2.76,确认,,,2020-12-22 16:00,23111.05,6,0.0,,0.0,1.0x,,1.0x,0.0,,0.0,KAMA跟踪止损,2020
514,2020-12-20 20:00,做多,基准值,23854.57,489.06,2.075,38.1,3,-1.16,0.62,弱突破,,,2020-12-20 20:00,23900.24,0,0.093,,0.093,1.0x,,1.0x,0.093,,0.093,弱突破平仓,2020
515,2020-12-19 20:00,做多,基准值,23240.97,463.51,2.023,35.67,10,-0.94,1.08,确认,,,2020-12-20 12:00,23240.97,4,0.0,,0.0,1.0x,,1.0x,0.0,,0.0,KAMA跟踪止损,2020
516,2020-12-16 16:00,做多,基准值,19545.19,270.68,1.394,19.05,89,-0.59,1.98,确认,是,20666.16,2020-12-18 04:00,22630.79,9,11.4,1.412,12.811,2.0x,,2.0x,22.799,2.823,25.623,KAMA跟踪止损,2020
517,2020-12-16 00:00,做多,基准值,19503.13,289.79,1.493,20.06,3,-0.4,0.83,弱突破,,,2020-12-16 00:00,19534.15,0,0.107,,0.107,2.0x,,2.0x,0.214,,0.214,弱突破平仓,2020
518,2020-12-10 16:00,做空,基准值,18205.33,336.88,1.837,16.52,3,-0.48,1.08,弱突破,,,2020-12-10 16:00,18195.17,0,0.03,,0.03,1.5x,,1.5x,0.045,,0.045,弱突破平仓,2020
519,2020-12-08 16:00,做空,基准值,18941.75,304.69,1.591,22.89,19,-0.93,2.43,确认,是,18320.69,2020-12-10 04:00,18516.51,9,1.396,-0.212,1.184,1.5x,,1.5x,2.094,-0.317,1.776,KAMA跟踪止损,2020
520,2020-12-07 04:00,做多,基准值,19254.99,346.83,1.812,24.3,14,-0.51,1.05,弱突破,,,2020-12-07 04:00,19371.79,0,0.337,,0.337,2.0x,,2.0x,0.674,,0.674,弱突破平仓,2020
521,2020-11-25 16:00,做多,基准值,19268.28,399.41,2.103,33.79,3,-1.01,0.87,弱突破,,,2020-11-25 16:00,19306.47,0,0.096,,0.096,1.0x,,1.0x,0.096,,0.096,弱突破平仓,2020
522,2020-11-20 12:00,做多,基准值,18135.03,382.69,2.13,33.09,9,-0.54,0.97,弱突破,,,2020-11-20 12:00,18212.31,0,0.202,,0.202,1.0x,,1.0x,0.202,,0.202,弱突破平仓,2020
523,2020-11-16 12:00,做多,基准值,16058.68,266.65,1.666,23.52,12,-0.11,1.15,确认,是,16778.0,2020-11-18 12:00,17453.98,12,5.233,0.686,5.918,2.0x,,2.0x,10.466,1.371,11.837,KAMA跟踪止损,2020
524,2020-11-16 00:00,做空,基准值,15882.15,276.62,1.726,24.7,4,-0.62,0.8,弱突破,,,2020-11-16 00:00,15856.41,0,0.093,,0.093,1.5x,,1.5x,0.14,,0.14,弱突破平仓,2020
525,2020-11-11 08:00,做多,基准值,15393.07,336.76,2.201,23.82,3,0.11,0.64,弱突破,,,2020-11-11 08:00,15401.68,0,0.026,,0.026,1.0x,,1.0x,0.026,,0.026,弱突破平仓,2020
526,2020-11-05 00:00,做多,基准值,13918.0,235.97,1.698,17.84,1904,0.01,1.96,确认,是,14303.49,2020-11-06 16:00,15317.43,10,5.931,1.632,7.562,2.0x,,2.0x,11.861,3.263,15.124,KAMA跟踪止损,2020
527,2020-11-03 20:00,做多,基准值,13631.89,217.36,1.607,15.32,6,-0.13,1.5,弱突破,,,2020-11-03 20:00,13701.32,0,0.319,,0.319,2.0x,,2.0x,0.639,,0.639,弱突破平仓,2020
528,2020-10-24 20:00,做多,基准值,13011.95,168.77,1.299,16.69,9,0.5,1.18,确认,是,13300.46,2020-10-25 12:00,13019.63,4,0.046,-0.614,-0.569,2.0x,,2.0x,0.091,-1.228,-1.137,KAMA跟踪止损,2020
529,2020-10-19 20:00,做多,基准值,11534.6,95.55,0.833,5.44,283,-0.24,4.72,确认,是,11684.6,2020-10-23 08:00,12885.59,21,14.139,4.891,19.03,2.0x,,2.0x,28.277,9.782,38.059,KAMA跟踪止损,2020
530,2020-10-16 00:00,做多,基准值,11419.82,114.87,1.008,5.43,6,0.16,1.53,确认,,,2020-10-16 12:00,11304.95,3,-1.0,,-1.0,2.0x,,2.0x,-2.0,,-2.0,前3K止损,2020
531,2020-10-15 16:00,做空,基准值,11337.84,112.2,0.985,5.42,3,-0.52,1.53,弱突破,,,2020-10-15 16:00,11313.42,0,0.218,,0.218,1.5x,,1.5x,0.326,,0.326,弱突破平仓,2020
532,2020-10-12 16:00,做空,基准值,11284.62,102.32,0.899,5.8,13,-0.36,1.71,弱突破,,,2020-10-12 16:00,11247.14,0,0.366,,0.366,1.5x,,1.5x,0.55,,0.55,弱突破平仓,2020
533,2020-10-08 20:00,做多,基准值,10664.77,80.83,0.763,-0.81,41,-0.59,4.18,确认,是,10873.32,2020-10-12 04:00,11296.03,20,7.81,1.461,9.271,2.0x,,2.0x,15.62,2.921,18.542,KAMA跟踪止损,2020
534,2020-10-08 12:00,做空,基准值,10600.49,80.31,0.755,-0.47,4,-0.11,1.04,弱突破,,,2020-10-08 12:00,10587.75,0,0.159,,0.159,1.5x,,1.5x,0.238,,0.238,弱突破平仓,2020
535,2020-10-05 00:00,做多,基准值,10630.5,91.87,0.868,-0.86,17,0.42,0.81,弱突破,,,2020-10-05 00:00,10667.36,0,0.401,,0.401,2.0x,,2.0x,0.802,,0.802,弱突破平仓,2020
536,2020-10-01 20:00,做空,基准值,10772.99,102.31,0.939,1.98,3,-1.16,1.6,确认,是,10611.81,2020-10-04 12:00,10607.63,16,1.616,0.016,1.632,1.5x,,1.5x,2.424,0.024,2.448,KAMA跟踪止损,2020
537,2020-09-30 04:00,做多,基准值,10791.87,109.1,1.016,0.47,5,0.14,0.97,弱突破,,,2020-09-30 04:00,10836.99,0,0.414,,0.414,2.0x,,2.0x,0.827,,0.827,弱突破平仓,2020
538,2020-09-24 00:00,做空,基准值,10380.0,120.54,1.154,-2.15,57,0.23,1.43,确认,,,2020-09-24 16:00,10380.0,4,0.0,,0.0,1.5x,,1.5x,0.0,,0.0,KAMA跟踪止损,2020
539,2020-09-23 12:00,做空,基准值,10445.97,124.95,1.193,-1.92,4,-0.21,0.98,弱突破,,,2020-09-23 12:00,10423.49,0,0.18,,0.18,1.5x,,1.5x,0.27,,0.27,弱突破平仓,2020
540,2020-09-21 16:00,做空,基准值,10813.56,116.18,1.066,1.9,35,-0.31,4.48,确认,是,10416.08,2020-09-23 04:00,10560.5,9,2.178,-0.281,1.897,1.5x,,1.5x,3.267,-0.422,2.845,KAMA跟踪止损,2020
541,2020-09-20 20:00,做空,基准值,10896.48,116.07,1.06,2.28,10,1.16,1.61,确认,,,2020-09-21 08:00,10955.17,3,-0.506,,-0.506,1.5x,,1.5x,-0.759,,-0.759,3K收盘认赔,2020
542,2020-09-08 16:00,做空,基准值,10092.61,212.32,2.067,-4.07,4,-1.19,1.58,确认,,,2020-09-09 04:00,10128.54,3,-0.169,,-0.169,1.0x,,1.0x,-0.169,,-0.169,3K收盘认赔,2020
543,2020-09-01 12:00,做多,基准值,11756.79,112.6,0.963,8.57,78,-0.44,2.56,确认,是,12049.12,2020-09-02 12:00,11756.79,6,0.0,-0.722,-0.722,2.0x,,2.0x,0.0,-1.444,-1.444,KAMA跟踪止损,2020
544,2020-08-29 16:00,做空,基准值,11460.12,125.94,1.09,8.18,4,-0.49,0.77,弱突破,,,2020-08-29 16:00,11451.16,0,0.071,,0.071,1.5x,,1.5x,0.107,,0.107,弱突破平仓,2020
545,2020-08-29 12:00,做多,基准值,11540.81,127.43,1.108,7.65,9,-0.26,0.49,弱突破,,,2020-08-29 12:00,11558.98,0,0.143,,0.143,2.0x,,2.0x,0.285,,0.285,弱突破平仓,2020
546,2020-08-20 20:00,做多,基准值,11832.21,176.92,1.497,13.23,5,0.51,0.56,弱突破,,,2020-08-20 20:00,11860.77,0,0.161,,0.161,2.0x,,2.0x,0.323,,0.323,弱突破平仓,2020
547,2020-08-17 20:00,做多,基准值,11941.8,155.7,1.306,15.57,1429,-0.01,5.18,确认,是,12349.6,2020-08-18 20:00,12016.53,6,0.48,-0.591,-0.111,2.0x,,2.0x,0.96,-1.182,-0.222,KAMA跟踪止损,2020
548,2020-08-14 04:00,做多,基准值,11626.7,187.36,1.627,13.84,15,-0.05,1.42,确认,,,2020-08-15 20:00,11735.18,10,0.579,,0.579,2.0x,,2.0x,1.158,,1.158,KAMA跟踪止损,2020
549,2020-08-06 20:00,做多,基准值,11807.18,204.85,1.751,19.78,25,-0.43,1.68,弱突破,,,2020-08-06 20:00,11847.15,0,0.195,,0.195,2.0x,,2.0x,0.39,,0.39,弱突破平仓,2020
550,2020-08-04 16:00,做空,基准值,11151.1,239.76,2.122,17.06,7,0.97,0.83,弱突破,,,2020-08-04 16:00,11129.78,0,0.089,,0.089,1.0x,,1.0x,0.089,,0.089,弱突破平仓,2020
551,2020-07-31 16:00,做多,基准值,11184.35,191.18,1.716,17.89,8,0.08,0.74,弱突破,,,2020-07-31 16:00,11224.31,0,0.209,,0.209,2.0x,,2.0x,0.418,,0.418,弱突破平仓,2020
552,2020-07-31 00:00,做多,基准值,11058.69,199.81,1.813,17.32,3,0.21,0.47,弱突破,,,2020-07-31 00:00,11131.23,0,0.363,,0.363,2.0x,,2.0x,0.726,,0.726,弱突破平仓,2020
553,2020-07-30 08:00,做空,基准值,11008.96,208.26,1.874,18.92,3,-0.03,0.47,弱突破,,,2020-07-30 08:00,10998.52,0,0.05,,0.05,1.5x,,1.5x,0.075,,0.075,弱突破平仓,2020
554,2020-07-26 00:00,做多,基准值,9623.42,68.98,0.719,4.59,191,0.14,2.02,确认,是,9968.41,2020-07-28 16:00,10637.65,16,14.703,1.94,16.643,2.0x,,2.0x,29.405,3.88,33.285,KAMA跟踪止损,2020
555,2020-07-25 00:00,做多,基准值,9569.46,68.32,0.715,4.28,3,-0.12,0.95,弱突破,,,2020-07-25 00:00,9581.53,0,0.177,,0.177,2.0x,,2.0x,0.353,,0.353,弱突破平仓,2020
556,2020-07-23 00:00,做多,基准值,9366.45,55.39,0.593,2.23,3,-0.25,0.81,弱突破,,,2020-07-23 00:00,9373.65,0,0.13,,0.13,2.0x,,2.0x,0.26,,0.26,弱突破平仓,2020
557,2020-07-21 12:00,做多,基准值,9202.71,47.16,0.514,0.63,44,0.07,5.0,确认,是,9343.82,2020-07-22 12:00,9296.6,6,1.991,-0.251,1.74,2.0x,,2.0x,3.982,-0.502,3.481,KAMA跟踪止损,2020
558,2020-07-20 00:00,做多,基准值,9160.27,47.97,0.526,0.09,3,-0.37,0.88,弱突破,,,2020-07-20 00:00,9164.62,0,0.091,,0.091,2.0x,,2.0x,0.181,,0.181,弱突破平仓,2020
559,2020-07-16 12:00,做空,基准值,9164.42,62.01,0.674,1.06,10,0.05,1.9,确认,,,2020-07-17 20:00,9156.76,8,0.123,,0.123,1.5x,,1.5x,0.185,,0.185,KAMA跟踪止损,2020
560,2020-07-14 12:00,做空,基准值,9202.41,68.3,0.741,1.25,8,0.79,1.48,弱突破,,,2020-07-14 12:00,9182.53,0,0.291,,0.291,1.5x,,1.5x,0.437,,0.437,弱突破平仓,2020
561,2020-07-14 00:00,做空,基准值,9247.56,68.91,0.742,2.11,4,-0.21,1.93,弱突破,,,2020-07-14 00:00,9234.68,0,0.187,,0.187,1.5x,,1.5x,0.28,,0.28,弱突破平仓,2020
562,2020-07-12 20:00,做空,基准值,9232.79,66.35,0.718,1.65,3,-0.13,2.28,弱突破,,,2020-07-12 20:00,9216.38,0,0.247,,0.247,1.5x,,1.5x,0.371,,0.371,弱突破平仓,2020
563,2020-07-11 16:00,做空,基准值,9211.5,73.72,0.795,1.98,4,-0.37,0.97,弱突破,,,2020-07-11 16:00,9201.76,0,0.132,,0.132,1.5x,,1.5x,0.198,,0.198,弱突破平仓,2020
564,2020-07-10 20:00,做多,基准值,9237.28,78.54,0.857,0.87,3,-0.75,1.11,弱突破,,,2020-07-10 20:00,9245.39,0,0.103,,0.103,2.0x,,2.0x,0.207,,0.207,弱突破平仓,2020
565,2020-07-10 12:00,做空,基准值,9189.72,78.98,0.856,1.51,23,-0.13,1.54,弱突破,,,2020-07-10 12:00,9154.66,0,0.444,,0.444,1.5x,,1.5x,0.666,,0.666,弱突破平仓,2020
566,2020-07-08 20:00,做多,基准值,9322.0,75.5,0.811,2.59,83,0.57,2.76,确认,是,9435.3,2020-07-09 20:00,9323.36,6,0.018,-0.593,-0.575,2.0x,,2.0x,0.036,-1.186,-1.15,KAMA跟踪止损,2020
567,2020-07-08 08:00,做多,基准值,9289.38,77.25,0.835,2.12,5,-0.15,0.88,弱突破,,,2020-07-08 08:00,9310.73,0,0.276,,0.276,2.0x,,2.0x,0.553,,0.553,弱突破平仓,2020
568,2020-06-17 20:00,做空,基准值,9423.1,122.28,1.29,6.11,8,0.49,1.45,弱突破,,,2020-06-17 20:00,9398.35,0,0.202,,0.202,1.5x,,1.5x,0.304,,0.304,弱突破平仓,2020
569,2020-06-11 00:00,做多,基准值,9784.38,111.44,1.142,10.61,9,0.05,2.57,确认,,,2020-06-11 16:00,9793.18,4,0.079,,0.079,2.0x,,2.0x,0.158,,0.158,KAMA跟踪止损,2020
570,2020-06-08 00:00,做多,基准值,9714.85,129.82,1.366,8.77,13,-1.92,1.61,确认,,,2020-06-08 16:00,9714.85,4,0.0,,0.0,2.0x,,2.0x,0.0,,0.0,KAMA跟踪止损,2020
571,2020-06-04 20:00,做多,基准值,9687.02,156.16,1.622,11.29,11,-0.4,1.52,确认,,,2020-06-05 12:00,9749.11,4,0.398,,0.398,2.0x,,2.0x,0.795,,0.795,KAMA跟踪止损,2020
572,2020-06-03 16:00,做多,基准值,9552.74,174.63,1.837,10.34,4,-0.0,0.75,弱突破,,,2020-06-03 16:00,9612.6,0,0.343,,0.343,2.0x,,2.0x,0.686,,0.686,弱突破平仓,2020
573,2020-05-30 12:00,做多,基准值,9455.07,142.55,1.517,10.76,4,-0.15,1.28,确认,是,9696.05,2020-05-31 04:00,9455.07,4,0.0,-1.0,-1.0,2.0x,,2.0x,0.0,-2.0,-2.0,KAMA跟踪止损,2020
574,2020-05-26 20:00,做空,基准值,8825.93,164.29,1.852,6.04,6,0.33,1.51,确认,,,2020-05-27 08:00,8830.71,3,-0.029,,-0.029,1.5x,,1.5x,-0.044,,-0.044,3K收盘认赔,2020
575,2020-05-17 20:00,做多,基准值,9575.88,221.45,2.325,17.27,14,1.52,1.46,确认,,,2020-05-18 16:00,9671.55,5,0.432,,0.432,1.0x,,1.0x,0.432,,0.432,KAMA跟踪止损,2020
576,2020-05-17 08:00,做多,基准值,9526.99,234.77,2.502,16.16,4,-0.33,0.62,弱突破,,,2020-05-17 08:00,9546.16,0,0.082,,0.082,1.0x,,1.0x,0.082,,0.082,弱突破平仓,2020
577,2020-05-16 00:00,做空,基准值,9379.95,261.82,2.763,17.89,3,-0.01,0.84,弱突破,,,2020-05-16 00:00,9347.82,0,0.123,,0.123,1.0x,,1.0x,0.123,,0.123,弱突破平仓,2020
578,2020-05-12 16:00,做多,基准值,8800.2,289.75,3.348,9.4,3,-1.02,0.58,弱突破,,,2020-05-12 16:00,8800.97,0,0.003,,0.003,1.0x,,1.0x,0.003,,0.003,弱突破平仓,2020
579,2020-05-11 16:00,做多,基准值,8835.2,259.53,2.996,9.85,7,1.81,1.7,弱突破,,,2020-05-11 16:00,8918.7,0,0.322,,0.322,1.0x,,1.0x,0.322,,0.322,弱突破平仓,2020
580,2020-05-07 20:00,做多,基准值,9369.21,188.23,2.028,20.01,431,1.46,2.52,确认,是,9862.16,2020-05-09 08:00,9752.22,9,2.035,-0.161,1.873,1.0x,,1.0x,2.035,-0.161,1.873,KAMA跟踪止损,2020
581,2020-05-01 16:00,做多,基准值,8880.22,216.31,2.468,17.42,5,-0.87,0.8,确认,,,2020-05-02 00:00,8663.91,2,-1.0,,-1.0,1.0x,,1.0x,-1.0,,-1.0,前3K止损,2020
582,2020-04-23 20:00,做多,基准值,7180.15,109.95,1.542,-2.35,253,0.11,3.82,确认,是,7522.74,2020-04-24 20:00,7422.23,6,2.202,-0.222,1.98,2.0x,,2.0x,4.403,-0.444,3.959,KAMA跟踪止损,2020
583,2020-04-13 08:00,做空,基准值,6847.59,135.0,1.955,-6.82,50,-0.81,2.3,确认,,,2020-04-14 04:00,6847.59,5,0.0,,0.0,1.5x,,1.5x,0.0,,0.0,KAMA跟踪止损,2020
584,2020-04-01 20:00,做空,基准值,6252.42,158.63,2.52,-16.74,13,1.82,1.44,弱突破,,,2020-04-01 20:00,6229.99,0,0.141,,0.141,1.0x,,1.0x,0.141,,0.141,弱突破平仓,2020
585,2020-03-22 20:00,做空,基准值,6110.56,306.43,4.982,-22.4,4,0.58,1.15,弱突破,,,2020-03-22 20:00,6076.73,0,0.11,,0.11,1.0x,,1.0x,0.11,,0.11,弱突破平仓,2020
586,2020-03-15 16:00,做多,基准值,5420.11,395.58,7.504,-37.3,3,-2.05,0.4,弱突破,,,2020-03-15 16:00,5427.08,0,0.018,,0.018,1.0x,,1.0x,0.018,,0.018,弱突破平仓,2020
587,2020-03-15 04:00,做空,基准值,5184.29,424.94,7.896,-36.66,6,2.05,0.61,弱突破,,,2020-03-15 04:00,5179.19,0,0.012,,0.012,1.0x,,1.0x,0.012,,0.012,弱突破平仓,2020
588,2020-03-13 04:00,做空,基准值,5620.86,286.21,4.747,-30.54,483,18.37,3.5,确认,是,5161.81,2020-03-13 08:00,4946.35,1,2.357,0.289,2.646,1.0x,,1.0x,2.357,0.289,2.646,止盈,2020
589,2020-03-12 04:00,做多,基准值,7918.74,174.15,2.224,-10.96,3,-0.38,0.78,弱突破,,,2020-03-12 04:00,7933.9,0,0.087,,0.087,1.0x,,1.0x,0.087,,0.087,弱突破平仓,2020
590,2020-03-08 00:00,做空,基准值,9052.31,111.54,1.224,2.49,14,-0.26,3.03,确认,是,8748.82,2020-03-09 12:00,7966.04,9,9.739,1.886,11.625,1.5x,,1.5x,14.608,2.829,17.437,止盈,2020
591,2020-03-05 08:00,做多,基准值,8780.16,132.2,1.511,-1.5,8,0.36,1.48,确认,是,9101.41,2020-03-06 20:00,9009.62,9,1.736,-0.202,1.533,2.0x,,2.0x,3.471,-0.405,3.066,KAMA跟踪止损,2020
592,2020-02-28 16:00,做空,基准值,8682.58,170.26,1.95,-2.04,7,2.02,1.31,确认,,,2020-02-29 04:00,8693.32,3,-0.063,,-0.063,1.5x,,1.5x,-0.095,,-0.095,3K收盘认赔,2020
593,2020-02-25 00:00,做空,基准值,9669.39,142.87,1.472,8.87,13,0.57,2.35,弱突破,,,2020-02-25 00:00,9602.19,0,0.47,,0.47,1.5x,,1.5x,0.706,,0.706,弱突破平仓,2020
594,2020-02-14 12:00,做空,基准值,10153.47,145.46,1.418,18.94,3,-0.06,0.68,弱突破,,,2020-02-14 12:00,10124.03,0,0.202,,0.202,1.5x,,1.5x,0.304,,0.304,弱突破平仓,2020
595,2020-02-11 20:00,做多,基准值,9863.39,118.91,1.213,15.68,8,-0.46,2.32,确认,是,10246.55,2020-02-13 16:00,10283.54,11,3.533,0.074,3.607,2.0x,,2.0x,7.067,0.147,7.214,KAMA跟踪止损,2020
596,2020-02-11 08:00,做空,基准值,9783.28,123.32,1.252,16.91,16,-0.28,1.21,弱突破,,,2020-02-11 08:00,9735.84,0,0.385,,0.385,1.5x,,1.5x,0.577,,0.577,弱突破平仓,2020
597,2020-02-03 20:00,做空,基准值,9298.56,125.37,1.341,15.04,7,-0.22,0.99,弱突破,,,2020-02-03 20:00,9269.52,0,0.232,,0.232,1.5x,,1.5x,0.347,,0.347,弱突破平仓,2020
598,2020-02-03 04:00,做空,基准值,9350.28,119.72,1.268,16.62,3,-0.74,0.84,弱突破,,,2020-02-03 04:00,9330.83,0,0.162,,0.162,1.5x,,1.5x,0.244,,0.244,弱突破平仓,2020
599,2020-02-02 16:00,做多,基准值,9408.51,125.28,1.337,15.76,6,0.04,1.0,弱突破,,,2020-02-02 16:00,9434.49,0,0.207,,0.207,2.0x,,2.0x,0.415,,0.415,弱突破平仓,2020
600,2020-02-02 08:00,做空,基准值,9302.55,119.63,1.275,16.46,7,-0.34,0.87,弱突破,,,2020-02-02 08:00,9269.28,0,0.278,,0.278,1.5x,,1.5x,0.417,,0.417,弱突破平仓,2020
601,2020-01-26 16:00,做多,基准值,8418.51,104.47,1.246,7.16,8,0.26,1.34,确认,是,8613.13,2020-01-27 16:00,8583.58,6,1.58,-0.099,1.481,2.0x,,2.0x,3.16,-0.198,2.962,KAMA跟踪止损,2020
602,2020-01-25 08:00,做空,基准值,8374.74,118.7,1.406,8.39,3,-0.33,1.17,确认,,,2020-01-26 04:00,8374.74,5,0.0,,0.0,1.5x,是,1.0x,0.0,,0.0,KAMA跟踪止损,2020
603,2020-01-19 08:00,做多,基准值,8963.84,132.25,1.483,16.79,160,0.44,1.81,确认,,,2020-01-19 16:00,8831.59,2,-1.0,,-1.0,2.0x,,2.0x,-2.0,,-2.0,前3K止损,2020
604,2020-01-10 20:00,做多,基准值,7853.56,142.02,1.812,6.06,9,0.26,1.45,确认,是,8194.0,2020-01-12 08:00,8006.81,9,1.079,-0.388,0.691,2.0x,,2.0x,2.158,-0.776,1.382,KAMA跟踪止损,2020
605,2019-12-31 20:00,做空,基准值,7204.19,69.38,0.958,-0.87,22,0.04,1.85,弱突破,,,2019-12-31 20:00,7197.33,0,0.099,,0.099,1.5x,是,1.0x,0.099,,0.099,弱突破平仓,2019
606,2019-12-27 16:00,做空,基准值,7159.04,71.94,1.001,-1.65,9,1.57,0.82,弱突破,,,2019-12-27 16:00,7138.83,0,0.281,,0.281,1.5x,是,1.0x,0.281,,0.281,弱突破平仓,2019
