突破K索引,突破K时间,起点KAMA值,ATR值,突破线价格,峰值价格,峰值K索引,终点K索引,涨跌幅%,持续K数,KAMA同向运行根数
173,2019-10-07 20:00,7993.04,144.49,8137.53,8611.27,189,195,5.82,22,22
174,2019-10-08 00:00,8003.43,155.01,8158.44,8611.27,189,195,5.55,21,21
175,2019-10-08 04:00,8019.3,155.94,8175.24,8611.27,189,195,5.33,20,20
467,2019-11-25 20:00,6976.98,192.24,7169.22,7803.96,491,500,8.85,33,33
468,2019-11-26 00:00,6977.99,203.52,7181.51,7803.96,491,500,8.67,32,32
470,2019-11-26 08:00,6980.73,203.2,7183.93,7803.96,491,500,8.63,30,30
479,2019-11-27 20:00,6984.9,201.89,7186.79,7803.96,491,500,8.59,21,29
480,2019-11-28 00:00,7085.97,200.4,7286.37,7803.96,491,500,7.1,20,20
605,2019-12-18 20:00,6709.09,100.59,6809.67,7590.4,632,636,11.46,31,31
606,2019-12-19 00:00,6712.18,117.62,6829.8,7590.4,632,636,11.14,30,30
607,2019-12-19 04:00,6753.65,121.68,6875.33,7590.4,632,636,10.4,29,29
608,2019-12-19 08:00,6766.3,142.73,6909.03,7590.4,632,636,9.86,28,28
609,2019-12-19 12:00,6793.82,147.99,6941.81,7590.4,632,636,9.34,27,27
610,2019-12-19 16:00,6842.41,144.85,6987.26,7590.4,632,636,8.63,26,26
611,2019-12-19 20:00,6882.44,145.2,7027.64,7590.4,632,636,8.01,25,25
612,2019-12-20 00:00,6919.03,146.54,7065.57,7590.4,632,636,7.43,24,24
613,2019-12-20 04:00,6953.97,142.96,7096.93,7590.4,632,636,6.95,23,23
614,2019-12-20 08:00,6979.26,138.43,7117.69,7590.4,632,636,6.64,22,22
615,2019-12-20 12:00,6994.82,135.38,7130.2,7590.4,632,636,6.45,21,21
616,2019-12-20 16:00,7003.56,132.63,7136.18,7590.4,632,636,6.36,20,20
699,2020-01-03 12:00,7087.83,80.83,7168.67,8335.28,730,732,16.27,33,33
700,2020-01-03 16:00,7094.01,94.5,7188.51,8335.28,730,732,15.95,32,32
701,2020-01-03 20:00,7099.94,98.29,7198.23,8335.28,730,732,15.8,31,31
702,2020-01-04 00:00,7115.34,100.88,7216.22,8335.28,730,732,15.51,30,30
703,2020-01-04 04:00,7133.01,102.38,7235.39,8335.28,730,732,15.2,29,29
704,2020-01-04 08:00,7144.91,102.42,7247.33,8335.28,730,732,15.01,28,28
705,2020-01-04 12:00,7159.22,100.7,7259.92,8335.28,730,732,14.81,27,27
706,2020-01-04 16:00,7199.75,98.59,7298.34,8335.28,730,732,14.21,26,26
708,2020-01-05 00:00,7226.68,97.2,7323.88,8335.28,730,732,13.81,24,25
709,2020-01-05 04:00,7254.72,94.71,7349.42,8335.28,730,732,13.41,23,24
710,2020-01-05 08:00,7269.61,96.51,7366.12,8335.28,730,732,13.16,22,23
711,2020-01-05 12:00,7327.0,96.63,7423.62,8335.28,730,732,12.28,21,21
713,2020-01-05 20:00,7332.97,94.55,7427.52,8335.28,730,732,12.22,19,20
745,2020-01-11 04:00,7934.5,152.6,8087.1,8825.0,769,771,9.12,26,28
746,2020-01-11 08:00,7977.44,165.76,8143.2,8825.0,769,771,8.37,25,25
750,2020-01-12 00:00,7981.44,163.94,8145.38,8825.0,769,771,8.34,21,24
755,2020-01-12 20:00,7993.67,160.71,8154.38,8825.0,769,771,8.22,16,22
757,2020-01-13 04:00,8010.19,157.68,8167.87,8825.0,769,771,8.05,14,21
840,2020-01-27 00:00,8431.26,111.88,8543.13,9525.67,865,878,11.5,38,39
841,2020-01-27 04:00,8467.69,108.84,8576.53,9525.67,865,878,11.07,37,38
842,2020-01-27 08:00,8508.32,111.92,8620.25,9525.67,865,878,10.5,36,37
844,2020-01-27 16:00,8582.95,108.6,8691.55,9525.67,865,878,9.6,34,35
846,2020-01-28 00:00,8680.19,110.61,8790.8,9525.67,865,878,8.36,32,33
848,2020-01-28 08:00,8818.19,115.84,8934.02,9525.67,865,878,6.62,30,31
850,2020-01-28 16:00,8954.09,123.4,9077.49,9525.67,865,878,4.94,28,29
853,2020-01-29 04:00,8986.86,125.81,9112.67,9525.67,865,878,4.53,25,28
854,2020-01-29 08:00,9138.72,148.57,9287.29,9525.67,865,878,2.57,24,24
855,2020-01-29 12:00,9179.83,149.07,9328.9,9525.67,865,878,2.11,23,23
858,2020-01-30 00:00,9193.13,145.57,9338.7,9525.67,865,878,2.0,20,22
1324,2020-04-16 16:00,6850.82,136.67,6987.49,7242.42,1339,1348,3.65,24,25
1325,2020-04-16 20:00,6861.64,156.24,7017.88,7242.42,1339,1348,3.2,23,23
1326,2020-04-17 00:00,6869.16,156.88,7026.03,7242.42,1339,1348,3.08,22,22
1327,2020-04-17 04:00,6883.4,156.28,7039.68,7242.42,1339,1348,2.88,21,21
1328,2020-04-17 08:00,6903.28,160.01,7063.29,7242.42,1339,1348,2.54,20,20
1361,2020-04-22 20:00,6942.91,124.75,7067.66,9306.03,1406,1408,31.67,47,48
1363,2020-04-23 04:00,6982.34,125.53,7107.87,9306.03,1406,1408,30.93,45,46
1366,2020-04-23 16:00,6999.53,123.73,7123.26,9306.03,1406,1408,30.64,42,45
1367,2020-04-23 20:00,7026.31,120.44,7146.75,9306.03,1406,1408,30.21,41,44
1368,2020-04-24 00:00,7280.55,146.33,7426.88,9306.03,1406,1408,25.3,40,40
1369,2020-04-24 04:00,7324.9,145.49,7470.39,9306.03,1406,1408,24.57,39,39
1370,2020-04-24 08:00,7369.34,147.62,7516.96,9306.03,1406,1408,23.8,38,38
1371,2020-04-24 12:00,7408.2,144.6,7552.8,9306.03,1406,1408,23.21,37,37
1382,2020-04-26 08:00,7420.74,142.25,7563.0,9306.03,1406,1408,23.05,26,36
1384,2020-04-26 16:00,7432.38,142.21,7574.59,9306.03,1406,1408,22.86,24,35
1386,2020-04-27 00:00,7508.66,122.14,7630.8,9306.03,1406,1408,21.95,22,23
1387,2020-04-27 04:00,7526.32,127.64,7653.96,9306.03,1406,1408,21.58,21,21
1388,2020-04-27 08:00,7546.9,127.13,7674.03,9306.03,1406,1408,21.27,20,20
1444,2020-05-06 16:00,8883.19,203.84,9087.03,9995.0,1453,1461,9.99,17,21
1809,2020-07-06 12:00,9110.39,80.08,9190.47,9436.08,1825,1829,2.67,20,20
1899,2020-07-21 12:00,9163.22,50.44,9213.66,11165.07,1943,1948,21.18,49,73
1900,2020-07-21 16:00,9212.29,57.7,9269.99,11174.78,1949,1949,20.55,49,71
1901,2020-07-21 20:00,9226.86,57.33,9284.19,11217.69,1950,1950,20.83,49,70
1902,2020-07-22 00:00,9247.93,60.49,9308.42,11217.69,1950,1951,20.51,49,69
1903,2020-07-22 04:00,9279.22,60.9,9340.12,11217.69,1950,1952,20.1,49,68
1904,2020-07-22 08:00,9297.9,59.85,9357.74,11217.69,1950,1953,19.88,49,67
1908,2020-07-23 00:00,9298.21,58.76,9356.97,11217.69,1950,1957,19.89,49,66
1909,2020-07-23 04:00,9317.15,59.72,9376.86,11217.69,1950,1958,19.63,49,63
1910,2020-07-23 08:00,9358.4,65.88,9424.28,11217.69,1950,1959,19.03,49,61
1911,2020-07-23 12:00,9371.23,65.8,9437.04,11231.87,1960,1960,19.02,49,60
1912,2020-07-23 16:00,9383.89,64.96,9448.85,11355.05,1961,1961,20.17,49,59
1913,2020-07-23 20:00,9395.92,64.3,9460.23,11355.05,1961,1962,20.03,49,58
1914,2020-07-24 00:00,9430.08,69.09,9499.17,11355.05,1961,1963,19.54,49,57
1915,2020-07-24 04:00,9486.04,73.93,9559.97,11373.99,1964,1964,18.98,49,56
1920,2020-07-25 00:00,9500.52,72.38,9572.9,11811.42,1969,1969,23.38,49,55
1925,2020-07-25 20:00,9512.32,73.54,9585.85,12026.41,1970,1971,25.46,46,50
1926,2020-07-26 00:00,9529.48,74.31,9603.79,12026.41,1970,1971,25.23,45,45
1927,2020-07-26 04:00,9563.71,77.3,9641.0,12026.41,1970,1971,24.74,44,44
1928,2020-07-26 08:00,9579.24,76.69,9655.93,12026.41,1970,1971,24.55,43,43
1929,2020-07-26 12:00,9599.79,75.41,9675.19,12026.41,1970,1971,24.3,42,42
1930,2020-07-26 16:00,9695.45,75.38,9770.83,12026.41,1970,1971,23.08,41,41
1931,2020-07-26 20:00,9783.41,101.37,9884.77,12026.41,1970,1971,21.67,40,40
1933,2020-07-27 04:00,9796.81,105.68,9902.49,12026.41,1970,1971,21.45,38,39
1934,2020-07-27 08:00,9940.91,106.93,10047.85,12026.41,1970,1971,19.69,37,37
1935,2020-07-27 12:00,9976.74,123.16,10099.9,12026.41,1970,1971,19.07,36,36
1936,2020-07-27 16:00,10024.27,126.53,10150.81,12026.41,1970,1971,18.48,35,35
1937,2020-07-27 20:00,10071.42,131.16,10202.58,12026.41,1970,1971,17.88,34,34
1938,2020-07-28 00:00,10256.63,135.63,10392.26,12026.41,1970,1971,15.72,33,33
1939,2020-07-28 04:00,10471.31,163.5,10634.81,12026.41,1970,1971,13.09,32,32
1940,2020-07-28 08:00,10582.36,190.69,10773.05,12026.41,1970,1971,11.63,31,31
1941,2020-07-28 12:00,10634.69,201.86,10836.55,12026.41,1970,1971,10.98,30,30
1942,2020-07-28 16:00,10717.86,207.6,10925.45,12026.41,1970,1971,10.08,29,29
1943,2020-07-28 20:00,10824.14,220.37,11044.5,12026.41,1970,1971,8.89,28,28
1948,2020-07-29 16:00,10846.3,223.12,11069.42,12026.41,1970,1971,8.65,23,27
1949,2020-07-29 20:00,10891.45,224.74,11116.19,12026.41,1970,1971,8.19,22,24
1950,2020-07-30 00:00,10923.0,228.95,11151.95,12026.41,1970,1971,7.84,21,21
1960,2020-07-31 16:00,10931.1,226.79,11157.89,12026.41,1970,1971,7.78,11,20
2138,2020-08-30 08:00,11465.47,128.04,11593.52,12049.13,2153,2158,3.93,20,21
2375,2020-10-08 20:00,10703.65,86.66,10790.31,11413.28,2384,2398,5.77,23,23
2376,2020-10-09 00:00,10732.42,100.91,10833.33,11413.28,2384,2398,5.35,22,22
2377,2020-10-09 04:00,10764.43,101.65,10866.08,11413.28,2384,2398,5.04,21,21
2378,2020-10-09 08:00,10781.68,100.26,10881.94,11413.28,2384,2398,4.88,20,20
2437,2020-10-19 04:00,11362.53,118.33,11480.86,13072.17,2460,2463,13.86,26,31
2441,2020-10-19 20:00,11390.89,113.0,11503.88,13072.17,2460,2463,13.63,22,28
2442,2020-10-20 00:00,11509.52,119.25,11628.77,13072.17,2460,2463,12.41,21,21
2443,2020-10-20 04:00,11528.76,121.99,11650.75,13072.17,2460,2463,12.2,20,20
2580,2020-11-12 00:00,15374.21,352.64,15726.85,16432.35,2588,2596,4.49,16,20
2766,2020-12-13 00:00,18330.03,342.4,18672.44,23348.36,2795,2801,25.04,35,36
2767,2020-12-13 04:00,18443.57,343.59,18787.16,23348.36,2795,2801,24.28,34,34
2769,2020-12-13 12:00,18518.64,337.81,18856.45,23348.36,2795,2801,23.82,32,33
2770,2020-12-13 16:00,18887.39,339.3,19226.69,23348.36,2795,2801,21.44,31,31
2780,2020-12-15 08:00,18972.27,333.17,19305.44,23348.36,2795,2801,20.94,21,30
2784,2020-12-16 00:00,19127.61,304.03,19431.64,23348.36,2795,2801,20.16,17,20
2870,2020-12-30 08:00,26908.64,729.64,27638.28,34472.24,2895,2901,24.73,31,33
2871,2020-12-30 12:00,27188.87,735.29,27924.16,34472.24,2895,2901,23.45,30,30
2873,2020-12-30 20:00,27215.81,743.45,27959.26,34472.24,2895,2901,23.29,28,29
2874,2020-12-31 00:00,27527.49,766.26,28293.75,34472.24,2895,2901,21.84,27,27
2875,2020-12-31 04:00,27773.68,779.55,28553.23,34472.24,2895,2901,20.73,26,26
2876,2020-12-31 08:00,27983.08,765.84,28748.91,34472.24,2895,2901,19.91,25,25
2877,2020-12-31 12:00,28263.55,792.8,29056.35,34472.24,2895,2901,18.64,24,24
2882,2021-01-01 08:00,28370.92,783.3,29154.22,34472.24,2895,2901,18.24,19,23
2910,2021-01-06 00:00,32365.03,1341.25,33706.27,41399.98,2926,2938,22.83,28,28
2911,2021-01-06 04:00,32441.72,1399.07,33840.79,41399.98,2926,2938,22.34,27,27
2912,2021-01-06 08:00,32736.88,1383.87,34120.75,41399.98,2926,2938,21.33,26,26
2913,2021-01-06 12:00,33038.7,1359.08,34397.79,41399.98,2926,2938,20.36,25,25
2914,2021-01-06 16:00,33375.55,1379.9,34755.45,41399.98,2926,2938,19.12,24,24
2917,2021-01-07 04:00,33513.98,1395.91,34909.88,41399.98,2926,2938,18.59,21,23
2918,2021-01-07 08:00,35841.33,1446.49,37287.82,41399.98,2926,2938,11.03,20,20
3131,2021-02-11 20:00,45611.5,1571.48,47182.98,49144.99,3148,3152,4.16,21,22
3132,2021-02-12 00:00,45745.41,1646.92,47392.34,49144.99,3148,3152,3.7,20,20
3158,2021-02-16 08:00,47299.43,1429.45,48728.88,58181.35,3192,3194,19.4,36,39
3159,2021-02-16 12:00,47438.45,1430.22,48868.67,58181.35,3192,3194,19.06,35,35
3160,2021-02-16 16:00,47449.87,1444.45,48894.32,58181.35,3192,3194,18.99,34,34
3161,2021-02-16 20:00,47466.12,1407.95,48874.07,58181.35,3192,3194,19.04,33,33
3163,2021-02-17 04:00,47526.62,1468.63,48995.26,58181.35,3192,3194,18.75,31,32
3164,2021-02-17 08:00,47791.96,1459.31,49251.27,58181.35,3192,3194,18.13,30,30
3165,2021-02-17 12:00,48187.46,1453.71,49641.17,58181.35,3192,3194,17.2,29,29
3166,2021-02-17 16:00,48500.73,1492.78,49993.5,58181.35,3192,3194,16.38,28,28
3167,2021-02-17 20:00,48961.42,1473.46,50434.88,58181.35,3192,3194,15.36,27,27
3168,2021-02-18 00:00,49408.64,1455.99,50864.62,58181.35,3192,3194,14.38,26,26
3169,2021-02-18 04:00,49986.09,1465.64,51451.73,58181.35,3192,3194,13.08,25,25
3170,2021-02-18 08:00,50497.8,1431.51,51929.31,58181.35,3192,3194,12.04,24,24
3178,2021-02-19 16:00,50808.82,1390.14,52198.96,58181.35,3192,3194,11.46,16,23
3272,2021-03-07 08:00,47992.06,1564.61,49556.68,61432.39,3314,3319,23.96,47,49
3273,2021-03-07 12:00,48036.49,1565.17,49601.66,61432.39,3314,3319,23.85,46,48
3274,2021-03-07 16:00,48393.56,1491.13,49884.69,61432.39,3314,3319,23.15,45,45
3275,2021-03-07 20:00,48557.1,1472.45,50029.54,61432.39,3314,3319,22.79,44,44
3276,2021-03-08 00:00,48677.69,1457.04,50134.73,61432.39,3314,3319,22.53,43,43
3277,2021-03-08 04:00,48865.08,1439.69,50304.76,61432.39,3314,3319,22.12,42,42
3278,2021-03-08 08:00,49051.04,1451.7,50502.74,61432.39,3314,3319,21.64,41,41
3281,2021-03-08 20:00,49132.83,1459.0,50591.83,61432.39,3314,3319,21.43,38,40
3282,2021-03-09 00:00,49604.66,1431.38,51036.04,61432.39,3314,3319,20.37,37,37
3283,2021-03-09 04:00,49902.25,1407.31,51309.55,61432.39,3314,3319,19.73,36,36
3284,2021-03-09 08:00,50440.22,1394.39,51834.61,61432.39,3314,3319,18.52,35,35
3285,2021-03-09 12:00,50820.56,1440.1,52260.65,61432.39,3314,3319,17.55,34,34
3286,2021-03-09 16:00,51393.22,1420.89,52814.11,61432.39,3314,3319,16.32,33,33
3287,2021-03-09 20:00,51741.66,1404.82,53146.48,61432.39,3314,3319,15.59,32,32
3288,2021-03-10 00:00,52149.21,1395.77,53544.98,61432.39,3314,3319,14.73,31,31
3289,2021-03-10 04:00,53071.99,1362.78,54434.78,61432.39,3314,3319,12.86,30,30
3292,2021-03-10 16:00,53127.74,1345.91,54473.65,61432.39,3314,3319,12.77,27,29
3293,2021-03-10 20:00,53888.98,1411.69,55300.67,61432.39,3314,3319,11.09,26,26
3294,2021-03-11 00:00,54219.68,1425.73,55645.41,61432.39,3314,3319,10.4,25,25
3295,2021-03-11 04:00,54337.67,1421.87,55759.54,61432.39,3314,3319,10.17,24,24
3296,2021-03-11 08:00,54427.48,1435.96,55863.44,61432.39,3314,3319,9.97,23,23
3298,2021-03-11 16:00,54441.52,1431.25,55872.77,61432.39,3314,3319,9.95,21,22
3299,2021-03-11 20:00,54587.42,1448.28,56035.7,61432.39,3314,3319,9.63,20,20
3406,2021-03-29 16:00,55363.85,1253.2,56617.05,59979.99,3428,3439,5.94,33,35
3407,2021-03-29 20:00,55718.76,1299.32,57018.08,59979.99,3428,3439,5.19,32,32
3408,2021-03-30 00:00,55831.71,1295.55,57127.27,59979.99,3428,3439,4.99,31,31
3409,2021-03-30 04:00,55918.72,1287.86,57206.58,59979.99,3428,3439,4.85,30,30
3411,2021-03-30 12:00,55976.83,1265.62,57242.45,59979.99,3428,3439,4.78,28,29
3412,2021-03-30 16:00,56791.12,1234.46,58025.58,59979.99,3428,3439,3.37,27,27
3413,2021-03-30 20:00,56991.47,1262.14,58253.61,59979.99,3428,3439,2.96,26,26
3414,2021-03-31 00:00,57361.64,1243.03,58604.67,59979.99,3428,3439,2.35,25,25
3415,2021-03-31 04:00,57521.49,1214.85,58736.34,59979.99,3428,3439,2.12,24,24
3419,2021-03-31 20:00,57566.73,1169.4,58736.13,59979.99,3428,3439,2.12,20,22
3469,2021-04-09 04:00,56841.02,1043.22,57884.23,64623.03,3502,3503,11.64,34,36
3470,2021-04-09 08:00,56970.65,1027.99,57998.64,64623.03,3502,3503,11.42,33,33
3471,2021-04-09 12:00,57075.67,1006.89,58082.56,64623.03,3502,3503,11.26,32,32
3472,2021-04-09 16:00,57328.51,989.05,58317.56,64623.03,3502,3503,10.81,31,31
3476,2021-04-10 08:00,57475.26,1001.53,58476.78,64623.03,3502,3503,10.51,27,30
3477,2021-04-10 12:00,58614.73,980.03,59594.76,64623.03,3502,3503,8.44,26,26
3478,2021-04-10 16:00,59109.31,1056.73,60166.05,64623.03,3502,3503,7.41,25,25
3479,2021-04-10 20:00,59297.82,1033.46,60331.29,64623.03,3502,3503,7.11,24,24
3488,2021-04-12 08:00,59326.59,1025.91,60352.51,64623.03,3502,3503,7.08,15,23
3489,2021-04-12 12:00,59445.97,1050.79,60496.76,64623.03,3502,3503,6.82,14,21
3949,2021-06-28 04:00,32519.83,1307.4,33827.24,36375.62,3960,3965,7.53,16,21
4090,2021-07-21 16:00,30278.1,584.16,30862.27,39358.4,4122,4123,27.53,33,34
4091,2021-07-21 20:00,30402.75,627.96,31030.71,39358.4,4122,4123,26.84,32,32
4092,2021-07-22 00:00,30664.69,623.48,31288.17,39358.4,4122,4123,25.79,31,31
4093,2021-07-22 04:00,31002.08,658.5,31660.59,39358.4,4122,4123,24.31,30,30
4094,2021-07-22 08:00,31193.24,662.09,31855.34,39358.4,4122,4123,23.55,29,29
4095,2021-07-22 12:00,31386.96,658.49,32045.45,39358.4,4122,4123,22.82,28,28
4097,2021-07-22 20:00,31476.79,647.84,32124.63,39358.4,4122,4123,22.52,26,27
4100,2021-07-23 08:00,31806.22,653.0,32459.23,39358.4,4122,4123,21.25,23,25
4105,2021-07-24 04:00,31935.71,627.47,32563.18,39358.4,4122,4123,20.87,18,22
4182,2021-08-06 00:00,38536.47,921.12,39457.59,46448.42,4218,4222,17.72,40,41
4183,2021-08-06 04:00,39006.67,1062.35,40069.03,46448.42,4218,4222,15.92,39,39
4184,2021-08-06 08:00,39080.45,1042.02,40122.47,46448.42,4218,4222,15.77,38,38
4185,2021-08-06 12:00,39148.58,1046.68,40195.26,46448.42,4218,4222,15.56,37,37
4186,2021-08-06 16:00,39175.13,1062.84,40237.98,46448.42,4218,4222,15.43,36,36
4187,2021-08-06 20:00,39378.04,1046.57,40424.62,46448.42,4218,4222,14.9,35,35
4188,2021-08-07 00:00,39742.38,1105.14,40847.53,46448.42,4218,4222,13.71,34,34
4189,2021-08-07 04:00,40174.35,1109.46,41283.81,46448.42,4218,4222,12.51,33,33
4190,2021-08-07 08:00,41093.71,1082.62,42176.34,46448.42,4218,4222,10.13,32,32
4191,2021-08-07 12:00,41487.49,1088.64,42576.13,46448.42,4218,4222,9.09,31,31
4192,2021-08-07 16:00,41817.29,1079.68,42896.96,46448.42,4218,4222,8.28,30,30
4193,2021-08-07 20:00,41960.33,1071.65,43031.98,46448.42,4218,4222,7.94,29,29
4194,2021-08-08 00:00,42324.87,1092.27,43417.14,46448.42,4218,4222,6.98,28,28
4195,2021-08-08 04:00,42754.27,1122.15,43876.41,46448.42,4218,4222,5.86,27,27
4196,2021-08-08 08:00,43043.9,1128.69,44172.58,46448.42,4218,4222,5.15,26,26
4197,2021-08-08 12:00,43283.48,1124.15,44407.63,46448.42,4218,4222,4.6,25,25
4204,2021-08-09 16:00,43363.6,1127.79,44491.39,46448.42,4218,4222,4.4,18,24
4346,2021-09-02 08:00,48140.02,805.86,48945.88,52683.97,4375,4378,7.64,32,34
4347,2021-09-02 12:00,48682.3,871.04,49553.34,52683.97,4375,4378,6.32,31,31
4348,2021-09-02 16:00,49059.8,880.73,49940.53,52683.97,4375,4378,5.49,30,30
4354,2021-09-03 16:00,49160.64,862.1,50022.74,52683.97,4375,4378,5.32,24,29
4355,2021-09-03 20:00,49389.82,845.19,50235.02,52683.97,4375,4378,4.87,23,24
4356,2021-09-04 00:00,49607.22,889.36,50496.58,52683.97,4375,4378,4.33,22,22
4368,2021-09-06 00:00,49610.62,870.8,50481.42,52683.97,4375,4378,4.36,10,21
4514,2021-09-30 08:00,42311.67,984.47,43296.14,48774.37,4536,4538,12.65,24,24
4518,2021-10-01 00:00,42370.66,1052.49,43423.15,48774.37,4536,4538,12.32,20,23
4519,2021-10-01 04:00,42518.82,1012.95,43531.77,48774.37,4536,4538,12.04,19,20
4575,2021-10-10 12:00,54274.33,1112.71,55387.05,57501.9,4584,4590,3.82,15,22
4596,2021-10-14 00:00,55742.31,1222.7,56965.01,61782.64,4611,4617,8.46,21,22
4597,2021-10-14 04:00,55766.88,1255.31,57022.19,61782.64,4611,4617,8.35,20,20
4622,2021-10-18 08:00,60770.75,1164.75,61935.49,66914.74,4637,4643,8.04,21,22
4628,2021-10-19 08:00,60840.15,1250.72,62090.88,66914.74,4637,4643,7.77,15,20
5279,2022-02-04 20:00,37245.89,746.77,37992.66,44842.26,5301,5303,18.03,24,28
5280,2022-02-05 00:00,38513.53,837.33,39350.86,44842.26,5301,5303,13.95,23,23
5281,2022-02-05 04:00,39378.97,867.87,40246.84,44842.26,5301,5303,11.42,22,22
5282,2022-02-05 08:00,40013.0,893.72,40906.71,44842.26,5301,5303,9.62,21,21
5283,2022-02-05 12:00,40411.26,887.36,41298.62,44842.26,5301,5303,8.58,20,20
5552,2022-03-22 08:00,41291.05,650.72,41941.77,47923.0,5592,5593,14.26,41,41
5553,2022-03-22 12:00,41358.1,700.58,42058.68,47923.0,5592,5593,13.94,40,40
5554,2022-03-22 16:00,41571.05,741.67,42312.72,47923.0,5592,5593,13.26,39,39
5555,2022-03-22 20:00,41652.12,752.82,42404.93,47923.0,5592,5593,13.01,38,38
5561,2022-03-23 20:00,41715.84,746.98,42462.82,47923.0,5592,5593,12.86,32,37
5563,2022-03-24 04:00,41891.65,705.56,42597.2,47923.0,5592,5593,12.5,30,32
5564,2022-03-24 08:00,41935.03,723.06,42658.09,47923.0,5592,5593,12.34,29,29
5565,2022-03-24 12:00,41965.93,720.6,42686.53,47923.0,5592,5593,12.27,28,28
5566,2022-03-24 16:00,42010.8,724.76,42735.56,47923.0,5592,5593,12.14,27,27
5567,2022-03-24 20:00,42222.0,708.85,42930.85,47923.0,5592,5593,11.63,26,26
5568,2022-03-25 00:00,42465.89,748.16,43214.05,47923.0,5592,5593,10.9,25,25
5569,2022-03-25 04:00,42690.55,733.66,43424.21,47923.0,5592,5593,10.36,24,24
5570,2022-03-25 08:00,42894.31,712.24,43606.55,47923.0,5592,5593,9.9,23,23
5571,2022-03-25 12:00,43004.95,707.26,43712.21,47923.0,5592,5593,9.63,22,22
5572,2022-03-25 16:00,43401.62,687.64,44089.27,47923.0,5592,5593,8.7,21,21
5573,2022-03-25 20:00,43533.57,706.71,44240.28,47923.0,5592,5593,8.32,20,20
6115,2022-06-24 04:00,20180.7,756.95,20937.65,21699.5,6130,6137,3.64,22,24
6116,2022-06-24 08:00,20318.92,742.99,21061.91,21699.5,6130,6137,3.03,21,21
6118,2022-06-24 16:00,20374.61,726.65,21101.26,21699.5,6130,6137,2.84,19,20
6186,2022-07-06 00:00,19805.94,443.49,20249.43,22119.7,6200,6208,9.24,22,22
6192,2022-07-07 00:00,19832.42,473.69,20306.1,22119.7,6200,6208,8.93,16,21
6235,2022-07-14 04:00,19691.82,481.34,20173.16,24153.4,6275,6280,19.73,45,45
6236,2022-07-14 08:00,19708.82,498.57,20207.39,24153.4,6275,6280,19.53,44,44
6239,2022-07-14 20:00,19711.45,482.24,20193.69,24153.4,6275,6280,19.61,41,42
6240,2022-07-15 00:00,19843.55,498.79,20342.34,24153.4,6275,6280,18.73,40,40
6241,2022-07-15 04:00,19893.8,512.35,20406.16,24153.4,6275,6280,18.36,39,39
6242,2022-07-15 08:00,19935.95,501.12,20437.07,24153.4,6275,6280,18.18,38,38
6243,2022-07-15 12:00,20084.21,499.09,20583.31,24153.4,6275,6280,17.34,37,37
6244,2022-07-15 16:00,20173.02,497.08,20670.1,24153.4,6275,6280,16.85,36,36
6245,2022-07-15 20:00,20215.28,489.36,20704.64,24153.4,6275,6280,16.66,35,35
6246,2022-07-16 00:00,20321.97,481.69,20803.66,24153.4,6275,6280,16.1,34,34
6251,2022-07-16 20:00,20366.11,486.35,20852.46,24153.4,6275,6280,15.83,29,33
6252,2022-07-17 00:00,20480.39,443.22,20923.6,24153.4,6275,6280,15.44,28,28
6253,2022-07-17 04:00,20506.09,454.1,20960.2,24153.4,6275,6280,15.23,27,27
6254,2022-07-17 08:00,20556.69,453.57,21010.26,24153.4,6275,6280,14.96,26,26
6255,2022-07-17 12:00,20626.26,449.76,21076.02,24153.4,6275,6280,14.6,25,25
6256,2022-07-17 16:00,20652.69,449.88,21102.57,24153.4,6275,6280,14.46,24,24
6257,2022-07-17 20:00,20672.61,444.16,21116.77,24153.4,6275,6280,14.38,23,23
6260,2022-07-18 08:00,20683.75,443.2,21126.96,24153.4,6275,6280,14.33,20,22
6318,2022-07-28 00:00,21147.15,463.11,21610.26,24522.8,6335,6337,13.48,19,20
6578,2022-09-09 08:00,19103.36,315.02,19418.37,22516.3,6604,6605,15.95,27,34
6579,2022-09-09 12:00,19756.69,328.92,20085.61,22516.3,6604,6605,12.1,26,26
6580,2022-09-09 16:00,20120.68,356.89,20477.57,22516.3,6604,6605,9.96,25,25
6581,2022-09-09 20:00,20474.42,367.52,20841.94,22516.3,6604,6605,8.03,24,24
6582,2022-09-10 00:00,20759.48,370.79,21130.26,22516.3,6604,6605,6.56,23,23
6588,2022-09-11 00:00,20986.15,368.3,21354.45,22516.3,6604,6605,5.44,17,22
7025,2022-11-22 20:00,15932.29,267.78,16200.06,16703.2,7034,7051,3.11,26,26
7028,2022-11-23 08:00,15934.9,285.84,16220.73,16703.2,7034,7051,2.97,23,25
7029,2022-11-23 12:00,16011.49,285.48,16296.97,16703.2,7034,7051,2.49,22,22
7030,2022-11-23 16:00,16148.6,282.2,16430.8,16703.2,7034,7051,1.66,21,21
7032,2022-11-24 00:00,16182.94,278.31,16461.25,16703.2,7034,7051,1.47,19,20
7231,2022-12-27 04:00,16758.37,146.9,16905.26,16912.9,7231,7235,0.05,4,21
7296,2023-01-07 00:00,16773.73,91.62,16865.35,20996.3,7340,7345,24.49,49,73
7297,2023-01-07 04:00,16794.94,99.07,16894.0,20996.3,7340,7346,24.28,49,71
7298,2023-01-07 08:00,16804.7,101.57,16906.26,20996.3,7340,7347,24.19,49,70
7299,2023-01-07 12:00,16812.14,98.93,16911.07,20996.3,7340,7348,24.16,49,69
7300,2023-01-07 16:00,16814.55,95.44,16909.99,20996.3,7340,7349,24.17,49,68
7301,2023-01-07 20:00,16821.95,92.84,16914.79,20996.3,7340,7350,24.13,49,67
7302,2023-01-08 00:00,16829.18,90.39,16919.57,20996.3,7340,7351,24.09,49,66
7303,2023-01-08 04:00,16841.88,87.33,16929.21,21084.3,7352,7352,24.54,49,65
7307,2023-01-08 20:00,16868.32,84.11,16952.43,21314.4,7356,7356,25.73,49,64
7309,2023-01-09 04:00,16890.56,78.46,16969.02,21314.4,7356,7358,25.61,49,60
7310,2023-01-09 08:00,16961.8,89.02,17050.82,21314.4,7356,7359,25.01,49,58
7311,2023-01-09 12:00,16999.08,91.92,17091.0,21314.4,7356,7360,24.71,49,57
7312,2023-01-09 16:00,17041.32,91.14,17132.46,21314.4,7356,7361,24.41,49,56
7313,2023-01-09 20:00,17083.78,91.46,17175.24,21337.2,7362,7362,24.23,49,55
7314,2023-01-10 00:00,17124.63,94.05,17218.67,21337.2,7362,7363,23.92,49,54
7318,2023-01-10 16:00,17127.96,95.75,17223.71,21337.2,7362,7367,23.88,49,53
7319,2023-01-10 20:00,17157.38,96.86,17254.24,21337.2,7362,7368,23.66,49,50
7320,2023-01-11 00:00,17207.52,100.23,17307.75,21337.2,7362,7368,23.28,48,48
7321,2023-01-11 04:00,17236.76,103.95,17340.71,21337.2,7362,7368,23.05,47,47
7322,2023-01-11 08:00,17251.56,103.36,17354.92,21337.2,7362,7368,22.95,46,46
7323,2023-01-11 12:00,17267.72,105.19,17372.91,21337.2,7362,7368,22.82,45,45
7324,2023-01-11 16:00,17278.46,103.73,17382.19,21337.2,7362,7368,22.75,44,44
7326,2023-01-12 00:00,17282.17,101.77,17383.94,21337.2,7362,7368,22.74,42,43
7327,2023-01-12 04:00,17480.87,109.23,17590.1,21337.2,7362,7368,21.3,41,41
7328,2023-01-12 08:00,17693.56,129.36,17822.92,21337.2,7362,7368,19.72,40,40
7329,2023-01-12 12:00,17783.57,147.77,17931.35,21337.2,7362,7368,18.99,39,39
7330,2023-01-12 16:00,17865.78,148.53,18014.31,21337.2,7362,7368,18.45,38,38
7331,2023-01-12 20:00,17893.19,149.01,18042.19,21337.2,7362,7368,18.26,37,37
7332,2023-01-13 00:00,18125.01,165.06,18290.07,21337.2,7362,7368,16.66,36,36
7333,2023-01-13 04:00,18278.43,207.65,18486.08,21337.2,7362,7368,15.42,35,35
7334,2023-01-13 08:00,18410.01,215.34,18625.35,21337.2,7362,7368,14.56,34,34
7335,2023-01-13 12:00,18509.87,213.11,18722.98,21337.2,7362,7368,13.96,33,33
7336,2023-01-13 16:00,18604.12,207.7,18811.82,21337.2,7362,7368,13.42,32,32
7337,2023-01-13 20:00,18752.97,209.62,18962.59,21337.2,7362,7368,12.52,31,31
7338,2023-01-14 00:00,18880.01,224.03,19104.03,21337.2,7362,7368,11.69,30,30
7339,2023-01-14 04:00,19198.79,230.08,19428.86,21337.2,7362,7368,9.82,29,29
7340,2023-01-14 08:00,19820.69,253.09,20073.78,21337.2,7362,7368,6.29,28,28
7341,2023-01-14 12:00,20214.05,323.51,20537.56,21337.2,7362,7368,3.89,27,27
7342,2023-01-14 16:00,20343.74,320.27,20664.01,21337.2,7362,7368,3.26,26,26
7345,2023-01-15 04:00,20466.04,343.64,20809.68,21337.2,7362,7368,2.53,23,25
7352,2023-01-16 08:00,20677.25,356.18,21033.43,21337.2,7362,7368,1.44,16,23
7686,2023-03-13 00:00,20095.62,374.09,20469.71,25911.3,7697,7703,26.58,17,23
7728,2023-03-20 00:00,27037.42,662.79,27700.21,28586.2,7745,7746,3.2,18,20
7962,2023-04-28 00:00,28591.36,580.81,29172.17,29659.9,7962,7982,1.67,20,24
8066,2023-05-15 08:00,26648.17,451.99,27100.15,27410.1,8070,8074,1.14,8,21
8135,2023-05-26 20:00,26373.3,286.25,26659.54,28055.7,8149,8153,5.24,18,23
8202,2023-06-07 00:00,25877.98,284.03,26162.01,27221.5,8203,8223,4.05,21,22
8203,2023-06-07 04:00,25923.34,354.55,26277.89,27221.5,8203,8223,3.59,20,20
8363,2023-07-03 20:00,30446.49,438.15,30884.64,31254.1,8364,8370,1.2,7,20
8786,2023-09-12 08:00,25429.77,235.11,25664.88,26679.9,8801,8807,3.95,21,21
8787,2023-09-12 12:00,25432.18,264.99,25697.17,26679.9,8801,8807,3.82,20,20
8885,2023-09-28 20:00,26319.75,234.23,26553.99,28299.1,8907,8911,6.57,26,29
8886,2023-09-29 00:00,26474.2,250.83,26725.03,28299.1,8907,8911,5.89,25,25
8887,2023-09-29 04:00,26525.15,261.85,26787.01,28299.1,8907,8911,5.64,24,24
8888,2023-09-29 08:00,26533.59,262.62,26796.21,28299.1,8907,8911,5.61,23,23
8889,2023-09-29 12:00,26687.15,263.5,26950.65,28299.1,8907,8911,5.0,22,22
8898,2023-10-01 00:00,26723.07,267.97,26991.04,28299.1,8907,8911,4.85,13,21
9012,2023-10-20 00:00,28354.78,344.72,28699.5,34841.4,9047,9053,21.4,41,43
9014,2023-10-20 08:00,28404.21,349.77,28753.98,34841.4,9047,9053,21.17,39,40
9015,2023-10-20 12:00,28799.75,372.14,29171.89,34841.4,9047,9053,19.43,38,38
9016,2023-10-20 16:00,29171.85,368.3,29540.15,34841.4,9047,9053,17.95,37,37
9019,2023-10-21 04:00,29240.82,401.32,29642.14,34841.4,9047,9053,17.54,34,36
9022,2023-10-21 16:00,29307.51,408.33,29715.83,34841.4,9047,9053,17.25,31,35
9023,2023-10-21 20:00,29420.51,396.09,29816.59,34841.4,9047,9053,16.85,30,33
9024,2023-10-22 00:00,29598.27,372.62,29970.89,34841.4,9047,9053,16.25,29,30
9032,2023-10-23 08:00,29707.59,369.02,30076.61,34841.4,9047,9053,15.84,21,26
9033,2023-10-23 12:00,29925.71,384.29,30310.0,34841.4,9047,9053,14.95,20,20
9126,2023-11-08 00:00,34949.91,402.48,35352.4,37330.4,9145,9163,5.6,37,37
9132,2023-11-09 00:00,34990.67,416.12,35406.79,37330.4,9145,9163,5.43,31,32
9133,2023-11-09 04:00,35081.62,425.0,35506.62,37330.4,9145,9163,5.14,30,30
9134,2023-11-09 08:00,35427.62,441.75,35869.37,37330.4,9145,9163,4.07,29,29
9135,2023-11-09 12:00,35710.43,487.12,36197.55,37330.4,9145,9163,3.13,28,28
9136,2023-11-09 16:00,35947.6,485.87,36433.46,37330.4,9145,9163,2.46,27,27
9137,2023-11-09 20:00,36271.83,484.95,36756.78,37330.4,9145,9163,1.56,26,26
9142,2023-11-10 16:00,36282.9,547.3,36830.2,37330.4,9145,9163,1.36,21,25
9144,2023-11-11 00:00,36528.89,611.61,37140.5,37330.4,9145,9163,0.51,19,20
9199,2023-11-20 04:00,36374.84,598.61,36973.45,37584.5,9204,9209,1.65,10,20
9216,2023-11-23 00:00,36712.78,545.72,37258.49,38217.3,9227,9240,2.57,24,24
9217,2023-11-23 04:00,36717.95,572.27,37290.22,38217.3,9227,9240,2.49,23,23
9218,2023-11-23 08:00,36722.44,576.7,37299.14,38217.3,9227,9240,2.46,22,22
9219,2023-11-23 12:00,36735.74,562.11,37297.85,38217.3,9227,9240,2.47,21,21
9220,2023-11-23 16:00,36748.32,541.51,37289.83,38217.3,9227,9240,2.49,20,20
9267,2023-12-01 12:00,37658.18,412.33,38070.51,44081.7,9295,9304,15.79,37,38
9268,2023-12-01 16:00,37768.57,411.39,38179.96,44081.7,9295,9304,15.46,36,36
9269,2023-12-01 20:00,37803.78,422.76,38226.55,44081.7,9295,9304,15.32,35,35
9270,2023-12-02 00:00,37870.94,422.64,38293.58,44081.7,9295,9304,15.12,34,34
9271,2023-12-02 04:00,37957.96,431.81,38389.77,44081.7,9295,9304,14.83,33,33
9272,2023-12-02 08:00,38049.37,423.5,38472.88,44081.7,9295,9304,14.58,32,32
9273,2023-12-02 12:00,38159.75,411.05,38570.81,44081.7,9295,9304,14.29,31,31
9274,2023-12-02 16:00,38251.56,397.28,38648.83,44081.7,9295,9304,14.06,30,30
9275,2023-12-02 20:00,38349.86,385.21,38735.06,44081.7,9295,9304,13.8,29,29
9276,2023-12-03 00:00,38580.02,374.52,38954.54,44081.7,9295,9304,13.16,28,28
9277,2023-12-03 04:00,38749.14,416.39,39165.53,44081.7,9295,9304,12.55,27,27
9278,2023-12-03 08:00,38831.19,418.28,39249.47,44081.7,9295,9304,12.31,26,26
9279,2023-12-03 12:00,38982.08,412.06,39394.14,44081.7,9295,9304,11.9,25,25
9281,2023-12-03 20:00,39072.08,400.47,39472.54,44081.7,9295,9304,11.68,23,24
9283,2023-12-04 04:00,39314.36,391.34,39705.7,44081.7,9295,9304,11.02,21,22
9284,2023-12-04 08:00,39838.97,416.86,40255.84,44081.7,9295,9304,9.5,20,20
9373,2023-12-19 04:00,41789.1,622.44,42411.54,44079.0,9383,9409,3.93,36,36
9374,2023-12-19 08:00,41874.88,651.59,42526.46,44079.0,9383,9409,3.65,35,35
9375,2023-12-19 12:00,41969.34,666.75,42636.09,44079.0,9383,9409,3.38,34,34
9376,2023-12-19 16:00,42023.87,649.39,42673.26,44079.0,9383,9409,3.29,33,33
9381,2023-12-20 12:00,42066.45,633.67,42700.13,44079.0,9383,9409,3.23,28,32
9383,2023-12-20 20:00,42327.41,625.81,42953.22,44079.0,9383,9409,2.62,26,27
9384,2023-12-21 00:00,42572.02,661.34,43233.37,44044.3,9392,9409,1.88,25,25
9385,2023-12-21 04:00,42614.37,667.18,43281.56,44044.3,9392,9409,1.76,24,24
9386,2023-12-21 08:00,42656.84,663.12,43319.96,44044.3,9392,9409,1.67,23,23
9387,2023-12-21 12:00,42802.81,652.88,43455.69,44044.3,9392,9409,1.35,22,22
9388,2023-12-21 16:00,43011.84,642.24,43654.08,44044.3,9392,9409,0.89,21,21
9389,2023-12-21 20:00,43155.5,638.24,43793.74,44044.3,9392,9409,0.57,20,20
9604,2024-01-26 16:00,39629.5,660.19,40289.7,42456.6,9616,9618,5.38,14,27
9678,2024-02-08 00:00,42876.53,452.54,43329.06,50019.9,9711,9713,15.44,35,37
9679,2024-02-08 04:00,43188.42,462.21,43650.64,50019.9,9711,9713,14.59,34,34
9680,2024-02-08 08:00,43459.38,478.7,43938.07,50019.9,9711,9713,13.84,33,33
9681,2024-02-08 12:00,43626.69,479.18,44105.86,50019.9,9711,9713,13.41,32,32
9682,2024-02-08 16:00,43809.49,465.91,44275.4,50019.9,9711,9713,12.97,31,31
9683,2024-02-08 20:00,44270.2,462.0,44732.2,50019.9,9711,9713,11.82,30,30
9684,2024-02-09 00:00,44619.91,482.38,45102.29,50019.9,9711,9713,10.9,29,29
9686,2024-02-09 08:00,44846.93,488.76,45335.69,50019.9,9711,9713,10.33,27,28
9687,2024-02-09 12:00,45621.01,521.4,46142.42,50019.9,9711,9713,8.4,26,26
9688,2024-02-09 16:00,46200.51,525.05,46725.56,50019.9,9711,9713,7.05,25,25
9689,2024-02-09 20:00,46532.7,554.13,47086.83,50019.9,9711,9713,6.23,24,24
9690,2024-02-10 00:00,46874.65,579.47,47454.11,50019.9,9711,9713,5.41,23,23
9697,2024-02-11 04:00,46933.04,606.49,47539.53,50019.9,9711,9713,5.22,16,22
9715,2024-02-14 04:00,48842.17,717.82,49559.99,52379.9,9722,9737,5.69,22,23
9717,2024-02-14 12:00,48927.25,715.85,49643.1,52379.9,9722,9737,5.51,20,20
9858,2024-03-09 00:00,67065.73,1567.94,68633.66,73399.9,9888,9893,6.94,35,37
9866,2024-03-10 08:00,67498.32,1606.02,69104.34,73399.9,9888,9893,6.22,27,35
9867,2024-03-10 12:00,67770.7,1441.39,69212.09,73399.9,9888,9893,6.05,26,29
9868,2024-03-10 16:00,68154.24,1316.85,69471.09,73399.9,9888,9893,5.66,25,26
9873,2024-03-11 12:00,68388.14,1259.42,69647.56,73399.9,9888,9893,5.39,20,24
10033,2024-04-07 04:00,67503.63,1290.03,68793.66,72472.6,10042,10047,5.35,14,20
10124,2024-04-22 08:00,63887.42,1645.1,65532.51,66778.0,10129,10139,1.9,15,24
10193,2024-05-03 20:00,59163.79,1224.89,60388.68,64509.6,10209,10212,6.82,19,20
10377,2024-06-03 12:00,68197.25,697.9,68895.15,71625.1,10391,10398,3.96,21,22
10378,2024-06-03 16:00,68299.07,723.27,69022.35,71625.1,10391,10398,3.77,20,21
10379,2024-06-03 20:00,68419.9,733.19,69153.09,71625.1,10391,10398,3.57,19,20
10655,2024-07-19 20:00,64055.53,1018.47,65074.0,68193.5,10674,10677,4.79,22,23
10656,2024-07-20 00:00,64391.55,1049.9,65441.45,68193.5,10674,10677,4.21,21,21
10657,2024-07-20 04:00,64524.83,1076.34,65601.17,68193.5,10674,10677,3.95,20,20
10775,2024-08-08 20:00,55783.75,1713.09,57496.84,61659.8,10777,10794,7.24,19,22
10854,2024-08-22 00:00,59241.26,964.13,60205.39,64269.3,10869,10883,6.75,29,30
10855,2024-08-22 04:00,59303.93,1049.21,60353.14,64269.3,10869,10883,6.49,28,28
10856,2024-08-22 08:00,59309.23,1043.19,60352.42,64269.3,10869,10883,6.49,27,27
10857,2024-08-22 12:00,59441.62,1066.38,60508.0,64269.3,10869,10883,6.22,26,26
10858,2024-08-22 16:00,59567.57,1048.39,60615.95,64269.3,10869,10883,6.03,25,25
10863,2024-08-23 12:00,59600.94,1027.51,60628.44,64269.3,10869,10883,6.01,20,24
10968,2024-09-10 00:00,54793.75,878.62,55672.37,60456.2,10993,11005,8.59,37,42
10969,2024-09-10 04:00,55514.57,912.0,56426.57,60456.2,10993,11005,7.14,36,36
10971,2024-09-10 12:00,55601.32,935.54,56536.86,60456.2,10993,11005,6.93,34,35
10972,2024-09-10 16:00,56252.29,915.68,57167.96,60456.2,10993,11005,5.75,33,33
10974,2024-09-11 00:00,56280.18,895.64,57175.81,60456.2,10993,11005,5.74,31,32
10975,2024-09-11 04:00,56643.82,929.04,57572.86,60456.2,10993,11005,5.01,30,30
10980,2024-09-12 00:00,56653.2,890.73,57543.93,60456.2,10993,11005,5.06,25,26
10982,2024-09-12 08:00,56652.93,909.24,57562.17,60456.2,10993,11005,5.03,23,27
10983,2024-09-12 12:00,56824.55,937.15,57761.7,60456.2,10993,11005,4.66,22,22
10984,2024-09-12 16:00,56832.76,919.67,57752.42,60456.2,10993,11005,4.68,21,21
10986,2024-09-13 00:00,56837.46,896.21,57733.67,60456.2,10993,11005,4.72,19,20
11015,2024-09-17 20:00,58585.14,763.99,59349.13,63723.3,11030,11044,7.37,29,31
11016,2024-09-18 00:00,58852.62,846.51,59699.13,63723.3,11030,11044,6.74,28,28
11017,2024-09-18 04:00,58912.32,886.22,59798.54,63723.3,11030,11044,6.56,27,27
11018,2024-09-18 08:00,59011.46,877.02,59888.48,63723.3,11030,11044,6.4,26,26
11019,2024-09-18 12:00,59183.61,878.65,60062.26,63723.3,11030,11044,6.1,25,25
11023,2024-09-19 04:00,59227.2,859.63,60086.83,63723.3,11030,11044,6.05,21,24
11024,2024-09-19 08:00,59758.63,1004.51,60763.14,63723.3,11030,11044,4.87,20,20
11068,2024-09-26 16:00,63247.07,778.97,64026.04,66041.0,11078,11090,3.15,22,24
11069,2024-09-26 20:00,63374.44,779.67,64154.11,66041.0,11078,11090,2.94,21,21
11070,2024-09-27 00:00,63388.5,811.81,64200.31,66041.0,11078,11090,2.87,20,20
11174,2024-10-14 08:00,62545.27,705.7,63250.97,67872.3,11188,11194,7.31,20,22
11201,2024-10-18 20:00,67090.9,880.17,67971.07,69020.1,11215,11219,1.54,18,21
11312,2024-11-06 08:00,68998.66,985.24,69983.9,89095.4,11349,11351,27.31,39,40
11313,2024-11-06 12:00,70483.52,1260.06,71743.58,89095.4,11349,11351,24.19,38,38
11314,2024-11-06 16:00,71287.79,1315.78,72603.57,89095.4,11349,11351,22.71,37,37
11315,2024-11-06 20:00,71924.41,1338.32,73262.73,89095.4,11349,11351,21.61,36,36
11316,2024-11-07 00:00,72828.62,1336.46,74165.08,89095.4,11349,11351,20.13,35,35
11317,2024-11-07 04:00,73379.58,1357.73,74737.31,89095.4,11349,11351,19.21,34,34
11318,2024-11-07 08:00,73661.08,1335.85,74996.93,89095.4,11349,11351,18.8,33,33
11321,2024-11-07 20:00,73812.43,1322.68,75135.11,89095.4,11349,11351,18.58,30,32
11322,2024-11-08 00:00,74563.29,1264.52,75827.81,89095.4,11349,11351,17.5,29,29
11325,2024-11-08 12:00,74690.8,1259.93,75950.73,89095.4,11349,11351,17.31,26,28
11327,2024-11-08 20:00,74886.26,1209.01,76095.27,89095.4,11349,11351,17.08,24,25
11328,2024-11-09 00:00,75148.64,1168.79,76317.43,89095.4,11349,11351,16.74,23,23
11329,2024-11-09 04:00,75267.05,1178.5,76445.55,89095.4,11349,11351,16.55,22,22
11331,2024-11-09 12:00,75371.11,1126.48,76497.59,89095.4,11349,11351,16.47,20,20
11370,2024-11-16 00:00,88158.11,2108.47,90266.58,99252.6,11409,11418,9.95,48,50
11371,2024-11-16 04:00,88196.24,2180.92,90377.16,99252.6,11409,11418,9.82,47,47
11372,2024-11-16 08:00,88213.49,2149.39,90362.88,99252.6,11409,11418,9.84,46,46
11373,2024-11-16 12:00,88373.92,2084.17,90458.09,99252.6,11409,11418,9.72,45,45
11374,2024-11-16 16:00,88456.75,2017.08,90473.83,99252.6,11409,11418,9.7,44,44
11376,2024-11-17 00:00,88637.55,1946.23,90583.78,99252.6,11409,11418,9.57,42,43
11385,2024-11-18 12:00,88996.43,1827.57,90823.99,99252.6,11409,11418,9.28,33,40
11387,2024-11-18 20:00,89492.35,1658.14,91150.49,99252.6,11409,11418,8.89,31,32
11390,2024-11-19 08:00,89635.47,1767.78,91403.25,99252.6,11409,11418,8.59,28,30
11391,2024-11-19 12:00,89715.18,1796.81,91511.99,99252.6,11409,11418,8.46,27,27
11392,2024-11-19 16:00,89777.28,1748.53,91525.8,99252.6,11409,11418,8.44,26,26
11393,2024-11-19 20:00,89919.33,1700.06,91619.39,99252.6,11409,11418,8.33,25,25
11394,2024-11-20 00:00,90096.51,1708.53,91805.04,99252.6,11409,11418,8.11,24,24
11395,2024-11-20 04:00,90118.97,1717.1,91836.07,99252.6,11409,11418,8.08,23,23
11396,2024-11-20 08:00,90194.07,1746.18,91940.25,99252.6,11409,11418,7.95,22,22
11397,2024-11-20 12:00,90223.52,1706.83,91930.35,99252.6,11409,11418,7.96,21,21
11398,2024-11-20 16:00,90676.22,1670.7,92346.93,99252.6,11409,11418,7.48,20,20
11442,2024-11-28 00:00,94178.34,1592.48,95770.82,98076.2,11453,11470,2.41,28,29
11450,2024-11-29 08:00,94349.59,1652.37,96001.96,98076.2,11453,11470,2.16,20,27
11540,2024-12-14 08:00,100151.65,1595.26,101746.9,106824.4,11558,11564,4.99,24,26
11548,2024-12-15 16:00,100249.94,1577.67,101827.61,106824.4,11558,11564,4.91,16,23
11655,2025-01-02 12:00,94249.53,1304.09,95553.62,102180.4,11683,11687,6.94,32,33
11656,2025-01-02 16:00,94658.83,1285.33,95944.16,102180.4,11683,11687,6.5,31,31
11657,2025-01-02 20:00,95046.72,1283.99,96330.7,102180.4,11683,11687,6.07,30,30
11658,2025-01-03 00:00,95591.74,1296.25,96887.99,102180.4,11683,11687,5.46,29,29
11663,2025-01-03 20:00,95878.94,1319.35,97198.29,102180.4,11683,11687,5.13,24,28
11664,2025-01-04 00:00,96173.28,1312.37,97485.65,102180.4,11683,11687,4.82,23,27
11665,2025-01-04 04:00,96892.44,1248.64,98141.08,102180.4,11683,11687,4.12,22,22
11667,2025-01-04 12:00,96964.3,1220.03,98184.33,102180.4,11683,11687,4.07,20,21
11677,2025-01-06 04:00,97075.3,1184.56,98259.86,102180.4,11683,11687,3.99,10,20
11728,2025-01-14 16:00,93476.49,1471.23,94947.71,106247.9,11760,11761,11.9,33,36
11729,2025-01-14 20:00,93700.12,1523.04,95223.16,106247.9,11760,11761,11.58,32,32
11730,2025-01-15 00:00,93827.19,1523.6,95350.78,106247.9,11760,11761,11.43,31,31
11731,2025-01-15 04:00,94025.35,1534.16,95559.51,106247.9,11760,11761,11.19,30,30
11732,2025-01-15 08:00,95404.31,1496.59,96900.9,106247.9,11760,11761,9.65,29,29
11735,2025-01-15 20:00,96158.23,1475.76,97633.99,106247.9,11760,11761,8.82,26,28
11736,2025-01-16 00:00,97861.56,1520.56,99382.12,106247.9,11760,11761,6.91,25,25
11737,2025-01-16 04:00,98656.52,1518.93,100175.45,106247.9,11760,11761,6.06,24,24
11742,2025-01-17 00:00,98749.83,1505.41,100255.24,106247.9,11760,11761,5.98,19,23
11744,2025-01-17 08:00,98938.25,1458.65,100396.91,106247.9,11760,11761,5.83,17,20
11789,2025-01-24 20:00,103337.97,2088.36,105426.33,105821.8,11789,11803,0.38,14,20
11811,2025-01-28 12:00,100897.13,1822.38,102719.51,105659.8,11826,11832,2.86,21,23
11820,2025-01-30 00:00,100942.24,1874.98,102817.22,105659.8,11826,11832,2.76,12,22
12249,2025-04-11 12:00,79067.6,1981.95,81049.56,85691.3,12273,12276,5.73,27,29
12250,2025-04-11 16:00,79352.72,1866.85,81219.56,85691.3,12273,12276,5.51,26,26
12251,2025-04-11 20:00,79368.91,1886.16,81255.07,85691.3,12273,12276,5.46,25,25
12252,2025-04-12 00:00,79560.56,1891.49,81452.05,85691.3,12273,12276,5.2,24,24
12253,2025-04-12 04:00,79692.81,1907.45,81600.26,85691.3,12273,12276,5.01,23,23
12254,2025-04-12 08:00,79753.7,1871.33,81625.02,85691.3,12273,12276,4.98,22,22
12255,2025-04-12 12:00,80750.7,1816.84,82567.54,85691.3,12273,12276,3.78,21,21
12256,2025-04-12 16:00,81293.98,1774.06,83068.04,85691.3,12273,12276,3.16,20,20
12308,2025-04-21 08:00,84507.32,802.81,85310.13,94102.5,12321,12326,10.31,18,20
12334,2025-04-25 16:00,92821.56,1198.55,94020.11,95229.2,12336,12349,1.29,15,20
12403,2025-05-07 04:00,94703.83,902.87,95606.7,104788.8,12427,12437,9.6,34,35
12404,2025-05-07 08:00,95043.33,985.11,96028.44,104788.8,12427,12437,9.12,33,33
12405,2025-05-07 12:00,95347.84,1013.19,96361.03,104788.8,12427,12437,8.75,32,32
12406,2025-05-07 16:00,95579.99,997.28,96577.28,104788.8,12427,12437,8.5,31,31
12407,2025-05-07 20:00,95723.24,962.15,96685.39,104788.8,12427,12437,8.38,30,30
12409,2025-05-08 04:00,95748.99,953.62,96702.61,104788.8,12427,12437,8.36,28,29
12410,2025-05-08 08:00,96609.92,984.98,97594.9,104788.8,12427,12437,7.37,27,27
12411,2025-05-08 12:00,97162.43,1054.15,98216.59,104788.8,12427,12437,6.69,26,26
12412,2025-05-08 16:00,97616.7,1036.16,98652.85,104788.8,12427,12437,6.22,25,25
12413,2025-05-08 20:00,98208.75,1019.25,99228.0,104788.8,12427,12437,5.6,24,24
12414,2025-05-09 00:00,98987.7,1090.45,100078.14,104788.8,12427,12437,4.71,23,23
12415,2025-05-09 04:00,100203.78,1092.76,101296.54,104788.8,12427,12437,3.45,22,22
12416,2025-05-09 08:00,100624.75,1191.8,101816.55,104788.8,12427,12437,2.92,21,21
12417,2025-05-09 12:00,101293.85,1177.22,102471.07,104788.8,12427,12437,2.26,20,20
12480,2025-05-20 00:00,103752.89,1276.96,105029.85,111755.9,12494,12502,6.4,22,23
12481,2025-05-20 04:00,103838.24,1341.59,105179.83,111755.9,12494,12502,6.25,21,21
12482,2025-05-20 08:00,103886.7,1315.34,105202.04,111755.9,12494,12502,6.23,20,20
12587,2025-06-06 20:00,103537.29,1156.57,104693.86,110235.4,12613,12618,5.29,31,31
12590,2025-06-07 08:00,103557.3,1155.08,104712.38,110235.4,12613,12618,5.27,28,28
12591,2025-06-07 12:00,103567.13,1150.12,104717.25,110235.4,12613,12618,5.27,27,27
12592,2025-06-07 16:00,103811.34,1127.67,104939.01,110235.4,12613,12618,5.05,26,26
12593,2025-06-07 20:00,104212.19,1100.78,105312.98,110235.4,12613,12618,4.67,25,25
12594,2025-06-08 00:00,104521.84,1078.96,105600.8,110235.4,12613,12618,4.39,24,24
12599,2025-06-08 20:00,104668.51,1056.39,105724.9,110235.4,12613,12618,4.27,19,23
12786,2025-07-10 00:00,108566.01,772.01,109338.02,118072.7,12798,12803,7.99,17,20
12958,2025-08-07 16:00,114352.05,1038.01,115390.06,121700.1,12980,12984,5.47,26,31
12959,2025-08-07 20:00,114922.64,1061.09,115983.72,121700.1,12980,12984,4.93,25,25
12960,2025-08-08 00:00,115501.84,1047.91,116549.75,121700.1,12980,12984,4.42,24,24
12961,2025-08-08 04:00,115902.45,1092.11,116994.56,121700.1,12980,12984,4.02,23,23
12970,2025-08-09 16:00,115988.19,1069.4,117057.59,121700.1,12980,12984,3.97,14,22
12974,2025-08-10 08:00,116036.73,1063.52,117100.25,121700.1,12980,12984,3.93,10,21
13163,2025-09-10 20:00,111828.69,948.88,112777.57,116561.1,13176,13187,3.35,24,26
13164,2025-09-11 00:00,112001.35,1007.16,113008.51,116561.1,13176,13187,3.14,23,23
13165,2025-09-11 04:00,112047.67,1003.59,113051.27,116561.1,13176,13187,3.1,22,22
13166,2025-09-11 08:00,112200.36,980.24,113180.61,116561.1,13176,13187,2.99,21,21
13167,2025-09-11 12:00,112593.36,972.17,113565.52,116561.1,13176,13187,2.64,20,20
13301,2025-10-03 20:00,119900.5,1004.07,120904.58,125357.3,13320,13325,3.68,24,25
13302,2025-10-04 00:00,120680.55,1096.15,121776.7,125357.3,13320,13325,2.94,23,23
13303,2025-10-04 04:00,120908.43,1165.06,122073.49,125357.3,13320,13325,2.69,22,22
13305,2025-10-04 12:00,121093.34,1144.28,122237.63,125357.3,13320,13325,2.55,20,21
13309,2025-10-05 04:00,121216.14,1120.34,122336.48,125357.3,13320,13325,2.47,16,20
13778,2025-12-22 08:00,87227.46,1499.84,88727.31,89905.2,13780,13782,1.33,4,21
13779,2025-12-22 12:00,87262.55,1510.56,88773.11,89905.2,13780,13782,1.28,3,20
13855,2026-01-04 04:00,89705.92,852.76,90558.69,94248.6,13866,13872,4.07,17,20
14057,2026-02-06 20:00,65504.82,2304.11,67808.93,71381.0,14070,14084,5.27,27,28
14058,2026-02-07 00:00,65711.78,2344.64,68056.42,71381.0,14070,14084,4.89,26,26
14059,2026-02-07 04:00,65736.18,2382.59,68118.77,71381.0,14070,14084,4.79,25,25
14060,2026-02-07 08:00,65775.94,2360.94,68136.88,71381.0,14070,14084,4.76,24,24
14063,2026-02-07 20:00,65793.34,2304.15,68097.49,71381.0,14070,14084,4.82,21,23
14064,2026-02-08 00:00,66657.2,2341.62,68998.83,71381.0,14070,14084,3.45,20,20
14191,2026-03-01 04:00,65224.36,1226.08,66450.44,73580.2,14214,14224,10.73,33,34
14192,2026-03-01 08:00,65323.97,1281.16,66605.13,73580.2,14214,14224,10.47,32,32
14193,2026-03-01 12:00,65364.64,1335.95,66700.59,73580.2,14214,14224,10.31,31,31
14195,2026-03-01 20:00,65390.05,1310.4,66700.46,73580.2,14214,14224,10.31,29,30
14198,2026-03-02 08:00,65423.61,1297.26,66720.87,73580.2,14214,14224,10.28,26,28
14201,2026-03-02 20:00,65577.86,1331.21,66909.06,73580.2,14214,14224,9.97,23,26
14202,2026-03-03 00:00,65875.23,1477.87,67353.1,73580.2,14214,14224,9.25,22,22
14203,2026-03-03 04:00,65995.68,1482.99,67478.67,73580.2,14214,14224,9.04,21,21
14204,2026-03-03 08:00,66115.89,1457.36,67573.25,73580.2,14214,14224,8.89,20,20
14264,2026-03-13 08:00,69468.98,1223.26,70692.24,74846.4,14287,14296,5.88,32,36
14265,2026-03-13 12:00,69893.03,1206.61,71099.64,74846.4,14287,14296,5.27,31,31
14266,2026-03-13 16:00,70089.58,1171.26,71260.84,74846.4,14287,14296,5.03,30,30
14267,2026-03-13 20:00,70248.43,1172.69,71421.12,74846.4,14287,14296,4.8,29,29
14278,2026-03-15 16:00,70426.38,1066.88,71493.25,74846.4,14287,14296,4.69,18,21
14419,2026-04-08 04:00,68864.65,853.8,69718.45,73635.9,14442,14444,5.62,25,26
14420,2026-04-08 08:00,69292.45,1007.32,70299.77,73635.9,14442,14444,4.75,24,24
14421,2026-04-08 12:00,69405.3,1001.97,70407.28,73635.9,14442,14444,4.59,23,23
14422,2026-04-08 16:00,69544.83,985.32,70530.15,73635.9,14442,14444,4.4,22,22
14423,2026-04-08 20:00,69720.17,964.96,70685.13,73635.9,14442,14444,4.17,21,21
14424,2026-04-09 00:00,69889.85,1026.06,70915.9,73635.9,14442,14444,3.84,20,20
14504,2026-04-22 08:00,75303.85,993.38,76297.23,79234.3,14507,14535,3.85,31,32
14505,2026-04-22 12:00,75685.74,1046.61,76732.35,79234.3,14507,14535,3.26,30,30
14506,2026-04-22 16:00,75867.76,1050.57,76918.33,79234.3,14507,14535,3.01,29,29
14507,2026-04-22 20:00,76359.87,1021.57,77381.43,79234.3,14507,14535,2.39,28,28
14508,2026-04-23 00:00,76639.4,1035.99,77675.39,79065.1,14534,14535,1.79,27,27
14509,2026-04-23 04:00,76726.77,1027.05,77753.82,79065.1,14534,14535,1.69,26,26
14511,2026-04-23 12:00,76756.01,1013.57,77769.58,79065.1,14534,14535,1.67,24,25
14513,2026-04-23 20:00,76918.74,1002.28,77921.02,79065.1,14534,14535,1.47,22,23
14515,2026-04-24 04:00,77030.64,1048.6,78079.25,79065.1,14534,14535,1.26,20,21
14576,2026-05-04 08:00,78318.27,642.94,78961.21,82485.4,14590,14597,4.46,21,22
14577,2026-05-04 12:00,78746.89,736.76,79483.65,82485.4,14590,14597,3.78,20,20
14808,2026-06-12 00:00,62111.92,1175.42,63287.34,64515.0,14822,14825,1.94,17,21
14930,2026-07-02 08:00,59777.87,862.07,60639.93,63268.1,14946,14950,4.33,20,23
15126,2026-08-04 00:00,63213.64,551.74,63765.37,65207.7,15161,15167,2.26,41,42
15130,2026-08-04 16:00,63226.53,593.67,63820.21,65207.7,15161,15167,2.17,37,40
15131,2026-08-04 20:00,63293.42,602.13,63895.55,65207.7,15161,15167,2.05,36,36
15132,2026-08-05 00:00,63404.54,602.92,64007.46,65207.7,15161,15167,1.88,35,35
15134,2026-08-05 08:00,63507.6,599.35,64106.95,65207.7,15161,15167,1.72,33,34
15137,2026-08-05 20:00,63619.19,599.12,64218.31,65207.7,15161,15167,1.54,30,33
15138,2026-08-06 00:00,63966.84,593.51,64560.34,65207.7,15161,15167,1.0,29,29
15141,2026-08-06 12:00,64071.51,591.11,64662.62,65207.7,15161,15167,0.84,26,28
15148,2026-08-07 16:00,64183.59,568.95,64752.54,65207.7,15161,15167,0.7,19,25
