信号时间,方向,突破基准价,入场KAMA,出场时间,出场价,实际涨跌幅,盘中最大涨跌幅,持仓K线数,持仓小时,最大回撤1,最大回撤1时间,最大回撤2,最大回撤2时间,最大回撤3,最大回撤3时间,KAMA止损出场,峰值到平仓回撤
2019-09-23 20:00,short,9878.51,9972.14340991178,2019-09-26 04:00,8435.32660184876,0.14609322642293635,0.17628367031060352,14,56.0,0.01193240600362527,2019-09-26 04:00,0.006196503211472373,2019-09-25 08:00,0.005341589209810876,2019-09-24 12:00,True,0.016839490461178646
2019-10-23 04:00,short,8160.0,8185.8721262139115,2019-10-25 12:00,7458.955888254504,0.08591226859626172,0.12098529411764704,14,56.0,0.006607996247726405,2019-10-25 00:00,0.0065377177319581,2019-10-24 00:00,0.0013744800879667242,2019-10-23 16:00,True,0.0068221194784961504
2019-10-25 16:00,long,7495.81,7458.954742951922,2019-10-26 16:00,9046.348312358745,0.20685400408478127,0.3885730828289403,6,24.0,0.03482459084791795,2019-10-26 16:00,0.00784998959539139,2019-10-26 12:00,0.0,2019-10-25 20:00,True,0.054033034124110244
2019-11-21 16:00,short,8037.5,8121.547052779846,2019-11-22 16:00,7668.966019804903,0.0458518171315828,0.1390357698289269,6,24.0,1.53856714425492e-05,2019-11-22 00:00,0.0,2019-11-21 20:00,0.0,,True,0.0
2019-12-19 00:00,long,6868.29,6709.0860678905065,2019-12-24 00:00,7461.2379598165335,0.08633123525892668,0.11978381809737214,30,120.0,0.025756309911177503,2019-12-19 12:00,0.016033110544367162,2019-12-19 08:00,0.0,2019-12-19 04:00,True,0.0
2020-01-06 08:00,long,7495.0,7352.317706151377,2020-01-09 00:00,8141.706797650372,0.0862850964176614,0.12987591727818545,16,64.0,0.04441722413644178,2020-01-09 00:00,0.01655092621894565,2020-01-07 20:00,0.003193633952254632,2020-01-06 20:00,True,0.02322335930522171
2020-02-25 20:00,short,9487.38,9740.64661426037,2020-02-27 20:00,8873.346079474564,0.06472112643590064,0.10049982186862966,12,48.0,0.010327237747402978,2020-02-27 20:00,0.007192113603525536,2020-02-27 12:00,0.0012630957049652532,2020-02-26 16:00,True,0.014407877065709429
2020-03-08 00:00,short,9016.0,9034.31800550849,2020-03-10 04:00,7883.891550540815,0.12556659820975877,0.15314884649511978,13,52.0,0.015677277693259016,2020-03-10 04:00,0.007419564533058656,2020-03-10 00:00,0.0031430303976368555,2020-03-09 08:00,True,0.014282483443483034
2020-03-12 12:00,short,7575.0,7880.554426161416,2020-03-13 20:00,5681.101780749078,0.25001956689781146,0.5218732673267327,8,32.0,0.06127381359318658,2020-03-13 16:00,0.05866147987309049,2020-03-13 12:00,0.03758563746046113,2020-03-13 08:00,True,0.09260734995663254
2020-03-16 12:00,short,5169.6,5469.0271493017835,2020-03-17 08:00,5251.359191714065,-0.015815380631782807,0.1462356855462706,5,20.0,0.13136795020921868,2020-03-17 08:00,0.10205831162793105,2020-03-16 20:00,0.0,2020-03-16 16:00,True,0.13291210260676237
2020-03-19 16:00,long,5448.07,5277.7977263541825,2020-03-21 00:00,6270.536033162732,0.15096465962491892,0.2685226144304314,8,32.0,0.07074526416993396,2020-03-21 00:00,0.00898902469082093,2020-03-20 08:00,0.007727661548721872,2020-03-20 04:00,True,0.05801132195190833
2020-03-28 04:00,short,6566.0,6580.507513277345,2020-03-30 12:00,6125.554758869065,0.06707968948080031,0.10904660371611331,14,56.0,0.049934327765779524,2020-03-30 12:00,0.017253949637045414,2020-03-30 08:00,0.01713160915774807,2020-03-28 16:00,True,0.020258533921256823
2020-04-27 08:00,long,7709.57,7526.32138296971,2020-04-30 16:00,8955.915795638894,0.16166216736327627,0.22961073055955142,20,80.0,0.04952165423924061,2020-04-30 16:00,0.013619126523340215,2020-04-30 12:00,0.009193465397478806,2020-04-28 08:00,True,0.02433458408668942
2020-05-10 08:00,short,9528.23,9749.303873933746,2020-05-11 16:00,8890.318027868541,0.06694968237872703,0.13415188340331832,8,32.0,0.040118331648790174,2020-05-11 16:00,0.020824551448975416,2020-05-11 04:00,0.0,2020-05-10 12:00,True,0.043938588770844465
2020-05-13 16:00,long,8981.0,8870.799084936956,2020-05-15 08:00,9635.846999986627,0.07291470882826262,0.10789444382585459,10,40.0,0.03226795275268722,2020-05-15 08:00,0.008829394504489687,2020-05-15 00:00,0.0,2020-05-13 20:00,True,0.015424142724217594
2020-07-26 00:00,long,9650.0,9517.798549191712,2020-07-28 16:00,10634.693299253087,0.10204075639928367,0.1904663212435233,16,64.0,0.013606599816430351,2020-07-28 12:00,0.010627387562006003,2020-07-27 12:00,0.010285445153144248,2020-07-27 00:00,True,0.037373497249797015
2020-09-02 16:00,short,11730.02,11734.32122902387,2020-09-05 00:00,10509.208535917682,0.10407582119061337,0.1578317854530513,14,56.0,0.03208133367770462,2020-09-05 00:00,0.021485161003561817,2020-09-04 20:00,0.021035426189432205,2020-09-04 16:00,True,0.007799686878182622
2020-10-19 20:00,long,11543.0,11419.38266006708,2020-10-23 08:00,12886.481662280972,0.11638929760729205,0.14701550723382137,21,84.0,0.008599184374132221,2020-10-23 08:00,0.007902284012524265,2020-10-23 04:00,0.005575149245041654,2020-10-22 08:00,True,0.014204859462432627
2020-11-05 00:00,long,14070.0,13619.190010264021,2020-11-06 16:00,15319.18968510987,0.08878391507532836,0.13604832977967313,10,40.0,0.009531071292413273,2020-11-06 16:00,0.009402035419504753,2020-11-06 08:00,0.0,2020-11-05 04:00,True,0.026611406461439193
2020-11-16 12:00,long,16161.23,15990.456943990745,2020-11-18 12:00,17465.56035744559,0.08070736926865031,0.14595238109970593,12,48.0,0.012146265427223253,2020-11-17 08:00,0.004129622951357051,2020-11-17 04:00,0.0,2020-11-16 16:00,True,0.0
2020-11-26 08:00,short,18509.12,18799.913863013746,2020-11-28 04:00,17079.065322503753,0.07726216467861498,0.12578231704154488,11,44.0,0.030697138152728648,2020-11-28 04:00,0.030194816449908304,2020-11-27 04:00,0.0,2020-11-26 12:00,True,0.03304427448732409
2020-11-28 20:00,long,17274.97,17084.529935539,2020-12-01 16:00,19243.066509973207,0.11392763692053912,0.15519737516186707,17,68.0,0.014517748478701869,2020-12-01 08:00,0.005574990725186473,2020-11-29 04:00,0.0,2020-11-29 00:00,True,0.0
2020-12-16 16:00,long,19549.99,19177.557448241318,2020-12-18 00:00,22495.975160047114,0.15068985508673466,0.22189525416637038,8,32.0,0.01874307231856966,2020-12-18 00:00,0.0,2020-12-16 20:00,0.0,,True,0.0365072681744194
2020-12-25 04:00,long,23637.99,23274.281674179983,2020-12-27 20:00,26775.196951366157,0.13271885432586084,0.2039873102577672,16,64.0,0.02324505806285903,2020-12-25 20:00,0.0,2020-12-25 08:00,0.0,,True,0.03265826619075529
2021-01-02 12:00,long,29668.86,28776.463692007776,2021-01-03 04:00,30719.997351876827,0.03542897677486856,0.12845589618205752,4,16.0,0.02764573955146573,2021-01-03 04:00,0.0,2021-01-02 16:00,0.0,,True,0.07233528584194415
2021-01-04 12:00,short,32400.0,32894.518371273225,2021-01-05 08:00,32684.535496169217,-0.008781959758309178,0.1419753086419753,5,20.0,0.03732945236446599,2021-01-05 04:00,0.029318491016789017,2021-01-04 20:00,0.0,2021-01-04 16:00,True,0.05887021084924817
2021-01-06 00:00,long,32900.0,32356.58462458939,2021-01-08 00:00,37107.7077049954,0.1278938512156657,0.23299756838905783,12,48.0,0.017278409523601608,2021-01-07 12:00,0.011094835612062016,2021-01-06 20:00,0.0,2021-01-06 04:00,True,0.0
2021-01-11 00:00,short,38500.0,39667.39252997609,2021-01-12 04:00,35392.30718297755,0.08071929394863504,0.20914285714285713,7,28.0,0.08351352786630498,2021-01-12 04:00,0.014622475100542067,2021-01-12 00:00,0.0,2021-01-11 04:00,True,0.08787862195300618
2021-01-14 00:00,long,35584.79,35245.852943878825,2021-01-15 12:00,38153.319226864434,0.07218053631521876,0.12939798155335464,9,36.0,0.03544827240735872,2021-01-15 12:00,0.02946713253434516,2021-01-15 08:00,0.019090305694355797,2021-01-15 04:00,True,0.044387190470640714
2021-01-20 08:00,short,35850.0,36960.76031080164,2021-01-23 00:00,33323.5439718137,0.07047297149752584,0.19442119944211994,16,64.0,0.06696555310525171,2021-01-23 00:00,0.038686712290816785,2021-01-22 20:00,0.03397679729684295,2021-01-21 04:00,True,0.07347399705999631
2021-01-29 16:00,long,34380.0,32374.221778480325,2021-01-30 00:00,34108.392731157626,-0.007900153253123146,0.12394124490983126,2,8.0,0.07585997456988151,2021-01-30 00:00,0.0,2021-01-29 20:00,0.0,,True,0.08252542188314609
2021-02-02 16:00,long,34720.0,33835.82287609343,2021-02-04 20:00,36750.46159124193,0.05848103661411095,0.11846198156682028,13,52.0,0.03378221607135174,2021-02-04 20:00,0.01381227063466434,2021-02-04 16:00,0.011583907809445486,2021-02-03 16:00,True,0.0163458096257737
2021-02-08 20:00,long,39570.0,39030.200267635984,2021-02-10 20:00,45871.734411508696,0.1592553553578139,0.21977154409906496,12,48.0,0.0675277868790484,2021-02-10 20:00,0.026934370038057386,2021-02-10 08:00,0.024004250993438735,2021-02-09 16:00,True,0.036559081006025854
2021-02-19 16:00,long,52388.99,51217.305101821155,2021-02-21 04:00,55503.79438905991,0.05945532427824844,0.10135736535481983,9,36.0,0.02007914384036362,2021-02-21 04:00,0.012331775709278382,2021-02-20 12:00,0.002997994789667216,2021-02-20 08:00,True,0.027327522540189036
2021-02-22 16:00,short,55200.0,56139.55222414133,2021-02-24 08:00,50092.38488107538,0.09252925940080839,0.18670615942028987,10,40.0,0.0824543234579522,2021-02-24 08:00,0.05211267692508873,2021-02-24 04:00,0.03525814891633359,2021-02-23 20:00,True,0.09066976730810977
2021-03-07 08:00,long,49253.63,48036.48733686178,2021-03-10 12:00,53127.73577854793,0.07865624886019437,0.1347386984472008,19,76.0,0.024775764788744152,2021-03-10 08:00,0.023753183383478423,2021-03-08 12:00,0.0072416520198832855,2021-03-08 08:00,True,0.019618869984666592
2021-04-16 12:00,short,62157.89,63193.20074343046,2021-04-26 08:00,51560.09247136909,0.17049802573142217,0.24498032349553692,59,236.0,0.057912752897629385,2021-04-26 08:00,0.056022098326448895,2021-04-19 12:00,0.05170625673029208,2021-04-19 08:00,True,0.048412490197824655
2021-05-13 00:00,short,55300.0,56939.886552471675,2021-05-14 16:00,50919.509009511596,0.07921321863451003,0.175473417721519,10,40.0,0.03120131778956201,2021-05-14 16:00,0.022724510876169654,2021-05-14 12:00,0.02127065266283128,2021-05-13 12:00,True,0.044852730396221556
2021-05-15 12:00,short,48870.41,50872.243289467304,2021-05-20 20:00,41130.30350010755,0.1583802243503268,0.41297811907041504,32,128.0,0.07796181857731017,2021-05-20 20:00,0.06173818640207771,2021-05-20 16:00,0.05336102135109136,2021-05-20 12:00,True,0.10797789274995104
2021-05-21 20:00,short,38091.68,41066.698524700834,2021-05-24 16:00,37506.22448716148,0.015369642736642705,0.1836353765441692,17,68.0,0.10485518839032017,2021-05-24 16:00,0.08293234384353375,2021-05-24 12:00,0.05223136378074381,2021-05-22 20:00,True,0.11924352686291828
2021-05-28 12:00,short,37201.0,38192.25020369126,2021-05-30 16:00,36319.32287478739,0.02370036088311101,0.10335743662804764,13,52.0,0.05722082391998913,2021-05-30 16:00,0.04828958833739925,2021-05-30 12:00,0.0350312816361922,2021-05-28 20:00,True,0.04236871045455576
2021-06-08 04:00,short,35201.86,36738.58833787353,2021-06-09 12:00,33812.65355974987,0.039464006738568,0.12024535067181111,8,32.0,0.0634494914091513,2021-06-09 12:00,0.04353771155555816,2021-06-09 04:00,0.0297377519514795,2021-06-09 00:00,True,0.06286739832452237
2021-06-09 16:00,long,34489.0,33825.967265259365,2021-06-11 00:00,36111.93038911067,0.04705646406421376,0.11597900779958828,8,32.0,0.03020461042657238,2021-06-11 00:00,0.02414850575880117,2021-06-10 20:00,0.011442005220981866,2021-06-10 12:00,True,0.0448216710703915
2021-06-14 00:00,long,36150.0,35848.999771044415,2021-06-15 16:00,39560.23367021585,0.09433564786212587,0.13416320885200553,10,40.0,0.023796178431635777,2021-06-15 00:00,0.009570202269213766,2021-06-14 16:00,0.0004013473988713908,2021-06-14 08:00,True,0.027467401661559445
2021-06-18 00:00,short,38105.0,39092.927438339495,2021-06-21 04:00,36063.340499894555,0.053579832045806186,0.12578401784542712,19,76.0,0.04090853284223449,2021-06-21 04:00,0.03825966850828722,2021-06-21 00:00,0.024891621747132733,2021-06-19 20:00,True,0.04658388481509262
2021-06-21 12:00,short,33312.0,35999.49072406992,2021-06-23 08:00,33373.251300064956,-0.0018387157800479111,0.13604676993275702,11,44.0,0.07619658657154935,2021-06-23 08:00,0.039709863498771994,2021-06-22 08:00,0.004424986309337403,2021-06-21 20:00,True,0.05206359082135857
2021-07-21 16:00,long,30933.19,30278.102301379462,2021-07-25 20:00,34113.62075444713,0.1028161258003825,0.124358658127403,25,100.0,0.014997075514034796,2021-07-25 20:00,0.010735692932225524,2021-07-24 00:00,0.008961778915622304,2021-07-22 00:00,True,0.007362061556599083
2021-07-26 04:00,long,34780.0,34130.58019870724,2021-07-27 04:00,37893.168546474706,0.08951030898432162,0.38495112133410003,6,24.0,0.05438000528476779,2021-07-27 04:00,0.0031225392890790096,2021-07-26 12:00,0.0,2021-07-26 08:00,True,0.03722792221038699
2021-08-06 00:00,long,39975.32,38536.468516179884,2021-08-09 00:00,43389.866506998325,0.08541636457189901,0.13444995562261916,18,72.0,0.023957250193430396,2021-08-09 00:00,0.017767028912552493,2021-08-08 20:00,0.016089564213451236,2021-08-06 08:00,True,0.03139965731670926
2021-09-07 20:00,short,50500.0,51836.728528066524,2021-09-09 20:00,46771.3876389356,0.07383390813988909,0.12017821782178217,12,48.0,0.03360205722645157,2021-09-09 20:00,0.024029126387307365,2021-09-09 00:00,0.023177972561248348,2021-09-08 16:00,True,0.016203018067069787
2021-09-19 16:00,short,47590.33,47841.386104417405,2021-09-21 16:00,43624.50669979185,0.0833325446620806,0.15677764789611667,12,48.0,0.011674733759282891,2021-09-21 12:00,0.0023436701275547883,2021-09-21 00:00,0.0020497881211804323,2021-09-20 20:00,True,0.02190366773354037
2021-09-30 08:00,long,42576.8,42257.027420825856,2021-10-03 04:00,47554.81121323497,0.1169183971842639,0.13794366885252055,17,68.0,0.012748124945713205,2021-10-02 08:00,0.005097049127900267,2021-09-30 16:00,0.0,2021-09-30 12:00,True,0.014089501390501778
2021-10-14 00:00,long,56624.1,55742.31036356022,2021-10-16 20:00,60587.833261200234,0.07000081698782383,0.13021858184059443,17,68.0,0.012846165201098532,2021-10-16 20:00,0.012725879631692784,2021-10-15 04:00,0.012702306815176612,2021-10-14 20:00,True,0.0193388747842398
2021-11-07 08:00,long,61645.75,61441.21091638358,2021-11-09 20:00,67295.85018842787,0.09165433445822083,0.11402910987375453,15,60.0,0.024633634161844106,2021-11-09 20:00,0.012902401523365468,2021-11-09 16:00,0.009750017428976566,2021-11-09 12:00,True,0.018495568833258067
2021-12-03 20:00,short,56039.96,56978.00564844109,2021-12-05 08:00,49669.584286459845,0.1136755935147019,0.2703618989021405,9,36.0,0.04212765360633132,2021-12-05 00:00,0.025590663415684233,2021-12-04 20:00,0.0,2021-12-04 00:00,True,0.06414880116740646
2022-01-06 00:00,short,45445.57,46947.477521520406,2022-01-10 00:00,42443.68061982283,0.06605460950709101,0.10977989713848901,24,96.0,0.03678933975417957,2022-01-10 00:00,0.020313012263046618,2022-01-09 16:00,0.01994041191418078,2022-01-09 08:00,True,0.03784239718062255
2022-01-21 08:00,short,40550.0,41982.80037291311,2022-01-23 12:00,35458.04210158162,0.12557232795113152,0.16276202219482122,13,52.0,0.022465136253896116,2022-01-23 12:00,0.011530785497471495,2022-01-23 04:00,0.00025040535049526203,2022-01-22 16:00,True,0.026836566408701145
2022-02-04 12:00,long,37435.54,37248.50132862535,2022-02-06 00:00,41136.74783231011,0.09886882444623768,0.11984493879345667,9,36.0,0.004768073413665383,2022-02-06 00:00,0.004376895306859227,2022-02-05 12:00,0.0029203369434415514,2022-02-05 08:00,True,0.01425754516082695
2022-02-28 20:00,long,39868.6,38380.29451636844,2022-03-02 12:00,43939.738139747176,0.10211389764745132,0.1270774494213492,10,40.0,0.009710749851894705,2022-03-02 12:00,0.0016916662349275905,2022-03-02 08:00,0.0003290464604332566,2022-03-01 08:00,True,0.010234735252045254
2022-03-24 20:00,long,43500.0,42010.80350848367,2022-03-29 04:00,47155.79509767238,0.08404126661315817,0.10804597701149425,26,104.0,0.01671639922375474,2022-03-29 04:00,0.008100191899808132,2022-03-26 20:00,0.005923082965805955,2022-03-26 04:00,True,0.016009116756622487
2022-05-08 04:00,short,35702.9,36143.50315868973,2022-05-10 12:00,31615.214642701972,0.11449168995510249,0.16809558887373294,14,56.0,0.03740096543584883,2022-05-10 12:00,0.014130865893415194,2022-05-10 08:00,0.008272384856797028,2022-05-08 16:00,True,0.03081790377554438
2022-06-13 04:00,short,26850.0,28179.403956119982,2022-06-16 00:00,22210.738018820506,0.17278443132884522,0.25138919925512104,17,68.0,0.027575964234295654,2022-06-16 00:00,0.023951129187965894,2022-06-14 12:00,0.0,2022-06-13 08:00,True,0.047136570515278364
2022-06-17 04:00,short,20739.0,22073.349041500307,2022-06-19 16:00,19389.680938389956,0.0650619153098049,0.1516852307247215,15,60.0,0.06943198995670109,2022-06-19 16:00,0.038443801081191845,2022-06-19 04:00,0.034037614287744565,2022-06-17 12:00,True,0.056343420083150214
2022-07-15 00:00,long,20463.3,19767.760274094144,2022-07-21 08:00,22724.568810713306,0.11050362408376495,0.18636779014137508,38,152.0,0.05709341127957141,2022-07-21 08:00,0.046722706865071385,2022-07-19 00:00,0.031015843429636474,2022-07-18 04:00,True,0.05915652410371604
2022-07-27 20:00,long,21442.0,21140.916423870593,2022-07-29 16:00,23629.120316783403,0.10200169372182645,0.14261729316295121,11,44.0,0.009223828222909158,2022-07-29 16:00,0.009071765535074145,2022-07-28 12:00,0.0,2022-07-28 00:00,True,0.012903320378335583
2022-08-17 20:00,short,23650.0,24051.37181366351,2022-08-20 20:00,21325.944789771307,0.09826871924857053,0.12219873150105708,18,72.0,0.017760084003459745,2022-08-20 12:00,0.011467378782327498,2022-08-20 08:00,0.010519526454861297,2022-08-18 16:00,True,0.023494611596838834
2022-09-09 08:00,long,19450.0,19196.45682110269,2022-09-10 20:00,21203.51261135475,0.09015489004394595,0.1141388174807198,9,36.0,0.006495878606219597,2022-09-10 20:00,0.003610902959910014,2022-09-10 12:00,0.0026929561633570664,2022-09-10 08:00,True,0.003547506398103834
2022-09-13 20:00,short,22003.9,22053.399611652258,2022-09-17 08:00,20065.02268605534,0.08811516658159055,0.12288276169224552,21,84.0,0.01171036069904919,2022-09-15 04:00,0.006319903712681357,2022-09-14 08:00,0.0,2022-09-14 00:00,True,0.022881742684219233
2022-11-07 04:00,short,21133.8,21218.151479042906,2022-11-09 00:00,20021.45332110687,0.0526335386392002,0.20364534537092238,11,44.0,0.009625915571062313,2022-11-08 00:00,0.0059197301231545185,2022-11-07 20:00,0.004450195244807083,2022-11-07 16:00,True,0.0
2023-01-11 00:00,long,17387.8,17174.951103319163,2023-01-15 08:00,20677.246526713025,0.18918129531700534,0.23902966447739224,26,104.0,0.01252125374470729,2023-01-14 16:00,0.0076575983136815745,2023-01-12 20:00,0.0064116166105602015,2023-01-11 20:00,True,0.015195699875072018
2023-01-21 00:00,long,21250.0,20949.372544230748,2023-01-22 04:00,22729.487154258855,0.06962292490629907,0.10070588235294117,7,28.0,0.021055435954949953,2023-01-22 04:00,0.005268941048757473,2023-01-21 08:00,0.0,2023-01-21 04:00,True,0.02330763047886705
2023-02-14 20:00,long,21880.0,21808.01903572478,2023-02-17 04:00,24634.22389027348,0.12587860558836741,0.15585009140767825,14,56.0,0.06231915249778806,2023-02-17 04:00,0.008417629193868553,2023-02-17 00:00,0.006507416838446309,2023-02-16 16:00,True,0.009838663520500064
2023-03-09 04:00,short,21800.0,22207.574688915123,2023-03-10 20:00,20189.99755172192,0.07385332331550822,0.10451376146788997,10,40.0,0.010272536687631034,2023-03-10 20:00,0.0,2023-03-09 08:00,0.0,,True,0.021792848195981842
2023-03-13 00:00,long,20531.0,20152.910452693053,2023-03-15 00:00,24502.237762131736,0.19342641674208444,0.2902391505528226,12,48.0,0.03264212910969341,2023-03-15 00:00,0.01598995171836307,2023-03-13 16:00,0.0,2023-03-13 04:00,True,0.05438022167426041
2023-03-17 08:00,long,25167.9,24627.07569193137,2023-03-19 00:00,27000.182431895344,0.07280235664856195,0.10312739640573905,10,40.0,0.018633355750331607,2023-03-17 20:00,0.0,2023-03-17 12:00,0.0,,True,0.01602833703005306
2023-06-21 00:00,long,27177.3,26686.320525705345,2023-06-22 16:00,29984.988294442282,0.10331005267051117,0.1341082447483746,10,40.0,0.012032875771454654,2023-06-22 16:00,0.0062475853346850175,2023-06-22 12:00,0.003886333062065064,2023-06-22 04:00,True,0.009863778387638175
2023-08-16 00:00,short,29233.0,29432.393041065076,2023-08-19 20:00,25983.735772085944,0.11115055683351201,0.15913522389080834,23,92.0,0.009692825222216749,2023-08-19 20:00,0.002917696640596463,2023-08-18 16:00,0.0009529599825120387,2023-08-16 08:00,True,0.003792209594118442
2023-10-16 00:00,long,26958.0,26893.460298872797,2023-10-17 12:00,28123.20104585388,0.04322282980391271,0.13955041175161362,9,36.0,0.007947680112896295,2023-10-17 08:00,0.003599499949707609,2023-10-16 16:00,0.0,2023-10-16 04:00,True,0.01274644141731711
2023-10-23 08:00,long,30229.7,29738.897920024563,2023-10-24 20:00,33497.679620221126,0.10810493058882904,0.19028306599139258,9,36.0,0.02535455861070912,2023-10-24 20:00,0.001326637531514905,2023-10-24 12:00,0.0,2023-10-23 12:00,True,0.030457898112268414
2023-12-01 12:00,long,38132.0,37658.178805385796,2023-12-05 12:00,41427.12178104437,0.08641355766926388,0.11297597818105529,24,96.0,0.011114021094735905,2023-12-05 12:00,0.007813795639560701,2023-12-04 20:00,0.005115887168781553,2023-12-04 00:00,True,0.013477886104041572
2024-02-08 00:00,long,43378.8,42885.12275852496,2024-02-10 16:00,47052.737699003395,0.08469431378930244,0.11184034597545343,16,64.0,0.007793843263937699,2024-02-10 04:00,0.003219817514309787,2024-02-09 00:00,0.0005120879713229772,2024-02-08 12:00,True,0.009128174101035705
2024-02-27 00:00,long,52885.5,51677.319977414314,2024-03-01 00:00,61970.10467482642,0.17177874227957418,0.21583420786415936,18,72.0,0.021231422505307847,2024-03-01 00:00,0.013591431301099929,2024-02-29 08:00,0.00744719963338998,2024-02-28 08:00,True,0.01665659562825625
2024-04-12 20:00,short,69592.6,70081.32768868898,2024-04-15 04:00,65033.01680602001,0.0655182188045855,0.142832714972569,14,56.0,0.0288714499745896,2024-04-15 04:00,0.01348003141644618,2024-04-14 12:00,0.011279396330358916,2024-04-13 20:00,True,0.024669266240644434
2024-07-02 20:00,short,62387.0,62826.8835581606,2024-07-06 00:00,56683.55121053836,0.09142046883904723,0.1451824899418148,19,76.0,0.03194022556070502,2024-07-05 20:00,0.015195085288543225,2024-07-05 16:00,0.00839773439323763,2024-07-04 04:00,True,0.0404729619359459
2024-07-13 16:00,long,58500.0,57902.881392010044,2024-07-16 12:00,63573.93368310991,0.08673390911298998,0.11091965811965816,17,68.0,0.02847890540145933,2024-07-16 12:00,0.006114684156902672,2024-07-15 16:00,0.003603220622869167,2024-07-14 00:00,True,0.0
2024-08-03 04:00,short,62350.0,64728.87305878992,2024-08-06 00:00,55258.93152279655,0.11373004774985487,0.21591018444266238,17,68.0,0.04051336000610493,2024-08-05 20:00,0.01028793501573278,2024-08-04 16:00,0.007577155635645291,2024-08-04 08:00,True,0.07133926433539992
2024-11-06 08:00,long,70537.4,68998.66380422038,2024-11-12 16:00,86956.4393014999,0.23277069046349738,0.27691267327687175,38,152.0,0.0209427198261638,2024-11-12 16:00,0.013730266863102258,2024-11-07 16:00,0.01342558947161547,2024-11-07 12:00,True,0.02400753235857408
2025-02-02 04:00,short,101344.0,102768.71253697971,2025-02-03 20:00,96827.77570243394,0.04456331206155335,0.10078248342279757,10,40.0,0.0441738800806724,2025-02-03 20:00,0.011680394235157305,2025-02-03 12:00,0.00468826412929212,2025-02-02 20:00,True,0.029187654905129565
2025-02-22 00:00,short,96838.1,97471.12086724551,2025-02-28 20:00,84330.22044748941,0.12916279390560736,0.19246453616913187,41,164.0,0.04181238828009648,2025-02-28 20:00,0.025702768102457862,2025-02-27 16:00,0.021811802534862958,2025-02-27 12:00,True,0.04572406460019163
2025-04-21 08:00,long,85283.6,84510.767601791,2025-04-23 20:00,92222.50022820779,0.08136265622238958,0.1128083242264632,15,60.0,0.010225020589251047,2025-04-23 20:00,0.007197470842963819,2025-04-23 16:00,0.007139983681335904,2025-04-22 00:00,True,0.0
2025-10-11 00:00,short,118424.4,121862.21946797603,2025-10-12 16:00,112071.14119863468,0.05364822453282698,0.14277378648319092,10,40.0,0.014907110183297687,2025-10-11 16:00,0.0,2025-10-11 04:00,0.0,,True,0.015458405974149105
2025-11-14 00:00,short,100711.0,103615.76214951,2025-11-20 12:00,93127.99321290333,0.07529472239474014,0.12060847375162599,39,156.0,0.03150999028999433,2025-11-20 08:00,0.024188264726318433,2025-11-19 00:00,0.021559458161241173,2025-11-18 20:00,True,0.017385677034850985
2026-02-04 00:00,short,77000.5,78039.96007003277,2026-02-06 12:00,65507.25389609773,0.14926196718076204,0.2233816663528159,15,60.0,0.02132160833244635,2026-02-06 12:00,0.013935691720553174,2026-02-06 08:00,0.011865550169544511,2026-02-04 08:00,True,0.020900798227160833
2026-06-01 12:00,short,73171.0,73750.98713942099,2026-06-03 12:00,67343.87624933393,0.07963706592319456,0.10676224187177982,12,48.0,0.016992533865848064,2026-06-03 12:00,0.006267725995646161,2026-06-02 00:00,0.0,2026-06-01 16:00,True,0.022652041051008324
2026-08-19 20:00,long,65057.9,64316.35866034309,2026-08-21 20:00,76712.6,0.17914350140413393,0.22284149964877437,12,48.0,0.0018251334583754123,2026-08-20 08:00,0.0,2026-08-20 00:00,0.0,,False,0.00047427328043354546
