signal_time,direction,breakthrough,entry_kama,exit_time,exit_price,final_return,max_excursion,duration_bars,duration_hours,dd1,dd1_time,dd2,dd2_time,dd3,dd3_time,exited_by_stop
2019-09-10 12:00:00+00:00,short,10183.31,10254.56,2019-09-11 00:00:00+00:00,10232.813158073068,-0.004861205057399641,0.023807583192498184,3,12.0,0.007297829993249648,2019-09-10 20:00:00+00:00,0.0,2019-09-10 16:00:00+00:00,0.0,,True
2019-09-10 16:00:00+00:00,short,10167.91,10250.332571118186,2019-09-11 00:00:00+00:00,10232.813158073068,-0.00638313656130591,0.017327061313485298,2,8.0,0.0,2019-09-10 20:00:00+00:00,0.0,,0.0,,True
2019-09-12 12:00:00+00:00,long,10205.46,10119.595294407907,2019-09-13 16:00:00+00:00,10218.165615685904,0.001244982165027866,0.023974421535139043,7,28.0,0.0196713819222611,2019-09-13 16:00:00+00:00,0.01258745690164199,2019-09-13 04:00:00+00:00,0.004847755140838356,2019-09-13 00:00:00+00:00,True
2019-09-12 20:00:00+00:00,long,10365.15,10149.260930780982,2019-09-13 16:00:00+00:00,10218.165615685904,-0.014180632630892484,0.0072743761547107025,5,20.0,0.014895838157427505,2019-09-13 16:00:00+00:00,0.007777404714490689,2019-09-13 04:00:00+00:00,0.0,2019-09-13 00:00:00+00:00,True
2019-09-13 16:00:00+00:00,short,10239.42,10218.165615685904,2019-09-13 20:00:00+00:00,10217.979396786983,0.0020939275088840297,0.008390123659347878,1,4.0,0.0,2019-09-13 20:00:00+00:00,0.0,,0.0,,True
2019-09-14 12:00:00+00:00,long,10355.85,10229.477698384386,2019-09-15 00:00:00+00:00,10233.638425428357,-0.011801211351230823,0.006191669442875185,3,12.0,0.0058289430517763615,2019-09-15 00:00:00+00:00,0.003044250178505884,2019-09-14 20:00:00+00:00,0.0,2019-09-14 16:00:00+00:00,True
2019-09-16 12:00:00+00:00,short,10252.28,10254.283021357796,2019-09-16 20:00:00+00:00,10189.429356698294,0.006130406436588392,0.01673578950243262,2,8.0,0.012051570316722238,2019-09-16 20:00:00+00:00,0.0,2019-09-16 16:00:00+00:00,0.0,,True
2019-09-19 00:00:00+00:00,short,10097.92,10189.731209521726,2019-09-19 16:00:00+00:00,10008.77499703788,0.008828055972132794,0.03140943877551021,4,16.0,0.02229155826193931,2019-09-19 16:00:00+00:00,0.0023076908197235584,2019-09-19 12:00:00+00:00,0.0,2019-09-19 04:00:00+00:00,True
2019-09-19 20:00:00+00:00,long,10211.9,10010.90085573014,2019-09-21 04:00:00+00:00,10069.139759771828,-0.013979792225557617,0.006600142970456001,8,32.0,0.013203442861114778,2019-09-21 04:00:00+00:00,0.008811758670786216,2019-09-21 00:00:00+00:00,0.005708406267009649,2019-09-20 04:00:00+00:00,True
2019-09-22 00:00:00+00:00,short,9912.63,10030.822570673243,2019-09-22 04:00:00+00:00,9969.136272414584,-0.0057004319151006955,0.005612032326435991,1,4.0,0.0,2019-09-22 04:00:00+00:00,0.0,,0.0,,True
2019-09-23 12:00:00+00:00,short,9878.51,9972.14340991178,2019-09-25 20:00:00+00:00,8435.32660184876,0.14609322642293635,0.17628367031060352,14,56.0,0.01193240600362527,2019-09-25 20:00:00+00:00,0.006196503211472373,2019-09-25 00:00:00+00:00,0.005341589209810876,2019-09-24 04:00:00+00:00,True
2019-09-23 20:00:00+00:00,short,9708.91,9964.152254808974,2019-09-25 20:00:00+00:00,8435.32660184876,0.1311767642455477,0.1618945896089262,12,48.0,0.012296238765827526,2019-09-25 20:00:00+00:00,0.006388945604235187,2019-09-25 00:00:00+00:00,0.0038106589161274536,2019-09-24 04:00:00+00:00,True
2019-09-24 12:00:00+00:00,short,9603.5,9818.162488581042,2019-09-25 20:00:00+00:00,8435.32660184876,0.12164038091854436,0.15269537147914822,8,32.0,0.012533764839119853,2019-09-25 20:00:00+00:00,0.006514694473152853,2019-09-25 00:00:00+00:00,0.0,2019-09-24 16:00:00+00:00,True
2019-09-24 16:00:00+00:00,short,9408.47,9733.719423382874,2019-09-25 20:00:00+00:00,8435.32660184876,0.10343269396099898,0.13513142944602038,7,28.0,0.01299832947852735,2019-09-25 20:00:00+00:00,0.0067609007170741095,2019-09-25 00:00:00+00:00,0.0,2019-09-24 20:00:00+00:00,True
2019-09-24 20:00:00+00:00,short,8645.61,9324.575121063684,2019-09-25 20:00:00+00:00,8435.32660184876,0.02432256349190413,0.051541765127041415,6,24.0,0.015202368542132874,2019-09-25 20:00:00+00:00,0.005965809952055526,2019-09-25 16:00:00+00:00,0.0005608287331624668,2019-09-25 08:00:00+00:00,True
2019-09-26 12:00:00+00:00,short,8223.71,8404.07001784498,2019-09-27 20:00:00+00:00,8202.830030141613,0.0025389963724871353,0.06360146454580708,8,32.0,0.023543384429395832,2019-09-27 20:00:00+00:00,0.004748778690537973,2019-09-27 04:00:00+00:00,0.0,2019-09-26 16:00:00+00:00,True
2019-09-27 20:00:00+00:00,long,8157.0,8202.830030141613,2019-09-28 00:00:00+00:00,8202.03571131291,0.005521112089360093,0.006645825671202541,1,4.0,0.0,2019-09-28 00:00:00+00:00,0.0,,0.0,,True
2019-09-29 12:00:00+00:00,short,8001.14,8190.578919687136,2019-09-30 12:00:00+00:00,8107.237003777277,-0.013260235888545477,0.03651104717577747,6,24.0,0.059343732718108166,2019-09-30 12:00:00+00:00,0.029473314931798198,2019-09-30 08:00:00+00:00,0.010634013930110865,2019-09-29 20:00:00+00:00,True
2019-09-30 04:00:00+00:00,short,7888.98,8139.119892929898,2019-09-30 12:00:00+00:00,8107.237003777277,-0.027666061236975827,0.014446734558840223,2,8.0,0.03166915918266142,2019-09-30 12:00:00+00:00,0.0,2019-09-30 08:00:00+00:00,0.0,,True
2019-09-30 12:00:00+00:00,long,8127.06,8107.237003777277,2019-10-02 00:00:00+00:00,8220.919995364711,0.01154907129573435,0.045765627422462686,9,36.0,0.019753647518212385,2019-10-02 00:00:00+00:00,0.013685852400288953,2019-10-01 20:00:00+00:00,0.013012446118574328,2019-10-01 16:00:00+00:00,True
2019-10-01 00:00:00+00:00,long,8331.89,8119.157384855752,2019-10-02 00:00:00+00:00,8220.919995364711,-0.013318707356348705,0.0195153800638271,6,24.0,0.019753647518212385,2019-10-02 00:00:00+00:00,0.01368585240028895,2019-10-01 20:00:00+00:00,0.013012446118574326,2019-10-01 16:00:00+00:00,True
2019-10-02 04:00:00+00:00,short,8201.0,8222.328023039412,2019-10-02 08:00:00+00:00,8221.185182451825,-0.002461307456630327,0.0007608828191683675,1,4.0,0.0,2019-10-02 08:00:00+00:00,0.0,,0.0,,True
2019-10-03 12:00:00+00:00,short,8177.29,8228.723726628059,2019-10-03 20:00:00+00:00,8217.477253868086,-0.004914495372927507,0.011163845234790495,2,8.0,0.009647472773648507,2019-10-03 20:00:00+00:00,0.0,2019-10-03 16:00:00+00:00,0.0,,True
2019-10-05 08:00:00+00:00,short,8080.81,8195.299791367313,2019-10-05 20:00:00+00:00,8174.803085176945,-0.011631641528132078,0.008762735418850387,3,12.0,0.007184791655861111,2019-10-05 20:00:00+00:00,0.0,2019-10-05 12:00:00+00:00,0.0,,True
2019-10-06 04:00:00+00:00,short,8009.0,8164.082016064215,2019-10-07 08:00:00+00:00,7991.23122185996,0.0022186013409963806,0.031090023723311273,7,28.0,0.015088405564584352,2019-10-07 08:00:00+00:00,0.007210146183052977,2019-10-06 12:00:00+00:00,0.0,2019-10-06 08:00:00+00:00,True
2019-10-09 12:00:00+00:00,long,8242.52,8119.085813740536,2019-10-10 12:00:00+00:00,8424.971547678519,0.022135408549632658,0.0512561692297986,6,24.0,0.01006123370884913,2019-10-10 08:00:00+00:00,0.004110130509761123,2019-10-10 00:00:00+00:00,0.0019355508216180473,2019-10-09 20:00:00+00:00,True
2019-10-11 04:00:00+00:00,short,8419.34,8493.144962102151,2019-10-12 12:00:00+00:00,8368.60180359373,0.006026386439586679,0.024864181752964027,8,32.0,0.01318987312276461,2019-10-12 12:00:00+00:00,0.009410352902797407,2019-10-12 04:00:00+00:00,0.005939578940009966,2019-10-12 00:00:00+00:00,True
2019-10-11 08:00:00+00:00,short,8332.6,8483.398553161798,2019-10-12 12:00:00+00:00,8368.60180359373,-0.004320596643752258,0.014713294769939798,7,28.0,0.013461963798602188,2019-10-12 12:00:00+00:00,0.009604476777785493,2019-10-12 04:00:00+00:00,0.0060621050653893475,2019-10-12 00:00:00+00:00,True
2019-10-11 20:00:00+00:00,short,8268.51,8430.443813275386,2019-10-12 12:00:00+00:00,8368.60180359373,-0.012105180207042165,0.00243937541346628,4,16.0,0.007560938270765107,2019-10-12 12:00:00+00:00,0.003619481778661322,2019-10-12 04:00:00+00:00,0.0,2019-10-12 00:00:00+00:00,True
2019-10-13 12:00:00+00:00,long,8397.45,8359.763467212175,2019-10-13 20:00:00+00:00,8369.495881673729,-0.0033288817827163935,0.006972354702915679,2,8.0,0.018427046263345216,2019-10-13 20:00:00+00:00,0.0,2019-10-13 16:00:00+00:00,0.0,,True
2019-10-13 20:00:00+00:00,short,8277.32,8369.495881673729,2019-10-14 16:00:00+00:00,8361.654981808008,-0.010188682062310965,0.00873471123503734,5,20.0,0.009112215378760308,2019-10-14 16:00:00+00:00,0.001894019566697652,2019-10-14 04:00:00+00:00,0.0,2019-10-14 00:00:00+00:00,True
2019-10-15 16:00:00+00:00,short,8205.02,8351.012185834908,2019-10-17 08:00:00+00:00,8031.085413204764,0.02119855732164408,0.037145552356971784,10,40.0,0.013128279852348245,2019-10-17 08:00:00+00:00,0.004399747842408582,2019-10-16 20:00:00+00:00,0.0009466632242548809,2019-10-16 00:00:00+00:00,True
2019-10-16 08:00:00+00:00,short,8080.0,8309.035572645253,2019-10-17 08:00:00+00:00,8031.085413204764,0.006053785494459859,0.022247524752475274,6,24.0,0.013528352868193625,2019-10-17 08:00:00+00:00,0.004533826366637842,2019-10-16 20:00:00+00:00,0.00024984795837657134,2019-10-16 16:00:00+00:00,True
2019-10-16 12:00:00+00:00,short,8010.64,8253.337408982385,2019-10-17 08:00:00+00:00,8031.085413204764,-0.002552282115382043,0.013685548220866262,5,20.0,0.013510296098072696,2019-10-17 08:00:00+00:00,0.004358760053669125,2019-10-16 20:00:00+00:00,0.0,2019-10-16 16:00:00+00:00,True
2019-10-18 04:00:00+00:00,short,7930.0,8037.168829035351,2019-10-19 08:00:00+00:00,7996.60825405834,-0.008399527624002548,0.014880201765447668,7,28.0,0.003124342798710908,2019-10-18 20:00:00+00:00,0.002902704615489258,2019-10-18 16:00:00+00:00,0.0,2019-10-18 08:00:00+00:00,True
2019-10-20 16:00:00+00:00,long,8041.19,7986.814279196745,2019-10-22 12:00:00+00:00,8186.337959177825,0.01805055709140379,0.03648464966006277,11,44.0,0.0077100788044725315,2019-10-22 12:00:00+00:00,0.0057386578294899215,2019-10-21 16:00:00+00:00,0.004843359179969481,2019-10-21 12:00:00+00:00,True
2019-10-22 20:00:00+00:00,short,8160.0,8185.8721262139115,2019-10-25 04:00:00+00:00,7458.955888254504,0.08591226859626172,0.12098529411764704,14,56.0,0.006607996247726405,2019-10-24 16:00:00+00:00,0.0065377177319581,2019-10-23 16:00:00+00:00,0.0013744800879667242,2019-10-23 08:00:00+00:00,True
2019-10-23 00:00:00+00:00,short,8000.0,8164.478365573081,2019-10-25 04:00:00+00:00,7458.955888254504,0.06763051396818696,0.10340499999999997,13,52.0,0.006854106120510797,2019-10-24 16:00:00+00:00,0.00678157342294619,2019-10-23 16:00:00+00:00,0.0006653690932946291,2019-10-23 08:00:00+00:00,True
2019-10-23 12:00:00+00:00,short,7917.11,8081.131187196071,2019-10-25 04:00:00+00:00,7458.955888254504,0.05786885766971728,0.09401789289273478,10,40.0,0.006988956996967812,2019-10-24 16:00:00+00:00,0.0029479655595972226,2019-10-24 12:00:00+00:00,0.0012971523174878624,2019-10-24 08:00:00+00:00,True
2019-10-25 08:00:00+00:00,long,7495.81,7458.954742951922,2019-10-26 08:00:00+00:00,9046.348312358745,0.20685400408478127,0.3885730828289403,6,24.0,0.03482459084791795,2019-10-26 08:00:00+00:00,0.00784998959539139,2019-10-26 04:00:00+00:00,0.0,2019-10-25 12:00:00+00:00,True
2019-10-25 12:00:00+00:00,long,7638.51,7465.10086589212,2019-10-26 08:00:00+00:00,9046.348312358745,0.18430797529344656,0.36263224110461323,5,20.0,0.034824590847917974,2019-10-26 08:00:00+00:00,0.007849989595391436,2019-10-26 04:00:00+00:00,0.0,2019-10-25 16:00:00+00:00,True
2019-10-25 16:00:00+00:00,long,8564.68,7693.39198143306,2019-10-26 08:00:00+00:00,9046.348312358745,0.056238915214432354,0.21527949672375374,4,16.0,0.03482459084791797,2019-10-26 08:00:00+00:00,0.007849989595391408,2019-10-26 04:00:00+00:00,0.0,2019-10-25 20:00:00+00:00,True
2019-10-26 00:00:00+00:00,long,8800.0,8278.278243414457,2019-10-26 08:00:00+00:00,9046.348312358745,0.027994126404402818,0.11411250000000006,2,8.0,0.027188026981450168,2019-10-26 08:00:00+00:00,0.0,2019-10-26 04:00:00+00:00,0.0,,True
2019-10-27 16:00:00+00:00,long,9666.0,9175.399755839997,2019-10-28 20:00:00+00:00,9241.018890504678,-0.0439665952302216,0.02732567763294012,7,28.0,0.04296073561538016,2019-10-28 20:00:00+00:00,0.025039663092143144,2019-10-28 12:00:00+00:00,0.02140145694374079,2019-10-28 08:00:00+00:00,True
2019-10-28 20:00:00+00:00,short,9254.47,9241.018890504678,2019-10-29 00:00:00+00:00,9240.81872878719,0.001475100271848054,0.005885804373454055,1,4.0,0.0,2019-10-29 00:00:00+00:00,0.0,,0.0,,True
2019-11-02 12:00:00+00:00,long,9270.0,9212.359961552967,2019-11-03 04:00:00+00:00,9246.92793973681,-0.0024888953897723837,0.010430420711974165,4,16.0,0.00952001431162262,2019-11-03 04:00:00+00:00,0.0028140403542621225,2019-11-02 20:00:00+00:00,0.0,2019-11-02 16:00:00+00:00,True
2019-11-03 08:00:00+00:00,short,9200.01,9246.86927440566,2019-11-04 08:00:00+00:00,9235.582555753143,-0.003866577944278571,0.013805419776717657,6,24.0,0.01266593935989786,2019-11-04 08:00:00+00:00,0.00602296417114015,2019-11-03 20:00:00+00:00,0.0,2019-11-03 12:00:00+00:00,True
2019-11-04 08:00:00+00:00,long,9250.4,9235.582555753143,2019-11-04 12:00:00+00:00,9235.983443053905,-0.0015584793031755077,0.007523998962207079,1,4.0,0.0,2019-11-04 12:00:00+00:00,0.0,,0.0,,True
2019-11-04 12:00:00+00:00,long,9268.0,9235.983443053905,2019-11-05 04:00:00+00:00,9269.876863242449,0.00020251006068719923,0.030427276650841606,4,16.0,0.01892879914984068,2019-11-05 04:00:00+00:00,0.0,2019-11-04 16:00:00+00:00,0.0,,True
2019-11-04 20:00:00+00:00,long,9323.76,9236.868966609385,2019-11-05 04:00:00+00:00,9269.876863242449,-0.0057791209509416,0.01430431499738292,2,8.0,0.01892879914984068,2019-11-05 04:00:00+00:00,0.0,2019-11-05 00:00:00+00:00,0.0,,True
2019-11-07 08:00:00+00:00,short,9220.0,9293.231082524773,2019-11-09 12:00:00+00:00,8870.82524573421,0.03787144840192955,0.05966919739696309,13,52.0,0.006007261274478813,2019-11-09 00:00:00+00:00,0.004984884126060081,2019-11-08 00:00:00+00:00,0.0023350075849875593,2019-11-07 20:00:00+00:00,True
2019-11-08 08:00:00+00:00,short,9091.2,9246.289264208333,2019-11-09 12:00:00+00:00,8870.82524573421,0.024240447274924224,0.046347016895459385,7,28.0,0.006171756824702277,2019-11-09 00:00:00+00:00,0.0,2019-11-08 12:00:00+00:00,0.0,,True
2019-11-08 12:00:00+00:00,short,8938.81,9206.81475609749,2019-11-09 12:00:00+00:00,8870.82524573421,0.007605571017371427,0.024478649842652377,6,24.0,0.006378404388201544,2019-11-09 00:00:00+00:00,0.0,2019-11-08 16:00:00+00:00,0.0,,True
2019-11-10 16:00:00+00:00,long,8889.02,8816.648360325138,2019-11-11 04:00:00+00:00,8874.795234439232,-0.0016002625217142036,0.023734899910226273,3,12.0,0.025099238937720342,2019-11-11 04:00:00+00:00,0.0019090153971050884,2019-11-11 00:00:00+00:00,0.0,2019-11-10 20:00:00+00:00,True
2019-11-14 04:00:00+00:00,short,8712.0,8799.915109610516,2019-11-15 08:00:00+00:00,8666.703504096995,0.005199322302916099,0.02261248852157943,7,28.0,0.008313298119471449,2019-11-15 08:00:00+00:00,0.0017715940512329144,2019-11-15 04:00:00+00:00,0.0011411979278668084,2019-11-14 16:00:00+00:00,True
2019-11-14 08:00:00+00:00,short,8649.4,8798.094973932979,2019-11-15 08:00:00+00:00,8666.703504096995,-0.0020005438639669007,0.015538650079774279,6,24.0,0.008432351312893691,2019-11-15 08:00:00+00:00,0.0017969647195544447,2019-11-15 04:00:00+00:00,0.0003915829306807233,2019-11-14 16:00:00+00:00,True
2019-11-15 00:00:00+00:00,short,8581.39,8740.673335254065,2019-11-15 08:00:00+00:00,8666.703504096995,-0.009941688245959633,0.004473634224758392,2,8.0,0.006752580379685714,2019-11-15 08:00:00+00:00,0.0,2019-11-15 04:00:00+00:00,0.0,,True
2019-11-15 12:00:00+00:00,short,8515.0,8662.339679333252,2019-11-17 08:00:00+00:00,8524.569884601373,-0.001123885449368515,0.018698766881972913,11,44.0,0.010667382707611238,2019-11-17 08:00:00+00:00,0.004354193972694767,2019-11-16 12:00:00+00:00,0.0031064736859289133,2019-11-16 08:00:00+00:00,True
2019-11-17 04:00:00+00:00,short,8453.69,8530.190053264907,2019-11-17 08:00:00+00:00,8524.569884601373,-0.008384490630880998,0.011581924579680571,1,4.0,0.0,2019-11-17 08:00:00+00:00,0.0,,0.0,,True
2019-11-18 12:00:00+00:00,short,8417.0,8523.840354279935,2019-11-19 16:00:00+00:00,8149.973974957028,0.031724607941424725,0.049542592372579304,7,28.0,0.004121172280066203,2019-11-19 16:00:00+00:00,0.0029821720209950516,2019-11-19 12:00:00+00:00,0.0,2019-11-18 16:00:00+00:00,True
2019-11-18 16:00:00+00:00,short,8372.07,8518.784436537553,2019-11-19 16:00:00+00:00,8149.973974957028,0.02652820927715268,0.04444181665944023,6,24.0,0.004163875182911819,2019-11-19 16:00:00+00:00,0.003013072792287101,2019-11-19 12:00:00+00:00,0.0,2019-11-18 20:00:00+00:00,True
2019-11-21 08:00:00+00:00,short,8037.5,8121.547052779846,2019-11-22 08:00:00+00:00,7668.966019804903,0.0458518171315828,0.1390357698289269,6,24.0,1.53856714425492e-05,2019-11-21 16:00:00+00:00,0.0,2019-11-21 12:00:00+00:00,0.0,,True
2019-11-21 12:00:00+00:00,short,7855.0,8082.263863293599,2019-11-22 08:00:00+00:00,7668.966019804903,0.02368351116423893,0.11903246339910885,5,20.0,0.0,2019-11-21 16:00:00+00:00,0.0,,0.0,,True
2019-11-22 08:00:00+00:00,short,7389.68,7668.966019804903,2019-11-22 16:00:00+00:00,7319.431705716829,0.009506270133912587,0.08484129218044634,2,8.0,0.022768638226418222,2019-11-22 16:00:00+00:00,0.0,2019-11-22 12:00:00+00:00,0.0,,True
2019-11-24 12:00:00+00:00,short,7079.13,7259.034366485867,2019-11-25 12:00:00+00:00,6974.711585432554,0.014750176161116724,0.08036863286872829,6,24.0,0.07776648446190912,2019-11-25 12:00:00+00:00,0.027896268670652275,2019-11-25 08:00:00+00:00,0.0008163199974389819,2019-11-25 04:00:00+00:00,True
2019-11-24 20:00:00+00:00,short,6902.36,7210.91385007264,2019-11-25 12:00:00+00:00,6974.711585432554,-0.010482151819458012,0.05681679889197319,4,16.0,0.08161522610701734,2019-11-25 12:00:00+00:00,0.02927688310524788,2019-11-25 08:00:00+00:00,0.0008567204963379294,2019-11-25 04:00:00+00:00,True
2019-11-25 00:00:00+00:00,short,6855.91,7183.421788913673,2019-11-25 12:00:00+00:00,6974.711585432554,-0.017328346701248123,0.05042656627639515,3,12.0,0.08189367591738245,2019-11-25 12:00:00+00:00,0.028819646532756114,2019-11-25 08:00:00+00:00,0.0,2019-11-25 04:00:00+00:00,True
2019-11-25 12:00:00+00:00,long,7202.96,6974.711585432554,2019-11-27 08:00:00+00:00,7019.559411003405,-0.025461836383458288,0.025452036385041694,11,44.0,0.023358975953995408,2019-11-27 04:00:00+00:00,0.022815711807355518,2019-11-27 00:00:00+00:00,0.02233880053358774,2019-11-26 16:00:00+00:00,True
2019-11-27 12:00:00+00:00,long,7221.77,7021.0161306736845,2019-11-28 20:00:00+00:00,7384.038843754104,0.022469400680733907,0.06195572553542959,8,32.0,0.025520367936925102,2019-11-28 20:00:00+00:00,0.011269646521270157,2019-11-28 08:00:00+00:00,0.010184196052715162,2019-11-28 00:00:00+00:00,True
2019-11-27 16:00:00+00:00,long,7433.0,7036.692246534409,2019-11-28 20:00:00+00:00,7384.038843754104,-0.006586998015053926,0.02986681017085968,7,28.0,0.025520367936925102,2019-11-28 20:00:00+00:00,0.0037739267354668956,2019-11-28 08:00:00+00:00,0.0026802472967735512,2019-11-28 00:00:00+00:00,True
2019-11-29 12:00:00+00:00,long,7643.0,7402.016783413883,2019-11-30 16:00:00+00:00,7495.714982149674,-0.019270576717300255,0.02708360591390815,7,28.0,0.030892727772848877,2019-11-30 16:00:00+00:00,0.026805465696054884,2019-11-30 12:00:00+00:00,0.01155281091279604,2019-11-30 08:00:00+00:00,True
2019-11-30 16:00:00+00:00,short,7511.11,7495.714982149674,2019-11-30 20:00:00+00:00,7495.774420251389,0.0020417194993298,0.005739497890458224,1,4.0,0.0,2019-11-30 20:00:00+00:00,0.0,,0.0,,True
2019-12-01 00:00:00+00:00,short,7444.18,7496.209843704885,2019-12-01 12:00:00+00:00,7404.232213888205,0.0053663111466670235,0.029807178225136996,3,12.0,0.004747569383762089,2019-12-01 08:00:00+00:00,0.0,2019-12-01 04:00:00+00:00,0.0,,True
2019-12-04 00:00:00+00:00,short,7231.35,7342.772553357866,2019-12-04 12:00:00+00:00,7308.774867857197,-0.010706834527051887,0.022312569575528823,3,12.0,0.04564348728239933,2019-12-04 12:00:00+00:00,0.009086434968255369,2019-12-04 08:00:00+00:00,0.0,2019-12-04 04:00:00+00:00,True
2019-12-04 12:00:00+00:00,long,7353.33,7308.774867857197,2019-12-04 20:00:00+00:00,7320.174571880339,-0.004508899793652854,0.01967407963466893,2,8.0,0.037912225378192395,2019-12-04 20:00:00+00:00,0.0,2019-12-04 16:00:00+00:00,0.0,,True
2019-12-08 00:00:00+00:00,short,7467.44,7460.824767719756,2019-12-08 08:00:00+00:00,7457.944473791534,0.001271590559611579,0.011171164415114038,2,8.0,0.010978111764776389,2019-12-08 08:00:00+00:00,0.0,2019-12-08 04:00:00+00:00,0.0,,True
2019-12-09 12:00:00+00:00,short,7434.57,7462.861767216157,2019-12-11 12:00:00+00:00,7251.210001013552,0.024663161283900465,0.04261578006528958,12,48.0,0.005326854009413594,2019-12-10 00:00:00+00:00,0.0,2019-12-09 16:00:00+00:00,0.0,,True
2019-12-09 16:00:00+00:00,short,7388.0,7461.646795626082,2019-12-11 12:00:00+00:00,7251.210001013552,0.01851515958127344,0.03658094206821876,11,44.0,0.005393553278815232,2019-12-10 00:00:00+00:00,0.0,2019-12-09 20:00:00+00:00,0.0,,True
2019-12-09 20:00:00+00:00,short,7342.36,7460.412368335157,2019-12-11 12:00:00+00:00,7251.210001013552,0.012414264485321862,0.03059234360614297,10,40.0,0.001712482256409456,2019-12-11 08:00:00+00:00,0.0007612518780445724,2019-12-11 04:00:00+00:00,0.0,2019-12-10 00:00:00+00:00,True
2019-12-10 12:00:00+00:00,short,7269.05,7401.239417827227,2019-12-11 12:00:00+00:00,7251.210001013552,0.002454240786134135,0.02081564991298731,6,24.0,0.0017467463437733507,2019-12-11 08:00:00+00:00,0.0007764833356305552,2019-12-11 04:00:00+00:00,0.0,2019-12-10 16:00:00+00:00,True
2019-12-14 08:00:00+00:00,short,7203.43,7231.002928470716,2019-12-15 04:00:00+00:00,7139.444606751886,0.008882628587785907,0.027578528562087763,5,20.0,0.011357732533627131,2019-12-15 04:00:00+00:00,0.0016096223578314223,2019-12-14 16:00:00+00:00,0.0,2019-12-14 12:00:00+00:00,True
2019-12-14 12:00:00+00:00,short,7141.0,7230.233391851195,2019-12-15 04:00:00+00:00,7139.444606751886,0.0002178116857743092,0.019077160061615958,4,16.0,0.011553935892327475,2019-12-15 04:00:00+00:00,0.0,2019-12-14 16:00:00+00:00,0.0,,True
2019-12-16 16:00:00+00:00,short,7037.03,7124.531372588965,2019-12-18 12:00:00+00:00,6707.452307188502,0.04683477160272124,0.08668856037277087,11,44.0,0.027814514518940743,2019-12-18 12:00:00+00:00,0.00893654330322309,2019-12-18 00:00:00+00:00,0.007940288805956684,2019-12-17 08:00:00+00:00,True
2019-12-17 12:00:00+00:00,short,6831.0,6960.7941832881215,2019-12-18 12:00:00+00:00,6707.452307188502,0.018086325986165663,0.05914214609866784,6,24.0,0.02944000453839553,2019-12-18 12:00:00+00:00,0.009459075945056171,2019-12-18 00:00:00+00:00,0.0005903053695084357,2019-12-17 20:00:00+00:00,True
2019-12-17 16:00:00+00:00,short,6662.93,6893.0212716936285,2019-12-18 12:00:00+00:00,6707.452307188502,-0.006682091390499683,0.03540934693895933,5,20.0,0.030913756308815876,2019-12-18 12:00:00+00:00,0.009318761275701144,2019-12-18 00:00:00+00:00,0.0,2019-12-17 20:00:00+00:00,True
2019-12-18 16:00:00+00:00,long,6868.29,6709.0860678905065,2019-12-23 16:00:00+00:00,7461.2379598165335,0.08633123525892668,0.11978381809737214,30,120.0,0.025756309911177503,2019-12-19 04:00:00+00:00,0.016033110544367162,2019-12-19 00:00:00+00:00,0.0,2019-12-18 20:00:00+00:00,True
2019-12-18 20:00:00+00:00,long,6964.68,6712.178909575454,2019-12-23 16:00:00+00:00,7461.2379598165335,0.07129659364343131,0.10428619836087225,29,116.0,0.020930385750421575,2019-12-23 16:00:00+00:00,0.01227471543001688,2019-12-23 04:00:00+00:00,0.009881632675861252,2019-12-19 04:00:00+00:00,True
2019-12-22 16:00:00+00:00,long,7195.0,7055.070816155958,2019-12-23 16:00:00+00:00,7461.2379598165335,0.03700319107943481,0.0689367616400278,6,24.0,0.020930385750421568,2019-12-23 16:00:00+00:00,0.01227471543001687,2019-12-23 04:00:00+00:00,0.0,2019-12-22 20:00:00+00:00,True
2019-12-22 20:00:00+00:00,long,7467.96,7131.0903101357735,2019-12-23 16:00:00+00:00,7461.2379598165335,-0.0009001173256775024,0.029866255309348198,5,20.0,0.020930385750421575,2019-12-23 16:00:00+00:00,0.012274715430016875,2019-12-23 04:00:00+00:00,0.0,2019-12-23 00:00:00+00:00,True
2019-12-23 00:00:00+00:00,long,7517.61,7252.719654633852,2019-12-23 16:00:00+00:00,7461.2379598165335,-0.007498665158669603,0.0230645111943823,4,16.0,0.020452897834368048,2019-12-23 16:00:00+00:00,0.0,2019-12-23 04:00:00+00:00,0.0,,True
2019-12-23 20:00:00+00:00,short,7342.28,7458.864099084362,2019-12-26 16:00:00+00:00,7288.368273677386,0.007342641021945977,0.029839504894937287,17,68.0,0.015025319829424308,2019-12-26 16:00:00+00:00,0.014565808213714546,2019-12-24 08:00:00+00:00,0.0,2019-12-24 00:00:00+00:00,True
2019-12-26 16:00:00+00:00,long,7265.0,7288.368273677386,2019-12-26 20:00:00+00:00,7288.531766370282,0.0032390593765012706,0.008772195457673718,1,4.0,0.0,2019-12-26 20:00:00+00:00,0.0,,0.0,,True
2019-12-27 08:00:00+00:00,short,7151.0,7285.886214993098,2019-12-28 00:00:00+00:00,7277.649169381905,-0.017710693522850686,0.008530275485946022,4,16.0,0.010299783934424345,2019-12-28 00:00:00+00:00,0.005195728332797292,2019-12-27 20:00:00+00:00,0.0,2019-12-27 12:00:00+00:00,True
2019-12-28 00:00:00+00:00,long,7270.0,7277.649169381905,2019-12-28 04:00:00+00:00,7277.872110783924,0.001082821290773555,0.01214718019257227,1,4.0,0.0,2019-12-28 04:00:00+00:00,0.0,,0.0,,True
2019-12-29 12:00:00+00:00,long,7359.15,7300.841010194565,2019-12-29 20:00:00+00:00,7354.400777927074,-0.0006453492689951254,0.022808340637166028,2,8.0,0.011016726672667267,2019-12-29 20:00:00+00:00,0.0,2019-12-29 16:00:00+00:00,0.0,,True
2019-12-29 16:00:00+00:00,long,7415.0,7319.639168314394,2019-12-29 20:00:00+00:00,7354.400777927074,-0.008172518148742527,0.015104517869184087,1,4.0,0.0,2019-12-29 20:00:00+00:00,0.0,,0.0,,True
2019-12-30 12:00:00+00:00,short,7287.25,7355.96043976096,2019-12-31 12:00:00+00:00,7313.387931640081,-0.0035868032028653816,0.014473223781261828,6,24.0,0.0017706805270090078,2019-12-31 04:00:00+00:00,0.0004674616695060027,2019-12-30 20:00:00+00:00,0.0,2019-12-30 16:00:00+00:00,True
2019-12-30 16:00:00+00:00,short,7252.0,7354.1584265241,2019-12-31 12:00:00+00:00,7313.387931640081,-0.008464965752906888,0.009682846111417575,5,20.0,0.001787848406958306,2019-12-31 04:00:00+00:00,0.0,2019-12-30 20:00:00+00:00,0.0,,True
2019-12-31 16:00:00+00:00,short,7181.78,7288.247419732291,2020-01-01 12:00:00+00:00,7239.599058656979,-0.00805079780458034,0.0029895095644811376,5,20.0,0.005643551660310846,2020-01-01 12:00:00+00:00,0.004550801721638628,2020-01-01 00:00:00+00:00,0.0,2019-12-31 20:00:00+00:00,True
2020-01-02 00:00:00+00:00,short,7170.15,7237.887936071379,2020-01-03 04:00:00+00:00,7086.796521617832,0.011625067590241189,0.042775953083268835,7,28.0,0.03390662725975425,2020-01-03 04:00:00+00:00,0.003965302222947237,2020-01-02 08:00:00+00:00,0.0,2020-01-02 04:00:00+00:00,True
2020-01-02 04:00:00+00:00,short,7121.0,7228.334096472238,2020-01-03 04:00:00+00:00,7086.796521617832,0.004803184718742903,0.03616907737677298,6,24.0,0.03436354040289802,2020-01-03 04:00:00+00:00,0.0,2020-01-02 08:00:00+00:00,0.0,,True
2020-01-02 16:00:00+00:00,short,7101.0,7214.758041182008,2020-01-03 04:00:00+00:00,7086.796521617832,0.002000208193517563,0.03345444303619214,3,12.0,0.03455301082753821,2020-01-03 04:00:00+00:00,0.0,2020-01-02 20:00:00+00:00,0.0,,True
2020-01-03 04:00:00+00:00,long,7175.0,7086.796521617832,2020-01-05 20:00:00+00:00,7352.304466770233,0.02471142394010221,0.0445993031358885,16,64.0,0.01615887306609232,2020-01-05 20:00:00+00:00,0.007046012454599586,2020-01-05 08:00:00+00:00,0.0039051596308889275,2020-01-04 12:00:00+00:00,True
2020-01-03 08:00:00+00:00,long,7300.0,7087.834946913849,2020-01-05 20:00:00+00:00,7352.304466770233,0.007164995447977175,0.02671232876712329,15,60.0,0.016158873066092316,2020-01-05 20:00:00+00:00,0.0070460124545995845,2020-01-05 08:00:00+00:00,0.003905159630888927,2020-01-04 12:00:00+00:00,True
2020-01-05 00:00:00+00:00,long,7400.0,7269.61172095356,2020-01-05 20:00:00+00:00,7352.304466770233,-0.006445342328346841,0.012837837837837839,5,20.0,0.01463504828105516,2020-01-05 20:00:00+00:00,0.005426786618750151,2020-01-05 08:00:00+00:00,0.0,2020-01-05 04:00:00+00:00,True
2020-01-06 00:00:00+00:00,long,7495.0,7352.317706151377,2020-01-08 16:00:00+00:00,8141.706797650372,0.0862850964176614,0.12987591727818545,16,64.0,0.04441722413644178,2020-01-08 16:00:00+00:00,0.01655092621894565,2020-01-07 12:00:00+00:00,0.003193633952254632,2020-01-06 12:00:00+00:00,True
2020-01-06 20:00:00+00:00,long,7611.81,7398.4937538289205,2020-01-08 16:00:00+00:00,8141.706797650372,0.06961508467110605,0.11253696558374415,11,44.0,0.04441722413644178,2020-01-08 16:00:00+00:00,0.016550926218945657,2020-01-07 12:00:00+00:00,0.0015103961593145485,2020-01-07 04:00:00+00:00,True
2020-01-07 00:00:00+00:00,long,7808.65,7434.034675331427,2020-01-08 16:00:00+00:00,8141.706797650372,0.0426522891473395,0.08449219775505375,10,40.0,0.04441722413644178,2020-01-08 16:00:00+00:00,0.016550926218945654,2020-01-07 12:00:00+00:00,0.0,2020-01-07 04:00:00+00:00,True
2020-01-07 16:00:00+00:00,long,8014.91,7649.652583376253,2020-01-08 16:00:00+00:00,8141.706797650372,0.01582011496702675,0.05658329288788024,6,24.0,0.04441722413644178,2020-01-08 16:00:00+00:00,0.003465990344655637,2020-01-08 12:00:00+00:00,0.0001385104942778855,2020-01-08 04:00:00+00:00,True
2020-01-07 20:00:00+00:00,long,8133.0,7721.655283954243,2020-01-08 16:00:00+00:00,8141.706797650372,0.0010705517829057187,0.04124185417435142,5,20.0,0.04441722413644179,2020-01-08 16:00:00+00:00,0.003465990344655638,2020-01-08 12:00:00+00:00,0.00013851049427788433,2020-01-08 04:00:00+00:00,True
2020-01-08 00:00:00+00:00,long,8215.33,7813.565324015994,2020-01-08 16:00:00+00:00,8141.706797650372,-0.008961685330915218,0.025883318138163584,4,16.0,0.04441722413644179,2020-01-08 16:00:00+00:00,0.0034659903446556356,2020-01-08 12:00:00+00:00,0.0,2020-01-08 04:00:00+00:00,True
2020-01-10 12:00:00+00:00,long,8006.83,7933.844942115083,2020-01-10 16:00:00+00:00,7934.50307427905,-0.009033153660181304,0.01730772353103537,1,4.0,0.0,2020-01-10 16:00:00+00:00,0.0,,0.0,,True
2020-01-10 20:00:00+00:00,long,8145.41,7938.327705987164,2020-01-11 20:00:00+00:00,8010.194572462215,-0.01660019907380785,0.018019964618110156,6,24.0,0.017792391484046356,2020-01-11 20:00:00+00:00,0.01421040063189992,2020-01-11 08:00:00+00:00,0.010570853003667788,2020-01-11 04:00:00+00:00,True
2020-01-14 00:00:00+00:00,long,8200.0,8034.3151067284625,2020-01-15 04:00:00+00:00,8671.819870510639,0.05753900859885839,0.08762195121951219,7,28.0,0.02191614730878185,2020-01-15 04:00:00+00:00,0.010718413597733727,2020-01-15 00:00:00+00:00,0.0,2020-01-14 04:00:00+00:00,True
2020-01-14 04:00:00+00:00,long,8485.0,8105.949575767255,2020-01-15 04:00:00+00:00,8671.819870510639,0.022017662994771807,0.05109015910430171,6,24.0,0.021916147308781855,2020-01-15 04:00:00+00:00,0.01071841359773373,2020-01-15 00:00:00+00:00,0.0,2020-01-14 08:00:00+00:00,True
2020-01-14 12:00:00+00:00,long,8598.27,8246.406556261805,2020-01-15 04:00:00+00:00,8671.819870510639,0.008554031277296288,0.037243538525773154,4,16.0,0.021916147308781855,2020-01-15 04:00:00+00:00,0.010718413597733727,2020-01-15 00:00:00+00:00,0.0,2020-01-14 16:00:00+00:00,True
2020-01-14 16:00:00+00:00,long,8770.0,8347.587973046471,2020-01-15 04:00:00+00:00,8671.819870510639,-0.011194997661272658,0.016932725199543898,3,12.0,0.02191614730878185,2020-01-15 04:00:00+00:00,0.010718413597733728,2020-01-15 00:00:00+00:00,0.0,2020-01-14 20:00:00+00:00,True
2020-01-17 04:00:00+00:00,long,8843.49,8717.133634478374,2020-01-19 08:00:00+00:00,8891.393979710365,0.0054168636715103535,0.0409125808928375,13,52.0,0.0502270550060119,2020-01-19 08:00:00+00:00,0.008767117152422555,2020-01-18 04:00:00+00:00,0.006438940558707054,2020-01-17 12:00:00+00:00,True
2020-01-19 00:00:00+00:00,long,8995.0,8824.624263596495,2020-01-19 08:00:00+00:00,8891.393979710365,-0.011518179020526417,0.019807670928293504,2,8.0,0.042604603281270345,2020-01-19 08:00:00+00:00,0.0,2020-01-19 04:00:00+00:00,0.0,,True
2020-01-19 08:00:00+00:00,short,8832.0,8891.393979710365,2020-01-21 20:00:00+00:00,8734.329484828488,0.011058708692426665,0.044281023550724656,15,60.0,0.022560419129464954,2020-01-21 20:00:00+00:00,0.007407202216066522,2020-01-19 20:00:00+00:00,0.0017739612188365905,2020-01-19 16:00:00+00:00,True
2020-01-21 16:00:00+00:00,short,8608.71,8753.081456319096,2020-01-21 20:00:00+00:00,8734.329484828488,-0.014592138058836758,0.00867841987940111,1,4.0,0.0,2020-01-21 20:00:00+00:00,0.0,,0.0,,True
2020-01-23 08:00:00+00:00,short,8504.0,8727.577984138967,2020-01-24 12:00:00+00:00,8444.394177459995,0.007009151286453991,0.03022107243650047,7,28.0,0.020651071675501165,2020-01-24 12:00:00+00:00,0.009974648536529095,2020-01-24 08:00:00+00:00,0.004948409704252695,2020-01-23 20:00:00+00:00,True
2020-01-23 12:00:00+00:00,short,8404.68,8719.549465244874,2020-01-24 12:00:00+00:00,8444.394177459995,-0.004725245632194798,0.018760976027641776,6,24.0,0.0211348497999848,2020-01-24 12:00:00+00:00,0.010208317608876081,2020-01-24 08:00:00+00:00,0.003589552575201508,2020-01-23 20:00:00+00:00,True
2020-01-24 12:00:00+00:00,long,8508.0,8444.394177459995,2020-01-24 20:00:00+00:00,8449.625859739663,-0.006861088417999212,0.0023507287259050304,2,8.0,0.007295390404515625,2020-01-24 20:00:00+00:00,0.0,2020-01-24 16:00:00+00:00,0.0,,True
2020-01-26 08:00:00+00:00,long,8425.0,8430.524312743039,2020-01-27 08:00:00+00:00,8582.954142713119,0.01874826619740284,0.04023738872403561,6,24.0,0.0012795528833784069,2020-01-27 04:00:00+00:00,0.0,2020-01-26 12:00:00+00:00,0.0,,True
2020-01-26 16:00:00+00:00,long,8493.14,8431.255204029532,2020-01-27 08:00:00+00:00,8582.954142713119,0.01057490430077916,0.03189162076687781,4,16.0,0.0012795528833784036,2020-01-27 04:00:00+00:00,0.0,2020-01-26 20:00:00+00:00,0.0,,True
2020-01-27 00:00:00+00:00,long,8624.45,8508.324627434573,2020-01-27 08:00:00+00:00,8582.954142713119,-0.004811420703567392,0.016180741960356806,2,8.0,0.0,2020-01-27 04:00:00+00:00,0.0,,0.0,,True
2020-01-27 08:00:00+00:00,long,8700.0,8582.954142713119,2020-01-28 08:00:00+00:00,8954.092417337532,0.029206024981325462,0.054790804597701186,6,24.0,0.008379609689485477,2020-01-28 04:00:00+00:00,0.0022867594055992918,2020-01-27 20:00:00+00:00,0.0,2020-01-27 12:00:00+00:00,True
2020-01-27 12:00:00+00:00,long,8764.0,8626.952550679653,2020-01-28 08:00:00+00:00,8954.092417337532,0.021690143466172013,0.047088087631218654,5,20.0,0.00837960968948548,2020-01-28 04:00:00+00:00,0.002286759405599291,2020-01-27 20:00:00+00:00,0.0,2020-01-27 16:00:00+00:00,True
2020-01-27 16:00:00+00:00,long,8794.13,8680.18874654852,2020-01-28 08:00:00+00:00,8954.092417337532,0.01818968076859591,0.04350060779178851,4,16.0,0.008379609689485482,2020-01-28 04:00:00+00:00,0.0,2020-01-27 20:00:00+00:00,0.0,,True
2020-01-28 00:00:00+00:00,long,9015.48,8818.187322263946,2020-01-28 08:00:00+00:00,8954.092417337532,-0.006809130813053553,0.01482006504368049,2,8.0,0.0,2020-01-28 04:00:00+00:00,0.0,,0.0,,True
2020-01-28 20:00:00+00:00,long,9207.81,8997.047792599278,2020-01-30 00:00:00+00:00,9223.659062117715,0.0017212629406683263,0.02744517968985035,7,28.0,0.011970263703249655,2020-01-30 00:00:00+00:00,0.009463870059021435,2020-01-29 20:00:00+00:00,0.008485453736512485,2020-01-29 12:00:00+00:00,True
2020-01-30 16:00:00+00:00,long,9460.52,9254.208610312615,2020-01-31 08:00:00+00:00,9286.23296816089,-0.01842256364757017,0.014637673193439638,4,16.0,0.01964271279605535,2020-01-31 08:00:00+00:00,0.015217827197457076,2020-01-31 04:00:00+00:00,0.007401054204061237,2020-01-31 00:00:00+00:00,True
2020-02-02 00:00:00+00:00,short,9306.0,9307.071399241073,2020-02-02 04:00:00+00:00,9306.301945750813,-3.2446351903351864e-05,0.015687728347302792,1,4.0,0.0,2020-02-02 04:00:00+00:00,0.0,,0.0,,True
2020-02-02 08:00:00+00:00,long,9438.07,9307.041573114795,2020-02-03 00:00:00+00:00,9317.973195922803,-0.012724720634324263,0.022201572991088315,4,16.0,0.012650866740326778,2020-02-02 20:00:00+00:00,0.0008299983611497712,2020-02-02 16:00:00+00:00,0.0,2020-02-02 12:00:00+00:00,True
2020-02-03 12:00:00+00:00,short,9290.0,9319.532118432753,2020-02-03 16:00:00+00:00,9318.40640192571,-0.0030577397121323317,0.004305705059203444,1,4.0,0.0,2020-02-03 16:00:00+00:00,0.0,,0.0,,True
2020-02-04 08:00:00+00:00,short,9226.4,9312.39913990649,2020-02-05 04:00:00+00:00,9256.31023811253,-0.003241810252376913,0.013157894736842066,5,20.0,0.009713138638865505,2020-02-05 04:00:00+00:00,0.005935806945973365,2020-02-05 00:00:00+00:00,0.0012249347061236337,2020-02-04 20:00:00+00:00,True
2020-02-05 08:00:00+00:00,long,9307.78,9256.431061841098,2020-02-06 20:00:00+00:00,9675.071959795509,0.0394607478685044,0.06190735062496098,9,36.0,0.005300930038465796,2020-02-05 20:00:00+00:00,0.0,2020-02-05 12:00:00+00:00,0.0,,True
2020-02-05 12:00:00+00:00,long,9430.0,9263.06542628599,2020-02-06 20:00:00+00:00,9675.071959795509,0.02598854292635297,0.048144220572640506,8,32.0,0.0053009300384658,2020-02-05 20:00:00+00:00,0.0,2020-02-05 16:00:00+00:00,0.0,,True
2020-02-05 16:00:00+00:00,long,9515.0,9288.560837384473,2020-02-06 20:00:00+00:00,9675.071959795509,0.016823117161903156,0.038780872306883866,7,28.0,0.004578510693225394,2020-02-06 16:00:00+00:00,0.00031833033148864775,2020-02-06 04:00:00+00:00,0.0,2020-02-05 20:00:00+00:00,True
2020-02-06 12:00:00+00:00,long,9799.08,9573.842132578422,2020-02-06 20:00:00+00:00,9675.071959795509,-0.012655069680469127,0.005094355796666633,2,8.0,0.0,2020-02-06 16:00:00+00:00,0.0,,0.0,,True
2020-02-08 00:00:00+00:00,short,9736.66,9767.723450448542,2020-02-08 04:00:00+00:00,9767.359423236545,-0.003152972706918496,0.0025768590050387037,1,4.0,0.0,2020-02-08 04:00:00+00:00,0.0,,0.0,,True
2020-02-08 20:00:00+00:00,long,9898.57,9776.100082149118,2020-02-10 04:00:00+00:00,10056.221951316194,0.01592674005600756,0.031821768194799836,8,32.0,0.017871860794029446,2020-02-10 04:00:00+00:00,0.005937616180372819,2020-02-10 00:00:00+00:00,0.004428458543255101,2020-02-09 16:00:00+00:00,True
2020-02-09 00:00:00+00:00,long,9956.0,9783.197753367936,2020-02-10 04:00:00+00:00,10056.221951316194,0.010066487677400007,0.02586982723985531,7,28.0,0.01787186079402945,2020-02-10 04:00:00+00:00,0.005937616180372819,2020-02-10 00:00:00+00:00,0.004428458543255103,2020-02-09 16:00:00+00:00,True
2020-02-09 04:00:00+00:00,long,10062.0,9817.46641561228,2020-02-10 04:00:00+00:00,10056.221951316194,-0.0005742445521571792,0.015062611806797802,6,24.0,0.017871860794029446,2020-02-10 04:00:00+00:00,0.005937616180372817,2020-02-10 00:00:00+00:00,0.0038181728443808594,2020-02-09 16:00:00+00:00,True
2020-02-10 04:00:00+00:00,short,10026.0,10056.221951316194,2020-02-11 12:00:00+00:00,9922.974089178124,0.010275873810280878,0.029587073608617537,8,32.0,0.0441774825386595,2020-02-11 12:00:00+00:00,0.006117778148767965,2020-02-11 08:00:00+00:00,0.0044539465448171335,2020-02-10 12:00:00+00:00,True
2020-02-11 00:00:00+00:00,short,9750.0,10012.137454078287,2020-02-11 12:00:00+00:00,9922.974089178124,-0.017740932223397322,0.002116923076923017,3,12.0,0.04664223687462746,2020-02-11 12:00:00+00:00,0.00642640961028224,2020-02-11 08:00:00+00:00,0.0,2020-02-11 04:00:00+00:00,True
2020-02-11 12:00:00+00:00,long,9931.89,9922.974089178124,2020-02-13 08:00:00+00:00,10276.39892206915,0.03468714636077824,0.058464199663910886,11,44.0,0.022175813520387437,2020-02-13 08:00:00+00:00,0.00567681429624024,2020-02-11 20:00:00+00:00,0.0,2020-02-11 16:00:00+00:00,True
2020-02-11 16:00:00+00:00,long,10240.0,9925.080278168263,2020-02-13 08:00:00+00:00,10276.39892206915,0.003554582233315351,0.02661621093749993,10,40.0,0.022175813520387437,2020-02-13 08:00:00+00:00,0.004606774430622249,2020-02-13 04:00:00+00:00,0.004310565078349021,2020-02-12 16:00:00+00:00,True
2020-02-13 08:00:00+00:00,short,10235.52,10276.39892206915,2020-02-13 12:00:00+00:00,10271.952100394541,-0.0035593795326999125,0.01118262677421381,1,4.0,0.0,2020-02-13 12:00:00+00:00,0.0,,0.0,,True
2020-02-15 12:00:00+00:00,short,10203.98,10262.804218936784,2020-02-16 20:00:00+00:00,9988.03994279262,0.021162336383193533,0.05657988353564003,8,32.0,0.015610581287391925,2020-02-16 20:00:00+00:00,0.010072513720098474,2020-02-16 00:00:00+00:00,0.0009397458211301884,2020-02-15 20:00:00+00:00,True
2020-02-16 16:00:00+00:00,short,9821.11,10058.979602025489,2020-02-16 20:00:00+00:00,9988.03994279262,-0.016997054588801044,0.008501075743984109,1,4.0,0.0,2020-02-16 20:00:00+00:00,0.0,,0.0,,True
2020-02-18 12:00:00+00:00,long,9821.0,9861.553738062143,2020-02-18 16:00:00+00:00,9861.085981269232,0.00408165983802387,0.02433560737195805,1,4.0,0.0,2020-02-18 16:00:00+00:00,0.0,,0.0,,True
2020-02-18 16:00:00+00:00,long,9876.4,9861.085981269232,2020-02-19 20:00:00+00:00,10048.034504938698,0.017378245609604534,0.04147260135271965,7,28.0,0.060644217522552175,2020-02-19 20:00:00+00:00,0.010475392950093955,2020-02-19 04:00:00+00:00,0.0015136146690884152,2020-02-19 00:00:00+00:00,True
2020-02-18 20:00:00+00:00,long,10060.0,9872.575967158962,2020-02-19 20:00:00+00:00,10048.034504938698,-0.0011894130279624388,0.02246520874751491,6,24.0,0.060644217522552175,2020-02-19 20:00:00+00:00,0.008975363522894195,2020-02-19 04:00:00+00:00,0.0,2020-02-19 00:00:00+00:00,True
2020-02-19 20:00:00+00:00,short,10026.08,10048.034504938698,2020-02-22 04:00:00+00:00,9598.2,0.0426766991685683,0.06418161434977576,14,56.0,0.016097035759544978,2020-02-21 12:00:00+00:00,0.014555363931739593,2020-02-21 00:00:00+00:00,0.004281045440253096,2020-02-20 20:00:00+00:00,False
2020-02-21 00:00:00+00:00,long,9700.0,9812.98056636064,2020-02-21 04:00:00+00:00,9797.468719350818,0.010048321582558556,0.004123711340206186,1,4.0,0.0,2020-02-21 04:00:00+00:00,0.0,,0.0,,True
