信号时间,方向,突破基准价,入场KAMA,出场时间,出场价,实际涨跌幅,盘中最大涨跌幅,持仓K线数,持仓小时,最大回撤1,最大回撤1时间,最大回撤2,最大回撤2时间,最大回撤3,最大回撤3时间,KAMA止损出场,峰值到平仓回撤,触发保本切换,出场类型
2019-09-23 20:00,short,9878.51,9972.14340991178,2019-09-26 04:00,8435.32660184876,0.14609322642293635,0.17628367031060352,14,56.0,0.01193240600362527,2019-09-26 04:00,0.006196503211472373,2019-09-25 08:00,0.005341589209810876,2019-09-24 12:00,True,0.016839490461178646,True,kama_trail
2019-09-26 20:00,short,8223.71,8404.07001784498,2019-09-28 04:00,8202.830030141613,0.0025389963724871353,0.06360146454580708,8,32.0,0.023543384429395832,2019-09-28 04:00,0.004748778690537973,2019-09-27 12:00,0.0,2019-09-27 00:00,True,0.027518555097711273,True,kama_trail
2019-10-09 20:00,long,8242.52,8119.085813740536,2019-10-10 20:00,8424.971547678519,0.022135408549632658,0.0512561692297986,6,24.0,0.01006123370884913,2019-10-10 16:00,0.004110130509761123,2019-10-10 08:00,0.0019355508216180473,2019-10-10 04:00,True,0.02163425979228172,True,kama_trail
2019-10-23 04:00,short,8160.0,8185.8721262139115,2019-10-25 12:00,7458.955888254504,0.08591226859626172,0.12098529411764704,14,56.0,0.006607996247726405,2019-10-25 00:00,0.0065377177319581,2019-10-24 00:00,0.0013744800879667242,2019-10-23 16:00,True,0.0068221194784961504,True,kama_trail
2019-10-25 16:00,long,7495.81,7458.954742951922,2019-10-26 16:00,9046.348312358745,0.20685400408478127,0.3885730828289403,6,24.0,0.03482459084791795,2019-10-26 16:00,0.00784998959539139,2019-10-26 12:00,0.0,2019-10-25 20:00,True,0.054033034124110244,True,kama_trail
2019-11-21 16:00,short,8037.5,8121.547052779846,2019-11-22 16:00,7668.966019804903,0.0458518171315828,0.1390357698289269,6,24.0,1.53856714425492e-05,2019-11-22 00:00,0.0,2019-11-21 20:00,0.0,,True,0.0,True,kama_trail
2019-11-24 20:00,short,7079.13,7259.034366485867,2019-11-25 20:00,6974.711585432554,0.014750176161116724,0.08036863286872829,6,24.0,0.07776648446190912,2019-11-25 20:00,0.027896268670652275,2019-11-25 16:00,0.0008163199974389819,2019-11-25 12:00,True,0.04407230057721312,True,kama_trail
2019-11-27 20:00,long,7221.77,7021.0161306736845,2019-11-29 04:00,7384.038843754104,0.022469400680733907,0.06195572553542959,8,32.0,0.025520367936925102,2019-11-29 04:00,0.011269646521270157,2019-11-28 16:00,0.010184196052715162,2019-11-28 08:00,True,0.029692661793153198,True,kama_trail
2019-12-17 00:00,short,7037.03,7124.531372588965,2019-12-18 20:00,6707.452307188502,0.04683477160272124,0.08668856037277087,11,44.0,0.027814514518940743,2019-12-18 20:00,0.00893654330322309,2019-12-18 08:00,0.007940288805956684,2019-12-17 16:00,True,0.0,True,kama_trail
2019-12-19 00:00,long,6868.29,6709.0860678905065,2019-12-24 00:00,7461.2379598165335,0.08633123525892668,0.11978381809737214,30,120.0,0.025756309911177503,2019-12-19 12:00,0.016033110544367162,2019-12-19 08:00,0.0,2019-12-19 04:00,True,0.0,True,kama_trail
2020-01-06 08:00,long,7495.0,7352.317706151377,2020-01-09 00:00,8141.706797650372,0.0862850964176614,0.12987591727818545,16,64.0,0.04441722413644178,2020-01-09 00:00,0.01655092621894565,2020-01-07 20:00,0.003193633952254632,2020-01-06 20:00,True,0.02322335930522171,True,kama_trail
2020-01-14 08:00,long,8200.0,8034.3151067284625,2020-01-15 12:00,8671.819870510639,0.05753900859885839,0.08762195121951219,7,28.0,0.02191614730878185,2020-01-15 12:00,0.010718413597733727,2020-01-15 08:00,0.0,2020-01-14 12:00,True,0.006711039858306891,True,kama_trail
2020-02-05 16:00,long,9307.78,9256.431061841098,2020-02-07 04:00,9675.071959795509,0.0394607478685044,0.06190735062496098,9,36.0,0.005300930038465796,2020-02-06 04:00,0.0,2020-02-05 20:00,0.0,,True,0.012760855234011251,True,kama_trail
2020-02-15 20:00,short,10203.98,10262.804218936784,2020-02-17 04:00,9988.03994279262,0.021162336383193533,0.05657988353564003,8,32.0,0.015610581287391925,2020-02-17 04:00,0.010072513720098474,2020-02-16 08:00,0.0009397458211301884,2020-02-16 04:00,True,0.023274831110419343,True,kama_trail
2020-02-20 04:00,short,10026.08,10048.034504938698,2020-02-23 08:00,9743.159809488752,0.028218425397687603,0.06418161434977576,19,76.0,0.022557193356899867,2020-02-23 08:00,0.016097035759544978,2020-02-21 20:00,0.014555363931739593,2020-02-21 08:00,True,0.01910056009832788,True,kama_trail
2020-02-25 20:00,short,9487.38,9740.64661426037,2020-02-27 20:00,8873.346079474564,0.06472112643590064,0.10049982186862966,12,48.0,0.010327237747402978,2020-02-27 20:00,0.007192113603525536,2020-02-27 12:00,0.0012630957049652532,2020-02-26 16:00,True,0.014407877065709429,True,kama_trail
2020-03-08 00:00,short,9016.0,9034.31800550849,2020-03-10 04:00,7883.891550540815,0.12556659820975877,0.15314884649511978,13,52.0,0.015677277693259016,2020-03-10 04:00,0.007419564533058656,2020-03-10 00:00,0.0031430303976368555,2020-03-09 08:00,True,0.014282483443483034,True,kama_trail
2020-03-12 12:00,short,7575.0,7880.554426161416,2020-03-13 20:00,5681.101780749078,0.25001956689781146,0.5218732673267327,8,32.0,0.06127381359318658,2020-03-13 16:00,0.05866147987309049,2020-03-13 12:00,0.03758563746046113,2020-03-13 08:00,True,0.09260734995663254,True,kama_trail
2020-03-16 12:00,short,5169.6,5469.0271493017835,2020-03-17 08:00,5169.6,0.0,0.1462356855462706,5,20.0,0.13136795020921868,2020-03-17 08:00,0.10205831162793105,2020-03-16 20:00,0.0,2020-03-16 16:00,True,0.11919877746827608,True,breakeven
2020-03-19 16:00,long,5448.07,5277.7977263541825,2020-03-21 00:00,6270.536033162732,0.15096465962491892,0.2685226144304314,8,32.0,0.07074526416993396,2020-03-21 00:00,0.00898902469082093,2020-03-20 08:00,0.007727661548721872,2020-03-20 04:00,True,0.05801132195190833,True,kama_trail
2020-03-28 04:00,short,6566.0,6580.507513277345,2020-03-30 12:00,6125.554758869065,0.06707968948080031,0.10904660371611331,14,56.0,0.049934327765779524,2020-03-30 12:00,0.017253949637045414,2020-03-30 08:00,0.01713160915774807,2020-03-28 16:00,True,0.020258533921256823,True,kama_trail
2020-04-02 20:00,long,6750.0,6375.624151463547,2020-04-03 12:00,6750.0,0.0,0.08,4,16.0,0.0030821625723117156,2020-04-03 08:00,0.0012925672237891134,2020-04-03 04:00,0.0,2020-04-03 00:00,True,0.02541008577835079,True,breakeven
2020-04-06 12:00,long,6887.2,6789.390183584064,2020-04-07 20:00,7314.580011634267,0.062054247246234644,0.08273318620048789,8,32.0,0.009104336043360377,2020-04-07 20:00,0.0010060430837609256,2020-04-07 08:00,0.0,2020-04-06 16:00,True,0.0,True,kama_trail
2020-04-10 12:00,short,7105.98,7295.711310267938,2020-04-12 20:00,6950.619174774228,0.02186339185105669,0.051362373662745965,14,56.0,0.03323837422484762,2020-04-12 20:00,0.018649324205439445,2020-04-11 08:00,0.017592282927104512,2020-04-11 00:00,True,0.026468026825855247,True,kama_trail
2020-04-23 20:00,long,7178.0,7045.191051802019,2020-04-24 20:00,7420.741876155138,0.03381748065688744,0.061437726386179996,6,24.0,0.009742804241265156,2020-04-24 16:00,0.00501259797501676,2020-04-24 04:00,0.0,2020-04-24 00:00,True,0.01927786998997724,True,kama_trail
2020-04-29 08:00,long,7780.0,7614.071152600256,2020-04-30 16:00,8955.915795638894,0.15114598915667013,0.21847943444730084,8,32.0,0.049521654239240605,2020-04-30 16:00,0.013619126523340222,2020-04-30 12:00,0.0,2020-04-29 12:00,True,0.02433458408668942,True,kama_trail
2020-05-07 20:00,long,9405.0,9116.841209468925,2020-05-09 08:00,9758.203405156213,0.03755485434941129,0.07177033492822966,9,36.0,0.018760380190095075,2020-05-09 04:00,0.017656828414207064,2020-05-08 12:00,0.005518759379689835,2020-05-08 08:00,True,0.02369150523699718,True,kama_trail
2020-05-10 08:00,short,9528.23,9749.303873933746,2020-05-11 16:00,8890.318027868541,0.06694968237872703,0.13415188340331832,8,32.0,0.040118331648790174,2020-05-11 16:00,0.020824551448975416,2020-05-11 04:00,0.0,2020-05-10 12:00,True,0.043938588770844465,True,kama_trail
2020-05-13 16:00,long,8981.0,8870.799084936956,2020-05-15 08:00,9635.846999986627,0.07291470882826262,0.10789444382585459,10,40.0,0.03226795275268722,2020-05-15 08:00,0.008829394504489687,2020-05-15 00:00,0.0,2020-05-13 20:00,True,0.015424142724217594,True,kama_trail
2020-05-20 20:00,short,9555.0,9666.779996427142,2020-05-22 20:00,9196.71266638549,0.03749736615536467,0.07773940345368908,12,48.0,0.022541856459103185,2020-05-22 20:00,0.01685129529940675,2020-05-22 16:00,0.008478521047071244,2020-05-22 12:00,True,0.022314785057446815,True,kama_trail
2020-05-27 16:00,long,9011.82,8927.049359065526,2020-05-29 16:00,9412.175402038987,0.04442558795437408,0.06767001560173194,12,48.0,0.01813975311376978,2020-05-29 16:00,0.005783946856657423,2020-05-29 08:00,0.005558140849725679,2020-05-28 12:00,True,0.016449461049116314,True,kama_trail
2020-06-02 04:00,long,9615.0,9472.224356308587,2020-06-02 20:00,9796.762879738393,0.018904095656619154,0.06732189287571495,4,16.0,0.06501419577829902,2020-06-02 20:00,0.00045130230835696127,2020-06-02 16:00,0.0,2020-06-02 08:00,True,0.03253792077635915,True,kama_trail
2020-06-11 20:00,short,9681.21,9792.747454097902,2020-06-14 00:00,9494.511243975678,0.019284650991386564,0.06467579982254279,13,52.0,0.02087979540656396,2020-06-12 16:00,0.015434746177012161,2020-06-12 12:00,0.008090722393719416,2020-06-12 08:00,True,0.02280067276902069,True,kama_trail
2020-06-24 12:00,short,9585.0,9612.040510664196,2020-06-25 16:00,9325.854293488575,0.027036589098740176,0.0605112154407929,7,28.0,0.015248725218090679,2020-06-25 16:00,0.006930245721350385,2020-06-25 12:00,0.004671930994207643,2020-06-25 00:00,True,0.02425561094671127,True,kama_trail
2020-07-26 00:00,long,9650.0,9517.798549191712,2020-07-28 16:00,10634.693299253087,0.10204075639928367,0.1904663212435233,16,64.0,0.013606599816430351,2020-07-28 12:00,0.010627387562006003,2020-07-27 12:00,0.010285445153144248,2020-07-27 00:00,True,0.037373497249797015,True,kama_trail
2020-07-31 16:00,long,11195.52,10947.759710007376,2020-08-02 12:00,11760.247668706172,0.050442290193414084,0.08563514691590918,11,44.0,0.05809796938571021,2020-08-02 12:00,0.002526629120963684,2020-08-01 00:00,0.0,2020-07-31 20:00,True,0.0,True,kama_trail
2020-09-02 16:00,short,11730.02,11734.32122902387,2020-09-05 00:00,10509.208535917682,0.10407582119061337,0.1578317854530513,14,56.0,0.03208133367770462,2020-09-05 00:00,0.021485161003561817,2020-09-04 20:00,0.021035426189432205,2020-09-04 16:00,True,0.007799686878182622,True,kama_trail
2020-10-08 20:00,long,10675.0,10666.485368066638,2020-10-12 04:00,11294.452317235606,0.05802832011574761,0.07672131147540984,20,80.0,0.010381765802643916,2020-10-11 04:00,0.008413882775153215,2020-10-10 16:00,0.004440887563981096,2020-10-10 00:00,True,0.010411352631705777,True,kama_trail
2020-10-19 20:00,long,11543.0,11419.38266006708,2020-10-23 08:00,12886.481662280972,0.11638929760729205,0.14701550723382137,21,84.0,0.008599184374132221,2020-10-23 08:00,0.007902284012524265,2020-10-23 04:00,0.005575149245041654,2020-10-22 08:00,True,0.014204859462432627,True,kama_trail
2020-11-05 00:00,long,14070.0,13619.190010264021,2020-11-06 16:00,15319.18968510987,0.08878391507532836,0.13604832977967313,10,40.0,0.009531071292413273,2020-11-06 16:00,0.009402035419504753,2020-11-06 08:00,0.0,2020-11-05 04:00,True,0.026611406461439193,True,kama_trail
2020-11-08 00:00,short,15177.0,15445.372692480052,2020-11-08 16:00,15177.0,0.0,0.05449034723594914,4,16.0,0.022375248395650617,2020-11-08 16:00,0.00936659270067723,2020-11-08 08:00,0.0,2020-11-08 04:00,True,0.023236476246952617,True,breakeven
2020-11-16 12:00,long,16161.23,15990.456943990745,2020-11-18 12:00,17465.56035744559,0.08070736926865031,0.14595238109970593,12,48.0,0.012146265427223253,2020-11-17 08:00,0.004129622951357051,2020-11-17 04:00,0.0,2020-11-16 16:00,True,0.0,True,kama_trail
2020-11-26 08:00,short,18509.12,18799.913863013746,2020-11-28 04:00,17079.065322503753,0.07726216467861498,0.12578231704154488,11,44.0,0.030697138152728648,2020-11-28 04:00,0.030194816449908304,2020-11-27 04:00,0.0,2020-11-26 12:00,True,0.03304427448732409,True,kama_trail
2020-11-28 20:00,long,17274.97,17084.529935539,2020-12-01 16:00,19243.066509973207,0.11392763692053912,0.15519737516186707,17,68.0,0.014517748478701869,2020-12-01 08:00,0.005574990725186473,2020-11-29 04:00,0.0,2020-11-29 00:00,True,0.0,True,kama_trail
2020-12-08 16:00,short,18908.66,19215.158830493627,2020-12-10 04:00,18525.90022808357,0.020242564619408758,0.066565266920025,9,36.0,0.030866062411748184,2020-12-10 04:00,0.021165343026344922,2020-12-09 20:00,0.015678087724704234,2020-12-09 16:00,True,0.015657011238993143,True,kama_trail
2020-12-16 16:00,long,19549.99,19177.557448241318,2020-12-18 00:00,22495.975160047114,0.15068985508673466,0.22189525416637038,8,32.0,0.01874307231856966,2020-12-18 00:00,0.0,2020-12-16 20:00,0.0,,True,0.0365072681744194,True,kama_trail
2020-12-21 16:00,short,23076.25,23318.183581010922,2020-12-22 00:00,23268.252473235247,-0.008320349850397995,0.050105628080819024,2,8.0,0.0,2020-12-21 20:00,0.0,,0.0,,True,0.01883478244614008,False,kama_stop
2020-12-25 04:00,long,23637.99,23274.281674179983,2020-12-27 20:00,26775.196951366157,0.13271885432586084,0.2039873102577672,16,64.0,0.02324505806285903,2020-12-25 20:00,0.0,2020-12-25 08:00,0.0,,True,0.03265826619075529,True,kama_trail
2020-12-30 04:00,long,27188.0,26908.644261019832,2020-12-31 20:00,28370.924911397502,0.0435090816315103,0.08050242754156248,10,40.0,0.01984641341783248,2020-12-30 16:00,0.0,2020-12-30 08:00,0.0,,True,0.028060126365279138,True,kama_trail
2021-01-02 12:00,long,29668.86,28776.463692007776,2021-01-03 04:00,30719.997351876827,0.03542897677486856,0.12845589618205752,4,16.0,0.02764573955146573,2021-01-03 04:00,0.0,2021-01-02 16:00,0.0,,True,0.07233528584194415,True,kama_trail
2021-01-04 12:00,short,32400.0,32894.518371273225,2021-01-05 08:00,32400.0,0.0,0.1419753086419753,5,20.0,0.03732945236446599,2021-01-05 04:00,0.029318491016789017,2021-01-04 20:00,0.0,2021-01-04 16:00,True,0.05060524691358027,True,breakeven
2021-01-06 00:00,long,32900.0,32356.58462458939,2021-01-08 00:00,37107.7077049954,0.1278938512156657,0.23299756838905783,12,48.0,0.017278409523601608,2021-01-07 12:00,0.011094835612062016,2021-01-06 20:00,0.0,2021-01-06 04:00,True,0.0,True,kama_trail
2021-01-11 00:00,short,38500.0,39667.39252997609,2021-01-12 04:00,35392.30718297755,0.08071929394863504,0.20914285714285713,7,28.0,0.08351352786630498,2021-01-12 04:00,0.014622475100542067,2021-01-12 00:00,0.0,2021-01-11 04:00,True,0.08787862195300618,True,kama_trail
2021-01-14 00:00,long,35584.79,35245.852943878825,2021-01-15 12:00,38153.319226864434,0.07218053631521876,0.12939798155335464,9,36.0,0.03544827240735872,2021-01-15 12:00,0.02946713253434516,2021-01-15 08:00,0.019090305694355797,2021-01-15 04:00,True,0.044387190470640714,True,kama_trail
2021-01-15 20:00,short,37630.0,38202.04667800741,2021-01-16 16:00,37630.0,0.0,0.08376295508902472,5,20.0,0.062352203609806534,2021-01-16 16:00,0.0374859140353701,2021-01-16 04:00,0.0,2021-01-16 00:00,True,0.06309752856763222,True,breakeven
2021-01-20 08:00,short,35850.0,36960.76031080164,2021-01-23 00:00,33323.5439718137,0.07047297149752584,0.19442119944211994,16,64.0,0.06696555310525171,2021-01-23 00:00,0.038686712290816785,2021-01-22 20:00,0.03397679729684295,2021-01-21 04:00,True,0.07347399705999631,True,kama_trail
2021-01-27 16:00,short,30810.0,32790.130237594545,2021-01-28 08:00,30810.0,0.0,0.050957481337228175,4,16.0,0.03531410925464276,2021-01-28 08:00,0.013349894908753159,2021-01-28 00:00,0.0,2021-01-27 20:00,True,0.01594839337877309,True,breakeven
2021-01-29 16:00,long,34380.0,32374.221778480325,2021-01-30 00:00,34108.392731157626,-0.007900153253123146,0.12394124490983126,2,8.0,0.07585997456988151,2021-01-30 00:00,0.0,2021-01-29 20:00,0.0,,True,0.08252542188314609,False,kama_stop
2021-02-02 16:00,long,34720.0,33835.82287609343,2021-02-04 20:00,36750.46159124193,0.05848103661411095,0.11846198156682028,13,52.0,0.03378221607135174,2021-02-04 20:00,0.01381227063466434,2021-02-04 16:00,0.011583907809445486,2021-02-03 16:00,True,0.0163458096257737,True,kama_trail
2021-02-05 20:00,long,37867.1,36865.89465723507,2021-02-07 04:00,39168.98896349231,0.03438047707620364,0.08253338650173905,8,32.0,0.040046313110968824,2021-02-07 04:00,0.01535748238250348,2021-02-07 00:00,0.0007765969233779823,2021-02-06 12:00,True,0.027074723844480172,True,kama_trail
2021-02-08 20:00,long,39570.0,39030.200267635984,2021-02-10 20:00,45871.734411508696,0.1592553553578139,0.21977154409906496,12,48.0,0.0675277868790484,2021-02-10 20:00,0.026934370038057386,2021-02-10 08:00,0.024004250993438735,2021-02-09 16:00,True,0.036559081006025854,True,kama_trail
2021-02-11 20:00,long,46685.95,45611.49687919144,2021-02-12 20:00,46685.95,0.0,0.0555419778327314,6,24.0,0.020325961954806328,2021-02-12 20:00,0.013766273597223162,2021-02-12 12:00,0.007684319315292164,2021-02-12 08:00,True,0.021072154226487744,True,breakeven
2021-02-19 16:00,long,52388.99,51217.305101821155,2021-02-21 04:00,55503.79438905991,0.05945532427824844,0.10135736535481983,9,36.0,0.02007914384036362,2021-02-21 04:00,0.012331775709278382,2021-02-20 12:00,0.002997994789667216,2021-02-20 08:00,True,0.027327522540189036,True,kama_trail
2021-02-22 16:00,short,55200.0,56139.55222414133,2021-02-24 08:00,50092.38488107538,0.09252925940080839,0.18670615942028987,10,40.0,0.0824543234579522,2021-02-24 08:00,0.05211267692508873,2021-02-24 04:00,0.03525814891633359,2021-02-23 20:00,True,0.09066976730810977,True,kama_trail
2021-02-26 04:00,short,48015.9,50148.16491935673,2021-02-27 00:00,48015.9,0.0,0.0815542351596034,5,20.0,0.051894174481008394,2021-02-26 20:00,0.028652379319414507,2021-02-26 16:00,0.0,2021-02-26 08:00,True,0.0634192007230939,True,breakeven
2021-03-01 16:00,long,46836.16,47053.58134679769,2021-03-03 00:00,47994.766620927934,0.02473743835805349,0.07228624208303996,8,32.0,0.042300177243828216,2021-03-03 00:00,0.02515874312146738,2021-03-02 12:00,0.018404778252340076,2021-03-02 00:00,True,0.02028263394445914,True,kama_trail
2021-03-03 12:00,long,49714.72,48017.55804569985,2021-03-04 08:00,49714.72,0.0,0.059676289034716494,5,20.0,0.04078988581128892,2021-03-04 08:00,0.026055945894736057,2021-03-04 04:00,0.01788756684853848,2021-03-03 20:00,True,0.022897330626558,True,breakeven
2021-03-07 08:00,long,49253.63,48036.48733686178,2021-03-10 12:00,53127.73577854793,0.07865624886019437,0.1347386984472008,19,76.0,0.024775764788744152,2021-03-10 08:00,0.023753183383478423,2021-03-08 12:00,0.0072416520198832855,2021-03-08 08:00,True,0.019618869984666592,True,kama_trail
2021-03-13 16:00,long,57840.0,55785.1888025561,2021-03-15 00:00,59516.842834586794,0.028991058689259927,0.07105809128630705,8,32.0,0.027191844562778678,2021-03-14 20:00,0.016516368645270018,2021-03-14 16:00,0.013538786298237803,2021-03-14 12:00,True,0.031181387626514373,True,kama_trail
2021-03-15 12:00,short,58770.0,59569.46858162984,2021-03-17 04:00,56687.25978123123,0.035438833057151085,0.09247915603198911,10,40.0,0.04151315024477991,2021-03-17 04:00,0.024604234941231415,2021-03-16 20:00,0.018961127102817034,2021-03-16 16:00,True,0.04158094411915201,True,kama_trail
2021-03-18 00:00,long,57238.0,56573.12062176745,2021-03-19 00:00,57371.88971838285,0.0023391753447509025,0.05716482057374472,6,24.0,0.03747088358350109,2021-03-19 00:00,0.012116725181906063,2021-03-18 16:00,0.00951118573924247,2021-03-18 12:00,True,0.0,True,kama_trail
2021-03-23 00:00,short,56329.98,57688.46769924653,2021-03-24 12:00,55582.4110683916,0.013271244399667861,0.05944578712792019,9,36.0,0.023169839946420995,2021-03-24 12:00,0.01855633995325507,2021-03-23 20:00,0.01000215272747154,2021-03-23 08:00,True,0.024941362595548803,True,kama_trail
2021-03-25 04:00,short,53600.0,55674.270143440954,2021-03-26 16:00,53600.0,0.0,0.05872985074626862,9,36.0,0.045392605019219164,2021-03-26 12:00,0.024873579611956582,2021-03-26 08:00,0.021284481342189573,2021-03-26 00:00,True,0.048053544776119374,True,breakeven
2021-03-29 16:00,long,56588.31,55383.88071176694,2021-03-31 12:00,57556.1177319294,0.017102608859133672,0.0588759409849844,11,44.0,0.018240783192642794,2021-03-31 12:00,0.01198016397421718,2021-03-30 20:00,0.009313210050469835,2021-03-30 08:00,True,0.0,True,kama_trail
2021-04-08 20:00,long,57415.03,56832.37386043903,2021-04-11 04:00,59326.59310003874,0.03329377516721221,0.07637320750333147,14,56.0,0.016649078586748866,2021-04-11 00:00,0.007067404379339819,2021-04-10 04:00,0.004928988868599168,2021-04-09 20:00,True,0.02238520234906755,True,kama_trail
2021-04-13 16:00,long,61550.0,59796.88387799842,2021-04-14 20:00,63302.012799843535,0.02846487083417603,0.055826320064987826,7,28.0,0.023065306594258976,2021-04-14 20:00,0.005284109167500449,2021-04-14 00:00,0.0,2021-04-13 20:00,True,0.020441895097714612,True,kama_trail
2021-04-18 08:00,short,59620.0,62156.907163623524,2021-04-26 08:00,51560.09247136909,0.13518798270095453,0.21284082522643408,48,192.0,0.06203902655266013,2021-04-26 08:00,0.06033766839255571,2021-04-19 12:00,0.055689363048006243,2021-04-19 08:00,True,0.048412490197824655,True,kama_trail
2021-04-26 12:00,long,52500.0,51644.17299198657,2021-04-28 12:00,54330.73414755541,0.0348711266201031,0.06158095238095238,12,48.0,0.01568799691426474,2021-04-28 12:00,0.010413471841516779,2021-04-27 08:00,0.0007744394984874248,2021-04-27 04:00,True,0.008362022593719461,True,kama_trail
2021-04-30 20:00,long,54850.0,54262.58723056233,2021-05-02 08:00,57129.883391525786,0.041565786536477405,0.06632944393801272,9,36.0,0.029152729315596593,2021-05-02 08:00,0.013878766950310081,2021-05-01 20:00,0.007502718749838918,2021-05-01 12:00,True,0.018503246324305465,True,kama_trail
2021-05-04 08:00,short,56500.65,57190.30817482279,2021-05-05 16:00,55737.9180832147,0.01349952463883687,0.06407483807708414,8,32.0,0.03227896222804988,2021-05-05 16:00,0.027419909411064824,2021-05-05 12:00,0.02697898388931126,2021-05-05 08:00,True,0.015481885812928725,True,kama_trail
2021-05-11 00:00,short,56700.0,57635.37735127161,2021-05-12 00:00,56700.0,0.0,0.06084656084656084,6,24.0,0.025076796648111414,2021-05-12 00:00,0.015234077076877118,2021-05-11 20:00,0.010227067916947174,2021-05-11 12:00,True,0.026497530864197594,True,breakeven
2021-05-13 00:00,short,55300.0,56939.886552471675,2021-05-14 16:00,50919.509009511596,0.07921321863451003,0.175473417721519,10,40.0,0.03120131778956201,2021-05-14 16:00,0.022724510876169654,2021-05-14 12:00,0.02127065266283128,2021-05-13 12:00,True,0.044852730396221556,True,kama_trail
2021-05-17 00:00,short,46481.14,49941.55961137921,2021-05-20 20:00,41130.30350010755,0.11511844373637246,0.38280343382283655,23,92.0,0.08458209369514473,2021-05-20 20:00,0.06698080114242783,2021-05-20 16:00,0.05789227329415062,2021-05-20 12:00,True,0.10797789274995104,True,kama_trail
2021-05-21 20:00,short,38091.68,41066.698524700834,2021-05-22 16:00,38091.68,0.0,0.12316810390090435,5,20.0,0.052140183481667365,2021-05-22 16:00,0.029095733085867583,2021-05-22 04:00,0.0,2021-05-22 00:00,True,0.048091866780357324,True,breakeven
2021-05-23 16:00,short,35501.01,39399.12284892919,2021-05-24 08:00,35501.01,0.0,0.12406154078433264,4,16.0,0.057611415035278266,2021-05-24 08:00,0.04260805827618239,2021-05-24 04:00,0.0,2021-05-23 20:00,True,0.06949548759316998,True,breakeven
2021-05-28 12:00,short,37201.0,38192.25020369126,2021-05-29 12:00,37201.0,0.0,0.06750974436171071,6,24.0,0.0350312816361922,2021-05-28 20:00,0.0,2021-05-28 16:00,0.0,,True,0.04112819547861622,True,breakeven
2021-06-02 20:00,long,37550.0,36422.69707537375,2021-06-04 08:00,37997.59213239699,0.011919897001251364,0.051131824234354195,9,36.0,0.033166018640725256,2021-06-04 08:00,0.008445764053840118,2021-06-03 04:00,0.0,2021-06-03 00:00,True,0.0318443480995687,True,kama_trail
2021-06-08 04:00,short,35201.86,36738.58833787353,2021-06-09 12:00,33812.65355974987,0.039464006738568,0.12024535067181111,8,32.0,0.0634494914091513,2021-06-09 12:00,0.04353771155555816,2021-06-09 04:00,0.0297377519514795,2021-06-09 00:00,True,0.06286739832452237,True,kama_trail
2021-06-09 16:00,long,34489.0,33825.967265259365,2021-06-11 00:00,36111.93038911067,0.04705646406421376,0.11597900779958828,8,32.0,0.03020461042657238,2021-06-11 00:00,0.02414850575880117,2021-06-10 20:00,0.011442005220981866,2021-06-10 12:00,True,0.0448216710703915,True,kama_trail
2021-06-14 00:00,long,36150.0,35848.999771044415,2021-06-15 16:00,39560.23367021585,0.09433564786212587,0.13416320885200553,10,40.0,0.023796178431635777,2021-06-15 00:00,0.009570202269213766,2021-06-14 16:00,0.0004013473988713908,2021-06-14 08:00,True,0.027467401661559445,True,kama_trail
2021-06-18 00:00,short,38105.0,39092.927438339495,2021-06-21 04:00,36063.340499894555,0.053579832045806186,0.12578401784542712,19,76.0,0.04090853284223449,2021-06-21 04:00,0.03825966850828722,2021-06-21 00:00,0.024891621747132733,2021-06-19 20:00,True,0.04658388481509262,True,kama_trail
2021-06-21 12:00,short,33312.0,35999.49072406992,2021-06-23 08:00,33312.0,0.0,0.13604676993275702,11,44.0,0.07619658657154935,2021-06-23 08:00,0.039709863498771994,2021-06-22 08:00,0.004424986309337403,2021-06-21 20:00,True,0.05032060518731985,True,breakeven
2021-06-25 20:00,short,33248.62,33544.62367638519,2021-06-27 08:00,32515.792668939728,0.02204083450862846,0.094097739996427,9,36.0,0.06757615950279967,2021-06-27 08:00,0.04345474679053472,2021-06-27 04:00,0.02956764264507539,2021-06-26 16:00,True,0.030884151561803953,True,kama_trail
2021-06-28 04:00,long,33562.0,32603.996081165067,2021-06-30 16:00,34595.63101437671,0.03079765849403228,0.09120433823967583,15,60.0,0.04208120713818769,2021-06-30 16:00,0.034683395087149155,2021-06-30 08:00,0.02594466684072427,2021-06-28 16:00,True,0.04893357104630219,True,kama_trail
2021-07-03 12:00,long,33892.72,33798.33002351225,2021-07-05 08:00,35097.5995327464,0.035549803401627125,0.060863512872380905,11,44.0,0.034312283817288486,2021-07-05 08:00,0.008036331348102872,2021-07-05 04:00,0.0027124266122548644,2021-07-04 08:00,True,0.005174592951211289,True,kama_trail
2021-07-08 08:00,short,33756.48,34474.89131056775,2021-07-09 20:00,33311.06859612954,0.013194841519923424,0.050078681189508,9,36.0,0.030285498837357597,2021-07-09 20:00,0.014516261152275988,2021-07-09 00:00,0.011375542754327764,2021-07-08 20:00,True,0.019317560896389394,True,kama_trail
2021-07-12 20:00,short,33517.61,33720.7028107282,2021-07-14 20:00,32756.81343797184,0.02269841322302399,0.05852416088139936,12,48.0,0.027392737774936574,2021-07-14 20:00,0.017951175255952613,2021-07-14 16:00,0.011586445833696899,2021-07-14 04:00,True,0.009660385268275756,True,kama_trail
2021-07-19 20:00,short,31075.1,32039.308023267364,2021-07-21 12:00,30273.948651726914,0.025781135001112926,0.05898162837770424,10,40.0,0.0373046427608586,2021-07-21 12:00,0.008510694482741315,2021-07-20 20:00,0.006597730358648608,2021-07-20 12:00,True,0.017145720160204606,True,kama_trail
2021-07-21 16:00,long,30933.19,30278.102301379462,2021-07-25 20:00,34113.62075444713,0.1028161258003825,0.124358658127403,25,100.0,0.014997075514034796,2021-07-25 20:00,0.010735692932225524,2021-07-24 00:00,0.008961778915622304,2021-07-22 00:00,True,0.007362061556599083,True,kama_trail
2021-07-26 04:00,long,34780.0,34130.58019870724,2021-07-27 04:00,37893.168546474706,0.08951030898432162,0.38495112133410003,6,24.0,0.05438000528476779,2021-07-27 04:00,0.0031225392890790096,2021-07-26 12:00,0.0,2021-07-26 08:00,True,0.03722792221038699,True,kama_trail
2021-07-31 04:00,long,40400.0,38916.42179833805,2021-08-02 00:00,40676.218223313044,0.006837084735471393,0.05482623762376246,11,44.0,0.027192671865710734,2021-08-02 00:00,0.026329176706988287,2021-08-01 20:00,0.01943889551826448,2021-08-01 16:00,True,0.04112155307223134,True,kama_trail
2021-08-02 04:00,short,40567.73,40695.175191148555,2021-08-04 16:00,38229.90040182773,0.05762781398348581,0.07561995704467574,15,60.0,0.007679723744681333,2021-08-02 12:00,0.0,2021-08-02 08:00,0.0,,True,0.0,True,kama_trail
2021-08-06 00:00,long,39975.32,38536.468516179884,2021-08-09 00:00,43389.866506998325,0.08541636457189901,0.13444995562261916,18,72.0,0.023957250193430396,2021-08-09 00:00,0.017767028912552493,2021-08-08 20:00,0.016089564213451236,2021-08-06 08:00,True,0.03139965731670926,True,kama_trail
2021-08-20 00:00,long,46050.0,45585.31040003727,2021-08-22 20:00,48551.353698123035,0.05431821277140142,0.0821498371335505,17,68.0,0.016002557328054293,2021-08-21 16:00,0.009334166316324532,2021-08-21 08:00,0.004695026096573111,2021-08-20 12:00,True,0.013432515014040487,True,kama_trail
2021-09-07 20:00,short,50500.0,51836.728528066524,2021-09-09 20:00,46771.3876389356,0.07383390813988909,0.12017821782178217,12,48.0,0.03360205722645157,2021-09-09 20:00,0.024029126387307365,2021-09-09 00:00,0.023177972561248348,2021-09-08 16:00,True,0.016203018067069787,True,kama_trail
2021-09-19 16:00,short,47590.33,47841.386104417405,2021-09-21 16:00,43624.50669979185,0.0833325446620806,0.15677764789611667,12,48.0,0.011674733759282891,2021-09-21 12:00,0.0023436701275547883,2021-09-21 00:00,0.0020497881211804323,2021-09-20 20:00,True,0.02190366773354037,True,kama_trail
2021-09-30 08:00,long,42576.8,42257.027420825856,2021-10-03 04:00,47554.81121323497,0.1169183971842639,0.13794366885252055,17,68.0,0.012748124945713205,2021-10-02 08:00,0.005097049127900267,2021-09-30 16:00,0.0,2021-09-30 12:00,True,0.014089501390501778,True,kama_trail
2021-10-05 00:00,long,49304.12,47727.31801216409,2021-10-06 16:00,50733.0037894865,0.028981022062385436,0.05240697937616567,10,40.0,0.0036593296201366133,2021-10-06 16:00,0.001586760280842498,2021-10-05 20:00,0.0,2021-10-05 04:00,True,0.014603060056387372,True,kama_trail
2021-10-06 20:00,long,51888.0,50860.81523896812,2021-10-07 08:00,54153.95643073158,0.04367014397802153,0.07572078322540857,3,12.0,0.008459082889865827,2021-10-07 08:00,0.0,2021-10-07 00:00,0.0,,True,0.021106467804047915,False,kama_stop
2021-10-14 00:00,long,56624.1,55742.31036356022,2021-10-16 20:00,60587.833261200234,0.07000081698782383,0.13021858184059443,17,68.0,0.012846165201098532,2021-10-16 20:00,0.012725879631692784,2021-10-15 04:00,0.012702306815176612,2021-10-14 20:00,True,0.0193388747842398,True,kama_trail
2021-10-20 00:00,long,63349.67,61173.91397487415,2021-10-21 08:00,64228.36436874689,0.013870543741536276,0.05998973633169678,8,32.0,0.026737158360026624,2021-10-21 08:00,0.012710204059673548,2021-10-21 04:00,0.007149931510789586,2021-10-20 16:00,True,0.0401462462717948,True,kama_trail
2021-10-21 20:00,short,63828.0,64379.44131408902,2021-10-25 08:00,61799.98642307934,0.031773102351956205,0.0677373566459861,21,84.0,0.03264614196318845,2021-10-25 08:00,0.017802401902144244,2021-10-22 12:00,0.015591399247075541,2021-10-22 08:00,True,0.017989428273792584,True,kama_trail
2021-10-27 04:00,short,61851.37,62389.029140080296,2021-10-28 16:00,59629.90155451528,0.03591623670558506,0.06445079551188604,9,36.0,0.039033380339838296,2021-10-28 16:00,0.008852261752571275,2021-10-28 12:00,0.007658048263956458,2021-10-28 00:00,True,0.019797811563314352,True,kama_trail
2021-11-07 08:00,long,61645.75,61441.21091638358,2021-11-09 20:00,67295.85018842787,0.09165433445822083,0.11402910987375453,15,60.0,0.024633634161844106,2021-11-09 20:00,0.012902401523365468,2021-11-09 16:00,0.009750017428976566,2021-11-09 12:00,True,0.018495568833258067,True,kama_trail
2021-11-11 04:00,short,65850.0,67197.35996410625,2021-11-14 00:00,64860.798449320966,0.015022043290494062,0.053712984054669705,17,68.0,0.02233098552371463,2021-11-13 20:00,0.013742987344256328,2021-11-13 04:00,0.00989835600760515,2021-11-13 00:00,True,0.019353576880521823,True,kama_trail
2021-11-16 04:00,short,63666.0,65093.42068785453,2021-11-17 16:00,60123.89710415603,0.05563570659133558,0.08370747337668456,9,36.0,0.024760962888078213,2021-11-17 16:00,0.009464492403264378,2021-11-17 12:00,0.0015885999597531292,2021-11-16 20:00,True,0.0,True,kama_trail
2021-11-18 20:00,short,59002.27,60097.35435856059,2021-11-19 20:00,57804.153959733456,0.02030627025479767,0.05759558064460905,6,24.0,0.03152073631738832,2021-11-19 20:00,0.01738238936436171,2021-11-19 16:00,0.0013916158888795862,2021-11-19 12:00,True,0.032249480911562704,True,kama_trail
2021-11-26 12:00,short,57029.0,58273.627671890594,2021-11-29 04:00,55434.86256221658,0.02795310171637977,0.0663522067719932,16,64.0,0.05903716853489129,2021-11-29 04:00,0.01985378679272028,2021-11-28 00:00,0.019270227445530745,2021-11-27 20:00,True,0.01425064527453197,True,kama_trail
2021-12-03 20:00,short,56039.96,56978.00564844109,2021-12-05 08:00,49669.584286459845,0.1136755935147019,0.2703618989021405,9,36.0,0.04212765360633132,2021-12-05 00:00,0.025590663415684233,2021-12-04 20:00,0.0,2021-12-04 00:00,True,0.06414880116740646,True,kama_trail
2021-12-13 20:00,short,48078.2,49349.89322214372,2021-12-15 04:00,47661.97974165158,0.00865715143970485,0.05154519095972805,8,32.0,0.03323013949863442,2021-12-15 04:00,0.018594091292285023,2021-12-14 16:00,0.006101081989074819,2021-12-14 12:00,True,0.020604468110110217,True,kama_trail
2021-12-24 00:00,long,49250.0,48614.34190805535,2021-12-26 00:00,50508.736639088595,0.02555810434697654,0.05187817258883249,12,48.0,0.008964867343042917,2021-12-25 20:00,0.008647815963898773,2021-12-25 16:00,0.006235604576492858,2021-12-25 04:00,True,0.012099653901774041,True,kama_trail
2021-12-28 12:00,short,49500.0,50455.83517079718,2021-12-30 16:00,47450.20067882525,0.04141008729645965,0.07313131313131313,13,52.0,0.020098562765845266,2021-12-30 16:00,0.009831544574881465,2021-12-30 12:00,0.00888535425930746,2021-12-29 08:00,True,0.020112047265821525,True,kama_trail
2022-01-06 00:00,short,45445.57,46947.477521520406,2022-01-10 00:00,42443.68061982283,0.06605460950709101,0.10977989713848901,24,96.0,0.03678933975417957,2022-01-10 00:00,0.020313012263046618,2022-01-09 16:00,0.01994041191418078,2022-01-09 08:00,True,0.03784239718062255,True,kama_trail
2022-01-21 08:00,short,40550.0,41982.80037291311,2022-01-23 12:00,35458.04210158162,0.12557232795113152,0.16276202219482122,13,52.0,0.022465136253896116,2022-01-23 12:00,0.011530785497471495,2022-01-23 04:00,0.00025040535049526203,2022-01-22 16:00,True,0.026836566408701145,True,kama_trail
2022-01-24 16:00,short,34588.8,35441.593532380524,2022-01-25 00:00,35379.37464733202,-0.022856376842562268,0.050159878342122335,2,8.0,0.05242466507322113,2022-01-25 00:00,0.0,2022-01-24 20:00,0.0,,True,0.03283423347392661,False,kama_stop
2022-02-02 20:00,short,38170.89,38085.50525935856,2022-02-04 04:00,37243.63428796566,0.024292221429323257,0.051520674524487026,8,32.0,0.01887042741982891,2022-02-04 04:00,0.004915952338681177,2022-02-03 12:00,0.0,2022-02-03 00:00,True,0.01892603397712502,True,kama_trail
2022-02-04 12:00,long,37435.54,37248.50132862535,2022-02-06 00:00,41136.74783231011,0.09886882444623768,0.11984493879345667,9,36.0,0.004768073413665383,2022-02-06 00:00,0.004376895306859227,2022-02-05 12:00,0.0029203369434415514,2022-02-05 08:00,True,0.01425754516082695,True,kama_trail
2022-02-07 08:00,long,42656.8,41546.25159600266,2022-02-08 16:00,43907.410269679625,0.029317957973397497,0.06899720560379581,8,32.0,0.019259064998062153,2022-02-08 16:00,0.009335036050900754,2022-02-08 04:00,0.0004811204135529142,2022-02-07 16:00,True,0.020847515944120047,True,kama_trail
2022-02-17 16:00,short,43277.8,43700.682171097746,2022-02-20 00:00,40341.199916792815,0.06785465257492727,0.08909417761531323,14,56.0,0.009426637148265879,2022-02-19 12:00,0.008365685928492704,2022-02-19 00:00,0.004022672852277004,2022-02-18 08:00,True,0.012850384169584856,True,kama_trail
2022-02-24 04:00,short,37500.4,38396.67564513596,2022-02-25 04:00,37384.85011777242,0.003081297325564101,0.08524442405947681,6,24.0,0.08498491008405447,2022-02-25 04:00,0.058975382236300604,2022-02-25 00:00,0.024552914473848154,2022-02-24 20:00,True,0.05624069940494108,True,kama_trail
2022-02-28 20:00,long,39868.6,38380.29451636844,2022-03-02 12:00,43939.738139747176,0.10211389764745132,0.1270774494213492,10,40.0,0.009710749851894705,2022-03-02 12:00,0.0016916662349275905,2022-03-02 08:00,0.0003290464604332566,2022-03-01 08:00,True,0.010234735252045254,True,kama_trail
2022-03-04 00:00,short,42333.0,43670.26816289269,2022-03-06 00:00,39461.96311969484,0.06782030284423879,0.09004795313348923,12,48.0,0.009038130090381236,2022-03-06 00:00,0.004903049141503848,2022-03-04 16:00,0.0,2022-03-04 04:00,True,0.011607712426912333,True,kama_trail
2022-03-09 08:00,long,39340.5,38720.296280664945,2022-03-10 08:00,41330.060271001596,0.0505728262478005,0.08406095499548812,6,24.0,0.04101719635841818,2022-03-10 08:00,0.013444211813968805,2022-03-10 04:00,0.0072643440212661545,2022-03-10 00:00,True,0.027733885271316767,True,kama_trail
2022-03-10 12:00,short,40500.0,41296.070073203235,2022-03-11 16:00,40051.259564652624,0.01108001074931792,0.05678765432098769,7,28.0,0.02778690636902475,2022-03-11 16:00,0.00966264667150558,2022-03-11 12:00,0.008387253663165124,2022-03-11 04:00,True,0.033660853099422836,True,kama_trail
2022-03-24 20:00,long,43500.0,42010.80350848367,2022-03-29 04:00,47155.79509767238,0.08404126661315817,0.10804597701149425,26,104.0,0.01671639922375474,2022-03-29 04:00,0.008100191899808132,2022-03-26 20:00,0.005923082965805955,2022-03-26 04:00,True,0.016009116756622487,True,kama_trail
2022-03-31 20:00,short,46819.9,47255.325539109355,2022-04-01 20:00,45319.29367865368,0.0320506092782411,0.05582455323484254,6,24.0,0.03951702993386987,2022-04-01 20:00,0.009381344944837142,2022-04-01 16:00,0.008333537186982782,2022-04-01 12:00,True,0.01620267261578149,True,kama_trail
2022-04-06 08:00,short,45300.0,45763.28806409942,2022-04-07 20:00,43852.46129185372,0.03195449686857137,0.05772626931567329,9,36.0,0.012230108156988976,2022-04-07 16:00,0.005415227138108348,2022-04-07 12:00,0.0027887681991893573,2022-04-07 08:00,True,0.012780611973491014,True,kama_trail
2022-04-11 16:00,short,41650.0,42996.02233431997,2022-04-13 20:00,40444.480652981256,0.02894404194522795,0.06034333733493404,13,52.0,0.04210464141539206,2022-04-13 20:00,0.019383756827356956,2022-04-12 16:00,0.014826096487222178,2022-04-12 12:00,True,0.028764880502811,True,kama_trail
2022-04-22 04:00,short,41118.2,41419.33907311226,2022-04-26 00:00,39533.547082778336,0.03853896613231274,0.07313549717643275,23,92.0,0.04033863632212467,2022-04-26 00:00,0.012105243931396111,2022-04-25 20:00,0.008525269867942829,2022-04-25 16:00,True,0.027732069689641658,True,kama_trail
2022-05-08 04:00,short,35702.9,36143.50315868973,2022-05-10 12:00,31615.214642701972,0.11449168995510249,0.16809558887373294,14,56.0,0.03740096543584883,2022-05-10 12:00,0.014130865893415194,2022-05-10 08:00,0.008272384856797028,2022-05-08 16:00,True,0.03081790377554438,True,kama_trail
2022-05-30 08:00,long,29595.2,29229.358367630462,2022-05-31 20:00,31469.952261914208,0.06334649746966424,0.09164999729685887,9,36.0,0.006073046566320187,2022-05-31 12:00,0.00134380983133872,2022-05-30 20:00,0.0,2022-05-30 12:00,True,0.01797258738515047,True,kama_trail
2022-06-01 20:00,short,31222.0,31651.61599452266,2022-06-03 04:00,30489.546025492356,0.023459546938301313,0.06155915700467619,8,32.0,0.021961400249345987,2022-06-03 04:00,0.01692253159605933,2022-06-03 00:00,0.014545187865157549,2022-06-02 20:00,True,0.02529214521093881,True,kama_trail
2022-06-06 08:00,long,30250.0,30107.15940249603,2022-06-07 08:00,31126.64994672151,0.028980163527983827,0.05057851239669422,6,24.0,0.06287068106997187,2022-06-07 08:00,0.00534732221580849,2022-06-07 04:00,0.0019949381220305176,2022-06-07 00:00,True,0.012786318126930348,True,kama_trail
2022-06-10 20:00,short,29470.5,30677.154163104373,2022-06-12 20:00,28307.42470971206,0.039465746773483294,0.08891942790247875,12,48.0,0.02012877335128202,2022-06-12 20:00,0.01129443953220667,2022-06-11 12:00,0.009606112677466224,2022-06-11 08:00,True,0.0,True,kama_trail
2022-06-13 04:00,short,26850.0,28179.403956119982,2022-06-16 00:00,22210.738018820506,0.17278443132884522,0.25138919925512104,17,68.0,0.027575964234295654,2022-06-16 00:00,0.023951129187965894,2022-06-14 12:00,0.0,2022-06-13 08:00,True,0.047136570515278364,True,kama_trail
2022-06-18 12:00,short,20300.8,21381.44415170322,2022-06-19 16:00,19389.680938389956,0.04488094368744301,0.133374054224464,7,28.0,0.07213138025569821,2022-06-19 16:00,0.039938426595452055,2022-06-19 04:00,0.0,2022-06-18 16:00,True,0.056343420083150214,True,kama_trail
2022-06-30 12:00,short,19817.2,20299.42285426945,2022-07-01 04:00,19427.88334628254,0.019645391564775145,0.06328845649234002,4,16.0,0.048384838580415326,2022-07-01 04:00,0.0021805049231712397,2022-06-30 20:00,0.0,2022-06-30 16:00,True,0.0,True,kama_trail
2022-07-07 20:00,long,20667.6,19988.526248138856,2022-07-08 20:00,21335.180693588776,0.032300832877972176,0.09252646654667224,6,24.0,0.02450304479717175,2022-07-08 16:00,0.014846494301459848,2022-07-08 12:00,0.008459569314334373,2022-07-08 04:00,True,0.03546699577350618,True,kama_trail
2022-07-15 00:00,long,20463.3,19767.760274094144,2022-07-21 08:00,22724.568810713306,0.11050362408376495,0.18636779014137508,38,152.0,0.05709341127957141,2022-07-21 08:00,0.046722706865071385,2022-07-19 00:00,0.031015843429636474,2022-07-18 04:00,True,0.05915652410371604,True,kama_trail
2022-07-25 08:00,short,22256.4,22611.491959708364,2022-07-27 04:00,21124.670354385606,0.0508496273258207,0.07039772829388413,11,44.0,0.021173323463104472,2022-07-27 04:00,0.007162926074228729,2022-07-27 00:00,0.001074210008056603,2022-07-26 16:00,True,0.018323142936299074,True,kama_trail
2022-07-27 20:00,long,21442.0,21140.916423870593,2022-07-29 16:00,23629.120316783403,0.10200169372182645,0.14261729316295121,11,44.0,0.009223828222909158,2022-07-29 16:00,0.009071765535074145,2022-07-28 12:00,0.0,2022-07-28 00:00,True,0.012903320378335583,True,kama_trail
2022-08-17 20:00,short,23650.0,24051.37181366351,2022-08-20 20:00,21325.944789771307,0.09826871924857053,0.12219873150105708,18,72.0,0.017760084003459745,2022-08-20 12:00,0.011467378782327498,2022-08-20 08:00,0.010519526454861297,2022-08-18 16:00,True,0.023494611596838834,True,kama_trail
2022-09-07 00:00,short,19650.4,19856.711236490373,2022-09-08 00:00,19104.850272279342,0.027762779776526664,0.058543337540202814,6,24.0,0.012279243411937917,2022-09-08 00:00,0.006504207317962369,2022-09-07 20:00,0.002684237399401918,2022-09-07 12:00,True,0.01964685757438077,True,kama_trail
2022-09-09 08:00,long,19450.0,19196.45682110269,2022-09-10 20:00,21203.51261135475,0.09015489004394595,0.1141388174807198,9,36.0,0.006495878606219597,2022-09-10 20:00,0.003610902959910014,2022-09-10 12:00,0.0026929561633570664,2022-09-10 08:00,True,0.003547506398103834,True,kama_trail
2022-09-13 20:00,short,22003.9,22053.399611652258,2022-09-17 08:00,20065.02268605534,0.08811516658159055,0.12288276169224552,21,84.0,0.01171036069904919,2022-09-15 04:00,0.006319903712681357,2022-09-14 08:00,0.0,2022-09-14 00:00,True,0.022881742684219233,True,kama_trail
2022-09-19 04:00,short,19556.7,20026.36186434523,2022-09-19 20:00,19234.59799293005,0.016470161482763063,0.06860564410151,4,16.0,0.029607142511305425,2022-09-19 20:00,0.010312872207535658,2022-09-19 16:00,0.0,2022-09-19 08:00,True,0.040291873696289955,True,kama_trail
2022-09-27 08:00,long,19311.5,19037.621726443027,2022-09-28 00:00,19734.199608114915,0.021888491733677625,0.055070812728167155,4,16.0,0.056989975817339215,2022-09-28 00:00,0.01660641607034233,2022-09-27 20:00,0.0,2022-09-27 12:00,True,0.007598597551210382,True,kama_trail
2022-10-04 00:00,long,19489.9,19302.468657929756,2022-10-05 12:00,20098.221576809876,0.03121214458821617,0.05182684364722233,9,36.0,0.00728372596272063,2022-10-05 08:00,0.0017276526347977503,2022-10-04 08:00,0.0,2022-10-04 04:00,True,0.011546669118680183,True,kama_trail
2022-10-13 16:00,short,18924.3,19125.633953274188,2022-10-14 00:00,19083.996966122024,-0.008438725137628583,0.05318558678524437,2,8.0,0.02186139284372706,2022-10-14 00:00,0.0,2022-10-13 20:00,0.0,,True,0.0071419507330659285,False,kama_stop
2022-10-25 20:00,long,19439.8,19320.204252940646,2022-10-27 16:00,20557.305390884845,0.057485436624082856,0.08180125309931176,11,44.0,0.010683586344591364,2022-10-27 16:00,0.009794343458266722,2022-10-26 04:00,0.0,2022-10-26 00:00,True,0.013361423379831521,True,kama_trail
2022-11-07 04:00,short,21133.8,21218.151479042906,2022-11-09 00:00,20021.45332110687,0.0526335386392002,0.20364534537092238,11,44.0,0.009625915571062313,2022-11-08 00:00,0.0059197301231545185,2022-11-07 20:00,0.004450195244807083,2022-11-07 16:00,True,0.0,True,kama_trail
2022-11-10 00:00,short,16830.0,17998.744668633135,2022-11-10 12:00,16856.186142098264,-0.0015559205049473618,0.08124777183600711,3,12.0,0.04700084483244157,2022-11-10 12:00,0.025159110109828256,2022-11-10 08:00,0.0,2022-11-10 04:00,True,0.05642949918087818,False,kama_stop
2022-11-20 16:00,short,16574.1,16635.38865697682,2022-11-22 20:00,15930.304954983045,0.03884343916212366,0.0682329658925672,13,52.0,0.029824380283790457,2022-11-22 20:00,0.007352856831503766,2022-11-22 08:00,0.00528745033886422,2022-11-21 20:00,True,0.01180171726243301,True,kama_trail
2022-11-29 12:00,long,16390.4,16300.805177175853,2022-12-01 20:00,17011.359707592852,0.037885573725647353,0.05845494923857859,14,56.0,0.01065684154069475,2022-12-01 20:00,0.0062590975254731155,2022-11-29 20:00,0.0,2022-11-29 16:00,True,0.0,True,kama_trail
2022-12-13 16:00,long,17237.9,17062.62064904377,2022-12-15 00:00,17839.30724294669,0.034888660622621484,0.0674154044286136,8,32.0,0.014694153355340368,2022-12-15 00:00,0.0005070536800829345,2022-12-14 00:00,0.0,2022-12-13 20:00,True,0.0,True,kama_trail
2022-12-15 20:00,short,17560.0,17818.921627388318,2022-12-19 04:00,16794.055953717612,0.04361868145116103,0.05916287015945339,20,80.0,0.008149390484123279,2022-12-16 12:00,0.003776409540640141,2022-12-16 08:00,0.0,2022-12-16 00:00,True,0.01012000639904927,True,kama_trail
2023-01-12 00:00,long,17500.0,17282.174349786754,2023-01-15 08:00,20677.246526713025,0.1815569443836014,0.23108571428571428,20,80.0,0.01252125374470731,2023-01-14 16:00,0.007657598313681571,2023-01-12 20:00,0.004825110335287609,2023-01-12 12:00,True,0.015195699875072018,True,kama_trail
2023-01-21 00:00,long,21250.0,20949.372544230748,2023-01-22 04:00,22729.487154258855,0.06962292490629907,0.10070588235294117,7,28.0,0.021055435954949953,2023-01-22 04:00,0.005268941048757473,2023-01-21 08:00,0.0,2023-01-21 04:00,True,0.02330763047886705,True,kama_trail
2023-02-09 08:00,short,22662.9,23028.451200359432,2023-02-12 04:00,21806.49048802318,0.03778905223854055,0.05550481182902459,17,68.0,0.009815583451440936,2023-02-12 04:00,0.004857075280443304,2023-02-11 00:00,0.004610664445615408,2023-02-10 12:00,True,0.008616264415696673,True,kama_trail
2023-02-14 20:00,long,21880.0,21808.01903572478,2023-02-17 04:00,24634.22389027348,0.12587860558836741,0.15585009140767825,14,56.0,0.06231915249778806,2023-02-17 04:00,0.008417629193868553,2023-02-17 00:00,0.006507416838446309,2023-02-16 16:00,True,0.009838663520500064,True,kama_trail
2023-03-10 00:00,short,21511.1,21927.379709179088,2023-03-10 20:00,20189.99755172192,0.061414918264434536,0.09248713454913975,5,20.0,0.010527582265535705,2023-03-10 20:00,0.0,2023-03-10 04:00,0.0,,True,0.021792848195981842,True,kama_trail
2023-03-13 00:00,long,20531.0,20152.910452693053,2023-03-15 00:00,24502.237762131736,0.19342641674208444,0.2902391505528226,12,48.0,0.03264212910969341,2023-03-15 00:00,0.01598995171836307,2023-03-13 16:00,0.0,2023-03-13 04:00,True,0.05438022167426041,True,kama_trail
2023-03-17 08:00,long,25167.9,24627.07569193137,2023-03-19 00:00,27000.182431895344,0.07280235664856195,0.10312739640573905,10,40.0,0.018633355750331607,2023-03-17 20:00,0.0,2023-03-17 12:00,0.0,,True,0.01602833703005306,True,kama_trail
2023-03-29 12:00,long,27500.0,27320.812934788304,2023-03-30 20:00,28370.088315281217,0.03163957510113515,0.06126545454545452,8,32.0,0.014763155511276127,2023-03-30 20:00,0.00308868899575391,2023-03-30 04:00,0.0007106095411643697,2023-03-30 00:00,True,0.01172245005395212,True,kama_trail
2023-04-10 00:00,long,28078.1,28044.67141662792,2023-04-12 04:00,30005.58657874748,0.06864732936870661,0.08853519290835211,13,52.0,0.0020195444067255914,2023-04-11 16:00,0.0013988286576191017,2023-04-10 08:00,0.0,2023-04-10 04:00,True,0.005947087180513533,True,kama_trail
2023-04-26 00:00,long,27583.6,27516.818184564418,2023-04-27 00:00,28595.8428146918,0.036697269924585725,0.08935019359329464,6,24.0,0.06479549038687377,2023-04-27 00:00,0.0,2023-04-26 04:00,0.0,,True,0.04050455273993218,True,kama_trail
2023-05-28 08:00,long,26890.0,26642.937355516086,2023-05-29 20:00,27724.61077518602,0.031037961144887386,0.05771662328002975,9,36.0,0.015454969934808334,2023-05-29 20:00,0.005727891301945795,2023-05-29 12:00,0.003842356455194462,2023-05-29 08:00,True,0.007989481313944148,True,kama_trail
2023-06-05 08:00,short,26935.3,27179.105042621595,2023-06-06 20:00,25848.688261824547,0.040341549497330716,0.059910229327314,9,36.0,0.015315675648889845,2023-06-06 20:00,0.003585574169707713,2023-06-06 08:00,0.003405056615260483,2023-06-06 04:00,True,0.0,True,kama_trail
2023-06-21 00:00,long,27177.3,26686.320525705345,2023-06-22 16:00,29984.988294442282,0.10331005267051117,0.1341082447483746,10,40.0,0.012032875771454654,2023-06-22 16:00,0.0062475853346850175,2023-06-22 12:00,0.003886333062065064,2023-06-22 04:00,True,0.009863778387638175,True,kama_trail
2023-08-16 00:00,short,29233.0,29432.393041065076,2023-08-19 20:00,25983.735772085944,0.11115055683351201,0.15913522389080834,23,92.0,0.009692825222216749,2023-08-19 20:00,0.002917696640596463,2023-08-18 16:00,0.0009529599825120387,2023-08-16 08:00,True,0.003792209594118442,True,kama_trail
2023-08-29 20:00,long,26244.6,26061.835071046233,2023-08-30 20:00,27086.43547590878,0.03207652149046972,0.07328745722929675,6,24.0,0.02257368799424874,2023-08-30 20:00,0.01784687275341481,2023-08-30 16:00,0.015841121495327126,2023-08-30 08:00,True,0.026368243137714593,True,kama_trail
2023-08-31 20:00,short,26950.0,27158.057574479357,2023-09-02 20:00,25914.298398565086,0.03843048613858678,0.06077922077922078,12,48.0,0.008594305609120131,2023-09-02 20:00,0.005767277950953368,2023-09-02 16:00,0.0056080586210190695,2023-09-02 04:00,True,0.010696735612970968,True,kama_trail
2023-10-16 00:00,long,26958.0,26893.460298872797,2023-10-17 12:00,28123.20104585388,0.04322282980391271,0.13955041175161362,9,36.0,0.007947680112896295,2023-10-17 08:00,0.003599499949707609,2023-10-16 16:00,0.0,2023-10-16 04:00,True,0.01274644141731711,True,kama_trail
2023-10-19 20:00,long,28498.2,28354.779671086537,2023-10-22 12:00,29703.07633325268,0.042279032824974194,0.06584275498101627,16,64.0,0.010893267880791434,2023-10-22 12:00,0.009762017304784822,2023-10-20 20:00,0.0013154826742579285,2023-10-20 04:00,True,0.014126851365884369,True,kama_trail
2023-10-23 08:00,long,30229.7,29738.897920024563,2023-10-24 20:00,33497.679620221126,0.10810493058882904,0.19028306599139258,9,36.0,0.02535455861070912,2023-10-24 20:00,0.001326637531514905,2023-10-24 12:00,0.0,2023-10-23 12:00,True,0.030457898112268414,True,kama_trail
2023-11-09 08:00,long,36150.0,35081.616081873326,2023-11-10 00:00,36271.831132868756,0.003370155819329349,0.0650041493775934,4,16.0,0.01997765302962993,2023-11-10 00:00,0.0,2023-11-09 12:00,0.0,,True,0.023415017356090737,True,kama_trail
2023-12-01 12:00,long,38132.0,37658.178805385796,2023-12-05 12:00,41427.12178104437,0.08641355766926388,0.11297597818105529,24,96.0,0.011114021094735905,2023-12-05 12:00,0.007813795639560701,2023-12-04 20:00,0.005115887168781553,2023-12-04 00:00,True,0.013477886104041572,True,kama_trail
2023-12-11 08:00,short,43552.5,43704.0290186168,2023-12-12 12:00,42077.23864110576,0.03387317281199106,0.0763262728890419,7,28.0,0.024418212915932345,2023-12-12 12:00,0.020751269824816034,2023-12-12 08:00,0.010184513320203138,2023-12-12 04:00,True,0.03036888071493889,True,kama_trail
2024-01-02 00:00,long,42887.5,42594.91020568992,2024-01-03 00:00,44828.70808660141,0.045262794208135414,0.0714077528417371,6,24.0,0.009282236704729099,2024-01-03 00:00,0.006165444934114365,2024-01-02 20:00,0.00019122770383877825,2024-01-02 16:00,True,0.014467755775270964,True,kama_trail
2024-01-03 16:00,short,44598.0,45012.772068096776,2024-01-04 20:00,43547.61892324142,0.02355220137133015,0.09563209112516256,7,28.0,0.03111881808582785,2024-01-04 20:00,0.012614925014378948,2024-01-04 16:00,0.011142683000111534,2024-01-04 08:00,True,0.021751336735793027,True,kama_trail
2024-01-08 16:00,long,44486.9,43781.82551835888,2024-01-09 20:00,45839.51745089789,0.030404848413755226,0.06350408772020524,7,28.0,0.0081328831847374,2024-01-09 16:00,0.0035250294107009644,2024-01-09 12:00,0.001572116315333649,2024-01-09 08:00,True,0.024830131642980858,True,kama_trail
2024-01-12 20:00,short,45527.5,46037.39804992739,2024-01-14 12:00,43061.01489911717,0.054175720188519606,0.09131843391356873,10,40.0,0.011028424882406108,2024-01-13 20:00,0.009839064700367954,2024-01-13 12:00,0.0,2024-01-13 00:00,True,0.010111580048386222,True,kama_trail
2024-01-22 08:00,short,41500.0,41875.82844803463,2024-01-24 04:00,39604.71293492592,0.045669567833110374,0.07120481927710844,11,44.0,0.023553847234082107,2024-01-24 04:00,0.009971680519420684,2024-01-23 08:00,0.0,2024-01-22 12:00,True,0.0117312536942086,True,kama_trail
2024-01-26 16:00,long,40300.0,39778.290284300725,2024-01-29 00:00,41934.50315562653,0.04055839095847472,0.06292803970223325,14,56.0,0.016157676309454836,2024-01-29 00:00,0.00825048756124248,2024-01-27 12:00,0.005727060838129736,2024-01-27 08:00,True,0.012297189232615597,True,kama_trail
2024-02-08 00:00,long,43378.8,42885.12275852496,2024-02-10 16:00,47052.737699003395,0.08469431378930244,0.11184034597545343,16,64.0,0.007793843263937699,2024-02-10 04:00,0.003219817514309787,2024-02-09 00:00,0.0005120879713229772,2024-02-08 12:00,True,0.009128174101035705,True,kama_trail
2024-02-14 16:00,long,50290.0,48927.25028859248,2024-02-17 20:00,51401.335849871924,0.022098545433921743,0.051083714456154304,19,76.0,0.02608825140941468,2024-02-17 20:00,0.012527706238461785,2024-02-17 16:00,0.011449048203604902,2024-02-17 00:00,True,0.017368875683724822,True,kama_trail
2024-02-27 00:00,long,52885.5,51677.319977414314,2024-03-01 00:00,61970.10467482642,0.17177874227957418,0.21583420786415936,18,72.0,0.021231422505307847,2024-03-01 00:00,0.013591431301099929,2024-02-29 08:00,0.00744719963338998,2024-02-28 08:00,True,0.01665659562825625,True,kama_trail
2024-03-04 00:00,long,62720.0,61875.97902325179,2024-03-05 12:00,67361.5690456184,0.07400460850794635,0.09733258928571424,9,36.0,0.030347133963137023,2024-03-05 12:00,0.001355854774190016,2024-03-05 08:00,0.0,2024-03-04 04:00,True,0.012348739430671137,True,kama_trail
2024-03-06 00:00,short,65021.1,67116.22423281611,2024-03-06 16:00,65021.1,0.0,0.05873170401608087,4,16.0,0.06085709232507869,2024-03-06 16:00,0.051496883927420474,2024-03-06 12:00,0.0,2024-03-06 04:00,True,0.026106909910782808,True,breakeven
2024-03-19 08:00,short,66601.6,68688.74451253208,2024-03-21 00:00,64381.86868696374,0.03332849830989446,0.08710901840196039,10,40.0,0.0550678461443533,2024-03-21 00:00,0.024600187355206356,2024-03-20 20:00,0.021557067610547945,2024-03-20 16:00,True,0.02153973960753546,True,kama_trail
2024-03-25 04:00,long,66127.0,64809.461770915186,2024-03-26 20:00,69554.2072652627,0.05182765383674892,0.08350598091551106,10,40.0,0.01547600943964773,2024-03-26 04:00,0.008187479787205765,2024-03-25 16:00,0.008028744447971853,2024-03-25 12:00,True,0.0166820680058204,True,kama_trail
2024-04-01 20:00,short,68895.5,70315.93477786778,2024-04-04 20:00,66771.99310119818,0.030822142212507602,0.06379952246518278,18,72.0,0.03710403265319567,2024-04-04 20:00,0.01966987223915662,2024-04-04 16:00,0.018169790578718523,2024-04-03 08:00,True,0.016995046103810585,True,kama_trail
2024-04-07 04:00,long,68490.1,67536.18879192845,2024-04-09 12:00,70873.85906665468,0.034804432562584586,0.06424724157213944,14,56.0,0.027991268424204536,2024-04-09 12:00,0.015641773580636068,2024-04-09 08:00,0.010958624362862818,2024-04-09 04:00,True,0.013114694048032902,True,kama_trail
2024-04-12 20:00,short,69592.6,70081.32768868898,2024-04-15 04:00,65033.01680602001,0.0655182188045855,0.142832714972569,14,56.0,0.0288714499745896,2024-04-15 04:00,0.01348003141644618,2024-04-14 12:00,0.011279396330358916,2024-04-13 20:00,True,0.024669266240644434,True,kama_trail
2024-04-30 16:00,short,61726.2,63374.03914271458,2024-05-02 20:00,59116.73012472317,0.04227491527547174,0.08405668905586283,13,52.0,0.035524845615974236,2024-05-02 20:00,0.02512795251940319,2024-05-02 16:00,0.021661820890501497,2024-05-02 04:00,True,0.03808617492836542,True,kama_trail
2024-05-03 20:00,long,59976.9,59163.78911285446,2024-05-05 08:00,63163.880017023184,0.0531367912816965,0.07621267521329045,9,36.0,0.01057208868407697,2024-05-05 08:00,0.004072043852779957,2024-05-04 20:00,0.0024755901402781165,2024-05-04 08:00,True,0.011290877745969532,True,kama_trail
2024-05-15 16:00,long,62295.9,62315.359833357616,2024-05-16 20:00,65664.47379534967,0.05407376400934354,0.07230170845914416,7,28.0,0.010283708211624438,2024-05-16 20:00,0.003452944749861731,2024-05-16 08:00,0.0,2024-05-15 20:00,True,0.0,True,kama_trail
2024-05-20 20:00,long,67341.4,66429.66495801233,2024-05-22 00:00,69630.55002270054,0.03399320511157394,0.07115088192404685,7,28.0,0.030067234298587493,2024-05-22 00:00,0.02227057432503349,2024-05-21 20:00,0.007557387027488487,2024-05-21 12:00,True,0.02374032198648226,True,kama_trail
2024-06-21 08:00,short,64526.0,65835.62633790186,2024-06-25 08:00,60740.345456029994,0.05866866912515894,0.09775904286644144,24,96.0,0.02833251860378773,2024-06-25 08:00,0.014032939921699976,2024-06-25 04:00,0.011834373866420915,2024-06-22 12:00,True,0.0076842739784526454,True,kama_trail
2024-07-02 20:00,short,62387.0,62826.8835581606,2024-07-06 00:00,56683.55121053836,0.09142046883904723,0.1451824899418148,19,76.0,0.03194022556070502,2024-07-05 20:00,0.015195085288543225,2024-07-05 16:00,0.00839773439323763,2024-07-04 04:00,True,0.0404729619359459,True,kama_trail
2024-07-13 16:00,long,58500.0,57902.881392010044,2024-07-16 12:00,63573.93368310991,0.08673390911298998,0.11091965811965816,17,68.0,0.02847890540145933,2024-07-16 12:00,0.006114684156902672,2024-07-15 16:00,0.003603220622869167,2024-07-14 00:00,True,0.0,True,kama_trail
2024-08-03 04:00,short,62350.0,64728.87305878992,2024-08-06 00:00,55258.93152279655,0.11373004774985487,0.21591018444266238,17,68.0,0.04051336000610493,2024-08-05 20:00,0.01028793501573278,2024-08-04 16:00,0.007577155635645291,2024-08-04 08:00,True,0.07133926433539992,True,kama_trail
2024-08-08 20:00,long,57688.8,55829.52070379249,2024-08-12 00:00,59878.92123177287,0.037964409586832525,0.08751092066397627,19,76.0,0.033438317996490476,2024-08-12 00:00,0.03038284263004424,2024-08-09 20:00,0.016644556096516744,2024-08-09 16:00,True,0.028882331247054575,True,kama_trail
2024-08-23 20:00,long,61370.0,59780.309235528635,2024-08-26 12:00,63557.905082880054,0.03565105235261616,0.06200749551898324,16,64.0,0.010364201881769454,2024-08-26 12:00,0.006751279382224508,2024-08-25 12:00,0.006030873216294648,2024-08-24 16:00,True,0.00985033411829132,True,kama_trail
2024-08-27 04:00,short,63032.0,63540.47339696499,2024-08-29 16:00,59810.56748138514,0.051107889938679776,0.0826881583957355,15,60.0,0.02164925539008668,2024-08-29 16:00,0.019576202118989378,2024-08-28 16:00,0.006188781920370487,2024-08-28 00:00,True,0.015707382841293534,True,kama_trail
2024-10-14 08:00,long,63260.0,62547.57738984733,2024-10-15 20:00,65028.77629319708,0.02796042196011823,0.07419696490673407,9,36.0,0.010335291508804153,2024-10-15 08:00,0.0,2024-10-14 12:00,0.0,,True,0.0,True,kama_trail
2024-10-27 20:00,long,67450.0,67285.66999293862,2024-10-30 16:00,72069.02115698569,0.06848066948829787,0.09206819866567828,17,68.0,0.010235154214697657,2024-10-30 16:00,0.006800981584970988,2024-10-30 12:00,0.006730868372754907,2024-10-30 08:00,True,0.009217534393476844,True,kama_trail
2024-11-06 08:00,long,70537.4,68998.66380422038,2024-11-12 16:00,86956.4393014999,0.23277069046349738,0.27691267327687175,38,152.0,0.0209427198261638,2024-11-12 16:00,0.013730266863102258,2024-11-07 16:00,0.01342558947161547,2024-11-07 12:00,True,0.02400753235857408,True,kama_trail
2024-11-20 20:00,long,93985.9,90676.22363404409,2024-11-24 00:00,97715.27460572455,0.03968014995573335,0.06037182173070648,19,76.0,0.017029276814914795,2024-11-24 00:00,0.013569490072846737,2024-11-21 20:00,0.0,2024-11-21 00:00,True,0.014098362814369238,True,kama_trail
2024-12-05 00:00,long,97041.1,95832.35485668648,2024-12-06 00:00,100004.5236579338,0.030537820139443887,0.07820706896356273,6,24.0,0.038543024771838304,2024-12-06 00:00,0.016827893152045668,2024-12-05 20:00,0.0076897854969888565,2024-12-05 12:00,True,0.029880994502256477,True,kama_trail
2024-12-18 08:00,short,105252.0,105707.90918971643,2024-12-19 20:00,102730.41166192478,0.02395762872035895,0.06183255425075058,9,36.0,0.020293157630917862,2024-12-19 16:00,0.012999114417768126,2024-12-19 12:00,0.008902956684423608,2024-12-19 08:00,True,0.0204351528234248,True,kama_trail
2024-12-20 00:00,short,98744.0,102473.11870363426,2024-12-21 12:00,98425.90763468202,0.0032213842392244387,0.06553714656080363,9,36.0,0.059872352488095686,2024-12-21 12:00,0.04819280558235945,2024-12-21 04:00,0.04165676429687448,2024-12-21 00:00,True,0.01488030610922139,True,kama_trail
2025-01-07 20:00,short,98670.0,100765.76301580947,2025-01-10 12:00,94258.56363984085,0.044708993211301784,0.07716833890746931,16,64.0,0.024636500928597063,2025-01-10 12:00,0.017032338310815916,2025-01-10 08:00,0.009780767945808356,2025-01-09 20:00,True,0.018594211201199015,True,kama_trail
2025-01-13 12:00,short,93661.1,94328.74635712524,2025-01-14 04:00,93470.3418045725,0.0020366854054405543,0.05073717904231325,4,16.0,0.03790674513729773,2025-01-14 04:00,0.014998751226751345,2025-01-14 00:00,0.013120927885158519,2025-01-13 20:00,True,0.014729183375096447,True,kama_trail
2025-01-14 16:00,long,95437.8,93499.9583957067,2025-01-16 16:00,98890.25356203652,0.036174907238395275,0.05670918650681383,12,48.0,0.013467051562811017,2025-01-16 16:00,0.010165239896476186,2025-01-16 08:00,0.00578998383162693,2025-01-15 16:00,True,0.008683608967470557,True,kama_trail
2025-01-17 08:00,long,100850.0,99139.17006462571,2025-01-20 04:00,103411.75428927671,0.02540162904587713,0.05552801189885969,17,68.0,0.04646115358515316,2025-01-20 04:00,0.028267699338854015,2025-01-18 12:00,0.021175956713992115,2025-01-18 08:00,True,0.0,True,kama_trail
2025-01-27 04:00,short,104358.3,104127.17687790643,2025-01-27 20:00,101032.6863522944,0.03186726544707607,0.06399395160710747,4,16.0,0.021549475261006094,2025-01-27 20:00,0.0,2025-01-27 08:00,0.0,,True,0.023088432432257402,True,kama_trail
2025-02-02 04:00,short,101344.0,102768.71253697971,2025-02-03 20:00,96827.77570243394,0.04456331206155335,0.10078248342279757,10,40.0,0.0441738800806724,2025-02-03 20:00,0.011680394235157305,2025-02-03 12:00,0.00468826412929212,2025-02-02 20:00,True,0.029187654905129565,True,kama_trail
2025-02-24 20:00,short,95018.0,96539.40568991617,2025-02-28 20:00,84330.22044748941,0.11248163034909796,0.17699593761182095,24,96.0,0.04318514089149972,2025-02-28 20:00,0.026583744491732925,2025-02-27 16:00,0.022559413958042954,2025-02-27 12:00,True,0.04572406460019163,True,kama_trail
2025-03-02 20:00,long,86515.0,85412.58170286498,2025-03-03 16:00,91176.1872463435,0.05387721489156215,0.09774027625267295,5,20.0,0.020215913770340113,2025-03-03 12:00,0.016586219046770028,2025-03-03 08:00,0.0,2025-03-03 00:00,True,0.032334135195053675,True,kama_trail
2025-03-04 00:00,short,87236.0,91384.14398005248,2025-03-05 00:00,87236.0,0.0,0.06919161813930029,6,24.0,0.057035628830836835,2025-03-05 00:00,0.008002181517118246,2025-03-04 16:00,0.0,2025-03-04 04:00,True,0.04918840845522491,True,breakeven
2025-03-09 16:00,short,85605.5,87169.1007065946,2025-03-10 16:00,83158.56688513936,0.028583830651776387,0.06625859319786703,6,24.0,0.031499455382215574,2025-03-10 16:00,0.01755149565520948,2025-03-10 12:00,0.01448594930304393,2025-03-10 08:00,True,0.029699488310695108,True,kama_trail
2025-03-23 16:00,long,84509.0,84170.40740492409,2025-03-25 04:00,87366.66736137879,0.03381494706337534,0.05020767018897396,9,36.0,0.009290513753403935,2025-03-25 04:00,0.0021292338046695505,2025-03-24 00:00,0.0,2025-03-23 20:00,True,0.010386217130035699,True,kama_trail
2025-04-07 00:00,short,82155.4,83835.9368196663,2025-04-07 20:00,78577.46105185247,0.04355086760149087,0.09370534377533303,5,20.0,0.037662493401638755,2025-04-07 20:00,0.017615803341376395,2025-04-07 16:00,0.0,2025-04-07 04:00,True,0.044457545523737804,True,kama_trail
2025-04-10 00:00,long,78500.0,78385.59524988507,2025-04-10 20:00,79029.41819964192,0.00674418088715823,0.06439363057324833,5,20.0,0.046693224197219975,2025-04-10 20:00,0.01242795563520117,2025-04-10 12:00,0.010367123553058522,2025-04-10 08:00,True,0.04308836393129848,True,kama_trail
2025-04-21 08:00,long,85283.6,84510.767601791,2025-04-23 20:00,92222.50022820779,0.08136265622238958,0.1128083242264632,15,60.0,0.010225020589251047,2025-04-23 20:00,0.007197470842963819,2025-04-23 16:00,0.007139983681335904,2025-04-22 00:00,True,0.0,True,kama_trail
2025-05-08 08:00,long,97700.0,95875.24569503922,2025-05-12 20:00,103044.77997797282,0.05470603866911794,0.08355271238485165,27,108.0,0.022016665903226353,2025-05-12 20:00,0.013941375414166485,2025-05-11 12:00,0.008025666865161159,2025-05-11 08:00,True,0.013228672708833359,True,kama_trail
2025-06-24 00:00,long,102596.5,101639.96625856035,2025-06-26 16:00,107256.25255222057,0.04541824089730711,0.055103244262718454,16,64.0,0.004976379588773881,2025-06-26 16:00,0.0039974964598079605,2025-06-24 08:00,0.0,2025-06-24 04:00,True,0.005129867718085862,True,kama_trail
2025-07-10 00:00,long,109738.5,108605.29348869658,2025-07-12 20:00,117269.37490470645,0.06862564099843217,0.08332809360434125,17,68.0,0.008444797146164959,2025-07-12 20:00,0.007469218550625249,2025-07-11 20:00,0.002047663711927773,2025-07-10 16:00,True,0.006803648051527141,True,kama_trail
2025-10-01 16:00,long,114720.0,113719.83254498303,2025-10-03 08:00,119772.26838848059,0.04403999641283637,0.05473326359832636,10,40.0,0.004988082415539972,2025-10-03 08:00,0.002538333723824912,2025-10-03 04:00,0.0021306351466338198,2025-10-02 12:00,True,0.008408388683960943,True,kama_trail
2025-10-10 20:00,short,119572.8,122313.62251743788,2025-10-12 16:00,112071.14119863468,0.06273716766158628,0.15100675069915567,11,44.0,0.014641296390177926,2025-10-11 16:00,0.0,2025-10-11 00:00,0.0,,True,0.015458405974149105,True,kama_trail
2025-10-16 20:00,short,109403.5,112713.36527788306,2025-10-19 16:00,108144.00200201011,0.011512410462095751,0.05423501076290978,17,68.0,0.01900843160788743,2025-10-19 16:00,0.014515754397957336,2025-10-19 08:00,0.013889588063803592,2025-10-18 16:00,True,0.023427115282482484,True,kama_trail
2025-11-03 08:00,short,109368.9,110316.28274787075,2025-11-06 00:00,104052.94042716121,0.04860576976488545,0.09582340135084098,16,64.0,0.02912100738555436,2025-11-06 00:00,0.026738379508554483,2025-11-05 20:00,0.013429664689742464,2025-11-05 08:00,True,0.025012656215929845,True,kama_trail
2025-11-14 00:00,short,100711.0,103615.76214951,2025-11-20 12:00,93127.99321290333,0.07529472239474014,0.12060847375162599,39,156.0,0.03150999028999433,2025-11-20 08:00,0.024188264726318433,2025-11-19 00:00,0.021559458161241173,2025-11-18 20:00,True,0.017385677034850985,True,kama_trail
2025-11-21 00:00,short,88564.4,92890.49465621418,2025-11-23 08:00,85728.70021605935,0.03201850612594496,0.08992778136587608,14,56.0,0.04198115544909467,2025-11-23 08:00,0.02967220771388834,2025-11-22 04:00,0.019906230594298052,2025-11-22 00:00,True,0.03293646362237054,True,kama_trail
2025-11-27 00:00,long,88200.0,86943.5726152097,2025-11-29 00:00,90733.67757154812,0.02872650307877687,0.055328798185941046,12,48.0,0.012933925172183162,2025-11-29 00:00,0.0067636546470067746,2025-11-28 12:00,0.00491016456603718,2025-11-27 20:00,True,0.016968842094648797,True,kama_trail
2025-12-01 04:00,short,90363.0,90854.04495487116,2025-12-02 04:00,86722.45730671877,0.04028797951906451,0.07278421477817248,6,24.0,0.016566051875598543,2025-12-02 04:00,0.0034868229318456264,2025-12-02 00:00,0.001783769813191514,2025-12-01 12:00,True,0.02389758513632675,True,kama_trail
2025-12-02 20:00,long,87640.0,86778.8437503638,2025-12-04 20:00,92670.12363918424,0.05739529483322957,0.07468051118210862,12,48.0,0.006851679952328653,2025-12-03 20:00,0.006541106740453591,2025-12-03 04:00,0.0,2025-12-03 00:00,True,0.008874622976235855,True,kama_trail
2026-01-13 20:00,long,92676.6,91416.18467775422,2026-01-15 20:00,95879.35192445367,0.03455836666918798,0.056707950011113915,12,48.0,0.013152399976137005,2026-01-15 08:00,0.009429712007542843,2026-01-14 16:00,0.005217125887334659,2026-01-14 12:00,True,0.010613665919355609,True,kama_trail
2026-01-19 04:00,short,94819.5,95500.90257635813,2026-01-21 20:00,89741.6564464219,0.05355273497095115,0.07416512426241441,16,64.0,0.018237325231806132,2026-01-21 20:00,0.009930033462257116,2026-01-21 08:00,0.004950382749859679,2026-01-19 16:00,True,0.015054953295056541,True,kama_trail
2026-01-29 20:00,short,87650.1,88440.39834343828,2026-01-31 00:00,83974.13652378865,0.041939067681740876,0.07587099159042608,7,28.0,0.016826157762901355,2026-01-31 00:00,0.006847289993079373,2026-01-30 04:00,0.0,2026-01-30 00:00,True,0.01587675180692056,True,kama_trail
2026-01-31 20:00,short,81832.0,83969.56166037926,2026-02-02 20:00,77985.09495183508,0.047009788935439896,0.08892609248215858,12,48.0,0.029109530270753976,2026-02-02 20:00,0.016702170744487436,2026-02-02 16:00,0.013011292973971699,2026-02-01 08:00,True,0.022169556283837065,True,kama_trail
2026-02-04 00:00,short,77000.5,78039.96007003277,2026-02-06 12:00,65507.25389609773,0.14926196718076204,0.2233816663528159,15,60.0,0.02132160833244635,2026-02-06 12:00,0.013935691720553174,2026-02-06 08:00,0.011865550169544511,2026-02-04 08:00,True,0.020900798227160833,True,kama_trail
2026-02-22 20:00,short,67763.7,68037.85059112472,2026-02-25 08:00,64958.25917113754,0.04140034899012974,0.07912791066603507,15,60.0,0.030486886521186952,2026-02-25 08:00,0.018076434094918305,2026-02-23 16:00,0.014466244014871189,2026-02-23 12:00,True,0.015777195759471795,True,kama_trail
2026-02-25 20:00,long,66283.1,64981.42104486088,2026-02-26 20:00,66980.87252885624,0.010527155924454891,0.05606104723526802,6,24.0,0.0239373264623536,2026-02-26 20:00,0.0174653504373583,2026-02-26 12:00,0.015255372058917254,2026-02-26 04:00,True,0.01769572826608628,True,kama_trail
2026-02-27 16:00,short,66462.0,67118.24340263335,2026-02-28 20:00,65241.82166351376,0.018359037291779394,0.052398362974331196,7,28.0,0.014632114279763228,2026-02-28 20:00,0.006965804501573428,2026-02-28 04:00,0.0,2026-02-27 20:00,True,0.0222774537322059,True,kama_trail
2026-03-04 12:00,long,68972.9,66536.14303562262,2026-03-06 08:00,70484.54021903439,0.021916437021415575,0.07355932547420807,11,44.0,0.03703985583078049,2026-03-06 04:00,0.0367585301480561,2026-03-06 00:00,0.02675312108420472,2026-03-05 20:00,True,0.04207191310930942,True,kama_trail
2026-03-06 20:00,short,70100.0,70482.84314378045,2026-03-08 12:00,67383.77551994013,0.038747852782594454,0.05124108416547789,10,40.0,0.004128365819916978,2026-03-08 12:00,0.002590305286956613,2026-03-08 04:00,0.0023000223785961203,2026-03-07 16:00,True,0.0,True,kama_trail
2026-03-15 08:00,long,71272.3,70426.3752161493,2026-03-17 16:00,73645.18853835792,0.033293278571870394,0.06631748940331646,14,56.0,0.011347239145770389,2026-03-17 16:00,0.008466673079800731,2026-03-17 12:00,0.005631533380362984,2026-03-17 08:00,True,0.010476486520533762,True,kama_trail
2026-03-18 16:00,short,73330.3,73765.06541331777,2026-03-20 08:00,70564.91777309231,0.037711317516874905,0.062461219986826765,10,40.0,0.017122990791572916,2026-03-20 08:00,0.011132402355349397,2026-03-20 00:00,0.0022821541101911724,2026-03-19 04:00,True,0.016895332846925366,True,kama_trail
2026-03-26 20:00,short,69127.2,70064.81827056794,2026-03-28 20:00,66635.37509628985,0.03604695262805594,0.052456919996759555,12,48.0,0.013521294412379528,2026-03-28 20:00,0.007133662749657552,2026-03-28 12:00,0.004966158701158531,2026-03-28 04:00,True,0.009454063931950918,True,kama_trail
2026-04-08 04:00,long,69940.0,68864.64859387733,2026-04-12 08:00,72133.8157259761,0.031367110751731576,0.05480983700314547,25,100.0,0.02814252287267472,2026-04-12 08:00,0.009842261431231136,2026-04-09 12:00,0.009616162969538117,2026-04-09 08:00,True,0.02039880376316291,True,kama_trail
2026-06-01 12:00,short,73171.0,73750.98713942099,2026-06-03 12:00,67343.87624933393,0.07963706592319456,0.10676224187177982,12,48.0,0.016992533865848064,2026-06-03 12:00,0.006267725995646161,2026-06-02 00:00,0.0,2026-06-01 16:00,True,0.022652041051008324,True,kama_trail
2026-06-04 04:00,short,65199.0,66665.91279486427,2026-06-07 12:00,61889.767602674576,0.05075587658285287,0.09385113268608414,20,80.0,0.029920020305060763,2026-06-07 12:00,0.020011321782453538,2026-06-07 08:00,0.019801907265020936,2026-06-04 20:00,True,0.026208978729538496,True,kama_trail
2026-08-19 20:00,long,65057.9,64316.35866034309,2026-08-21 20:00,76712.6,0.17914350140413393,0.22284149964877437,12,48.0,0.0018251334583754123,2026-08-20 08:00,0.0,2026-08-20 00:00,0.0,,False,0.00047427328043354546,True,end
