大波段组ID,方向,组类型,组内段数,锚定突破K时间,延伸起点时间,延伸起点价格,延伸起点索引,组终点时间,组终点价格,组终点索引,延伸涨幅%,全腿起点时间,全腿起点价格,全腿涨幅%,组覆盖K数,组内最大单段涨幅%,年份
空278,做空,失败组,1,2026-08-23 12:00,2026-08-17 04:00,62681.1,15205,2026-08-23 12:00,75588.0,15243,-20.591,2026-08-22 12:00,76510.0,1.205,38,1.205,2026
多272,做多,延伸组,3,2026-08-17 08:00,2026-08-10 04:00,65482.7,15163,2026-08-25 08:00,81270.5,15254,24.11,2026-08-17 00:00,63370.0,28.248,91,22.284,2026
空277,做空,失败组,3,2026-08-09 08:00,2026-08-03 16:00,62268.2,15124,2026-08-17 04:00,62681.1,15205,-0.663,2026-08-08 08:00,64784.3,3.246,81,2.443,2026
空276,做空,失败组,1,2026-08-03 12:00,2026-08-02 00:00,62228.8,15114,2026-08-03 16:00,62268.2,15124,-0.063,2026-08-03 08:00,62745.0,0.76,10,0.76,2026
多271,做多,延伸组,2,2026-08-02 08:00,2026-07-31 08:00,65391.3,15104,2026-08-10 04:00,65482.7,15163,0.14,2026-08-01 16:00,63126.6,3.732,59,1.165,2026
多270,做多,失败组,2,2026-07-29 12:00,2026-07-27 12:00,65722.5,15081,2026-07-31 08:00,65391.3,15104,-0.504,2026-07-29 08:00,64175.0,1.895,23,1.044,2026
多269,做多,失败组,3,2026-07-26 00:00,2026-07-21 20:00,66924.1,15047,2026-07-27 12:00,65722.5,15081,-1.795,2026-07-25 00:00,64266.9,2.265,34,1.791,2026
空275,做空,延伸组,4,2026-07-23 12:00,2026-07-20 12:00,63736.1,15039,2026-08-02 00:00,62228.8,15114,2.365,2026-07-22 20:00,65505.0,5.001,75,2.663,2026
空274,做空,失败组,1,2026-07-20 12:00,2026-07-17 20:00,62505.1,15023,2026-07-20 12:00,63736.1,15039,-1.969,2026-07-19 20:00,64259.5,0.815,16,0.815,2026
多268,做多,延伸组,2,2026-07-19 00:00,2026-07-15 20:00,65589.7,15011,2026-07-21 20:00,66924.1,15047,2.034,2026-07-18 00:00,64356.7,3.989,36,2.826,2026
空273,做空,失败组,2,2026-07-16 12:00,2026-07-14 00:00,61806.0,15000,2026-07-17 20:00,62505.1,15023,-1.131,2026-07-16 08:00,64362.2,2.885,23,2.08,2026
空272,做空,失败组,1,2026-07-13 08:00,2026-07-08 20:00,61520.0,14969,2026-07-14 00:00,61806.0,15000,-0.465,2026-07-12 12:00,63602.8,2.825,31,2.825,2026
多267,做多,延伸组,2,2026-07-09 12:00,2026-07-07 04:00,64691.9,14959,2026-07-15 20:00,65589.7,15011,1.388,2026-07-08 16:00,62921.8,4.24,52,4.159,2026
空271,做空,失败组,1,2026-07-08 16:00,2026-07-01 08:00,57758.6,14924,2026-07-08 20:00,61520.0,14969,-6.512,2026-07-08 12:00,62434.9,1.465,45,1.465,2026
多266,做多,失败组,4,2026-06-27 20:00,2026-06-22 20:00,65597.2,14873,2026-07-07 04:00,64691.9,14959,-1.38,2026-06-27 00:00,60580.0,6.788,86,6.738,2026
空270,做空,延伸组,3,2026-06-22 04:00,2026-06-18 20:00,62232.1,14849,2026-07-01 08:00,57758.6,14924,7.188,2026-06-21 04:00,63820.0,9.498,75,7.369,2026
多265,做多,失败组,3,2026-06-20 04:00,2026-06-15 20:00,67255.4,14831,2026-06-22 20:00,65597.2,14873,-2.466,2026-06-19 20:00,63410.3,3.449,42,1.249,2026
空269,做空,延伸组,2,2026-06-17 16:00,2026-06-15 00:00,63650.0,14826,2026-06-18 20:00,62232.1,14849,2.228,2026-06-17 12:00,65200.0,4.552,23,3.554,2026
空268,做空,失败组,1,2026-06-15 00:00,2026-06-10 16:00,60691.9,14800,2026-06-15 00:00,63650.0,14826,-4.874,2026-06-14 20:00,63830.0,0.282,26,0.282,2026
空267,做空,失败组,1,2026-06-09 20:00,2026-06-06 00:00,59080.0,14772,2026-06-10 16:00,60691.9,14800,-2.728,2026-06-09 08:00,62381.2,2.708,28,2.708,2026
多264,做多,失败组,4,2026-06-07 08:00,2026-05-26 20:00,78077.1,14711,2026-06-15 20:00,67255.4,14831,-13.86,2026-06-06 08:00,61500.0,9.358,120,3.889,2026
空266,做空,延伸组,3,2026-05-26 08:00,2026-05-23 12:00,74203.6,14691,2026-06-06 00:00,59080.0,14772,20.381,2026-05-25 08:00,76871.4,23.144,81,19.258,2026
多263,做多,失败组,1,2026-05-24 04:00,2026-05-21 16:00,78180.0,14680,2026-05-26 20:00,78077.1,14711,-0.132,2026-05-23 04:00,76054.1,2.66,31,2.66,2026
多262,做多,失败组,1,2026-05-21 08:00,2026-05-15 00:00,81999.0,14640,2026-05-21 16:00,78180.0,14680,-4.657,2026-05-20 20:00,77825.8,0.455,40,0.455,2026
多261,做多,失败组,1,2026-05-14 20:00,2026-05-11 04:00,82460.5,14617,2026-05-15 00:00,81999.0,14640,-0.56,2026-05-13 20:00,80558.0,1.789,23,1.789,2026
空265,做空,延伸组,5,2026-05-12 20:00,2026-05-08 08:00,79137.4,14600,2026-05-23 12:00,74203.6,14691,6.234,2026-05-11 20:00,80394.0,7.7,91,3.037,2026
多260,做多,失败组,1,2026-05-10 00:00,2026-05-06 16:00,82828.7,14590,2026-05-11 04:00,82460.5,14617,-0.445,2026-05-09 12:00,80641.8,2.255,27,2.255,2026
空264,做空,失败组,1,2026-05-07 20:00,2026-04-30 00:00,74868.0,14550,2026-05-08 08:00,79137.4,14600,-5.703,2026-05-07 16:00,80521.8,1.719,50,1.719,2026
多259,做多,延伸组,3,2026-04-29 16:00,2026-04-27 08:00,79455.0,14534,2026-05-06 16:00,82828.7,14590,4.246,2026-04-29 12:00,77432.1,6.969,56,4.28,2026
空263,做空,失败组,2,2026-04-27 20:00,2026-04-22 00:00,74777.9,14502,2026-04-30 00:00,74868.0,14550,-0.12,2026-04-27 12:00,77408.6,3.282,48,2.29,2026
空262,做空,失败组,1,2026-04-22 00:00,2026-04-20 08:00,73669.0,14492,2026-04-22 00:00,74777.9,14502,-1.505,2026-04-21 00:00,75242.5,0.617,10,0.617,2026
多258,做多,延伸组,2,2026-04-21 00:00,2026-04-18 00:00,78300.0,14478,2026-04-27 08:00,79455.0,14534,1.475,2026-04-20 00:00,75817.7,4.797,56,3.19,2026
空261,做空,失败组,2,2026-04-19 00:00,2026-04-15 12:00,73449.0,14463,2026-04-20 08:00,73669.0,14492,-0.3,2026-04-18 16:00,75710.6,2.697,29,1.182,2026
空260,做空,失败组,1,2026-04-15 12:00,2026-04-13 04:00,70458.2,14449,2026-04-15 12:00,73449.0,14463,-4.245,2026-04-15 04:00,73766.8,0.431,14,0.431,2026
空259,做空,失败组,1,2026-04-12 08:00,2026-04-02 20:00,65676.1,14387,2026-04-13 04:00,70458.2,14449,-7.281,2026-04-11 20:00,72451.9,2.752,62,2.752,2026
多257,做多,延伸组,5,2026-04-04 20:00,2026-04-01 12:00,69288.0,14379,2026-04-18 00:00,78300.0,14478,13.007,2026-04-03 20:00,67350.0,16.258,99,6.339,2026
空258,做空,失败组,1,2026-04-02 08:00,2026-03-30 04:00,64918.2,14365,2026-04-02 20:00,65676.1,14387,-1.167,2026-04-01 08:00,67534.9,2.752,22,2.752,2026
多256,做多,失败组,3,2026-03-28 20:00,2026-03-25 16:00,71999.9,14338,2026-04-01 12:00,69288.0,14379,-3.767,2026-03-27 20:00,66742.2,3.814,41,1.562,2026
空257,做空,延伸组,3,2026-03-25 00:00,2026-03-23 04:00,67300.0,14323,2026-03-30 04:00,64918.2,14365,3.539,2026-03-24 20:00,69467.8,6.549,42,7.132,2026
多255,做多,失败组,2,2026-03-23 16:00,2026-03-17 08:00,75998.9,14288,2026-03-25 16:00,71999.9,14338,-5.262,2026-03-22 20:00,69000.0,4.348,50,4.043,2026
空256,做空,失败组,3,2026-03-11 16:00,2026-03-09 04:00,65569.2,14239,2026-03-23 04:00,67300.0,14323,-2.64,2026-03-10 20:00,69184.8,2.724,84,6.246,2026
多254,做多,延伸组,2,2026-03-09 20:00,2026-03-05 00:00,74046.5,14214,2026-03-17 08:00,75998.9,14288,2.637,2026-03-09 16:00,68441.5,11.042,74,7.409,2026
空255,做空,失败组,3,2026-03-06 00:00,2026-02-28 12:00,62979.5,14187,2026-03-09 04:00,65569.2,14239,-4.112,2026-03-05 20:00,71136.2,7.826,52,5.124,2026
空254,做空,失败组,1,2026-02-27 16:00,2026-02-24 20:00,62401.7,14165,2026-02-28 12:00,62979.5,14187,-0.926,2026-02-27 00:00,66462.0,5.24,22,5.24,2026
多253,做多,延伸组,4,2026-02-20 08:00,2026-02-15 16:00,70938.5,14110,2026-03-05 00:00,74046.5,14214,4.381,2026-02-19 12:00,67299.4,10.025,104,12.03,2026
空253,做空,延伸组,2,2026-02-15 20:00,2026-02-13 00:00,65081.0,14094,2026-02-24 20:00,62401.7,14165,4.117,2026-02-14 20:00,69163.7,9.777,71,7.913,2026
多252,做多,失败组,1,2026-02-13 20:00,2026-02-09 04:00,72300.0,14071,2026-02-15 16:00,70938.5,14110,-1.883,2026-02-12 20:00,68385.0,3.734,39,3.734,2026
空252,做空,失败组,3,2026-02-09 16:00,2026-02-06 08:00,59800.0,14054,2026-02-13 00:00,65081.0,14094,-8.831,2026-02-08 16:00,69467.9,6.315,40,3.189,2026
多251,做多,失败组,1,2026-02-07 00:00,2026-02-02 20:00,79311.0,14033,2026-02-09 04:00,72300.0,14071,-8.84,2026-02-06 20:00,69157.9,4.543,38,4.543,2026
多250,做多,失败组,1,2026-02-02 20:00,2026-01-29 00:00,90592.7,14004,2026-02-02 20:00,79311.0,14033,-12.453,2026-02-01 20:00,78732.0,0.735,29,0.735,2026
多249,做多,失败组,1,2026-01-28 04:00,2026-01-15 04:00,97932.1,13921,2026-01-29 00:00,90592.7,14004,-7.494,2026-01-27 12:00,88983.3,1.809,83,1.809,2026
多248,做多,延伸组,3,2026-01-11 20:00,2026-01-06 04:00,94760.3,13867,2026-01-15 04:00,97932.1,13921,3.347,2026-01-11 12:00,90818.0,7.833,54,5.671,2026
空251,做空,延伸组,7,2026-01-07 00:00,2026-01-01 04:00,87189.2,13837,2026-02-06 08:00,59800.0,14054,31.414,2026-01-06 12:00,93088.0,35.76,217,22.338,2026
空250,做空,失败组,1,2026-01-01 00:00,2025-12-26 08:00,86824.8,13802,2026-01-01 04:00,87189.2,13837,-0.42,2025-12-31 20:00,87729.2,0.616,35,0.616,2026
多247,做多,延伸组,3,2025-12-30 20:00,2025-12-29 12:00,90373.4,13821,2026-01-06 04:00,94760.3,13867,4.854,2025-12-30 16:00,88190.6,7.449,46,4.758,2025
多246,做多,延伸组,2,2025-12-28 04:00,2025-12-26 12:00,89557.6,13803,2025-12-29 12:00,90373.4,13821,0.911,2025-12-27 04:00,87750.0,2.99,18,2.606,2025
空249,做空,失败组,1,2025-12-26 04:00,2025-12-24 20:00,86355.0,13793,2025-12-26 08:00,86824.8,13802,-0.544,2025-12-25 16:00,87219.0,0.452,9,0.452,2025
多245,做多,失败组,2,2025-12-25 20:00,2025-12-22 20:00,90599.0,13781,2025-12-26 12:00,89557.6,13803,-1.149,2025-12-25 04:00,88033.3,1.732,22,1.088,2025
空248,做空,失败组,1,2025-12-23 12:00,2025-12-19 04:00,84408.6,13759,2025-12-24 20:00,86355.0,13793,-2.306,2025-12-23 08:00,87738.3,1.577,34,1.577,2025
多244,做多,失败组,1,2025-12-21 16:00,2025-12-10 00:00,94555.0,13704,2025-12-22 20:00,90599.0,13781,-4.184,2025-12-21 04:00,88434.9,2.447,77,2.447,2025
空247,做空,延伸组,2,2025-12-18 00:00,2025-12-16 00:00,85073.0,13740,2025-12-19 04:00,84408.6,13759,0.781,2025-12-17 12:00,86158.4,2.031,19,1.041,2025
空246,做空,延伸组,3,2025-12-11 08:00,2025-12-06 00:00,87976.3,13680,2025-12-16 00:00,85073.0,13740,3.3,2025-12-10 20:00,91520.0,7.044,60,2.778,2025
多243,做多,延伸组,2,2025-12-08 00:00,2025-12-04 04:00,94185.0,13669,2025-12-10 00:00,94555.0,13704,0.393,2025-12-07 00:00,89940.3,5.131,35,2.658,2025
空245,做空,失败组,1,2025-12-05 20:00,2025-12-01 20:00,83786.0,13655,2025-12-06 00:00,87976.3,13680,-5.001,2025-12-05 00:00,90822.5,3.134,25,3.134,2025
空244,做空,失败组,1,2025-12-01 04:00,2025-11-21 20:00,80600.0,13595,2025-12-01 20:00,83786.0,13655,-3.953,2025-11-30 04:00,90363.0,7.278,60,7.278,2025
多242,做多,失败组,5,2025-11-23 08:00,2025-11-11 08:00,107473.7,13532,2025-12-04 04:00,94185.0,13669,-12.365,2025-11-22 08:00,85599.9,10.029,137,7.468,2025
空243,做空,延伸组,2,2025-11-11 20:00,2025-11-05 04:00,98888.8,13495,2025-11-21 20:00,80600.0,13595,18.494,2025-11-10 20:00,104615.7,22.956,100,21.289,2025
多241,做多,延伸组,2,2025-11-08 00:00,2025-11-06 04:00,104497.6,13501,2025-11-11 08:00,107473.7,13532,2.848,2025-11-07 12:00,102480.4,4.872,31,4.91,2025
多240,做多,失败组,1,2025-11-06 00:00,2025-11-02 20:00,111216.0,13481,2025-11-06 04:00,104497.6,13501,-6.041,2025-11-05 20:00,103750.0,0.721,20,0.721,2025
多239,做多,失败组,1,2025-11-02 12:00,2025-10-27 12:00,116380.2,13443,2025-11-02 20:00,111216.0,13481,-4.437,2025-11-01 12:00,110557.0,0.596,38,0.596,2025
多238,做多,延伸组,2,2025-10-23 12:00,2025-10-22 00:00,113940.0,13410,2025-10-27 12:00,116380.2,13443,2.142,2025-10-22 20:00,109160.0,6.614,33,4.0,2025
空242,做空,延伸组,3,2025-10-21 12:00,2025-10-17 16:00,103470.0,13384,2025-11-05 04:00,98888.8,13495,4.428,2025-10-21 08:00,109005.0,9.28,111,9.582,2025
多237,做多,失败组,2,2025-10-19 16:00,2025-10-13 08:00,115912.0,13358,2025-10-22 00:00,113940.0,13410,-1.701,2025-10-19 08:00,107333.0,6.156,52,4.022,2025
空241,做空,失败组,1,2025-10-14 08:00,2025-10-11 04:00,101516.5,13345,2025-10-17 16:00,103470.0,13384,-1.924,2025-10-13 16:00,113600.5,8.918,39,8.918,2025
多236,做多,失败组,1,2025-10-12 20:00,2025-10-09 00:00,124170.6,13332,2025-10-13 08:00,115912.0,13358,-6.651,2025-10-11 20:00,112466.2,3.064,26,3.064,2025
多235,做多,失败组,1,2025-10-09 00:00,2025-10-07 00:00,126208.5,13320,2025-10-09 00:00,124170.6,13332,-1.615,2025-10-08 20:00,123312.9,0.696,12,0.696,2025
空240,做空,延伸组,2,2025-10-07 20:00,2025-09-26 16:00,108566.0,13258,2025-10-11 04:00,101516.5,13345,6.493,2025-10-07 16:00,123261.6,17.641,87,16.159,2025
多234,做多,延伸组,4,2025-09-24 20:00,2025-09-19 00:00,117875.2,13212,2025-10-07 00:00,126208.5,13320,7.07,2025-09-23 20:00,113254.8,11.438,108,5.473,2025
空239,做空,延伸组,3,2025-09-19 16:00,2025-09-09 20:00,110714.9,13157,2025-09-26 16:00,108566.0,13258,1.941,2025-09-19 04:00,116489.7,6.802,101,3.242,2025
空238,做空,失败组,1,2025-09-09 20:00,2025-09-07 00:00,109850.0,13140,2025-09-09 20:00,110714.9,13157,-0.787,2025-09-09 08:00,111050.0,0.302,17,0.302,2025
多233,做多,延伸组,5,2025-09-07 16:00,2025-09-05 20:00,113344.3,13133,2025-09-19 00:00,117875.2,13212,3.997,2025-09-06 20:00,110956.5,6.236,79,3.282,2025
空237,做空,失败组,1,2025-09-07 00:00,2025-09-04 20:00,109269.1,13127,2025-09-07 00:00,109850.0,13140,-0.532,2025-09-06 00:00,110153.3,0.275,13,0.275,2025
空236,做空,失败组,1,2025-09-04 12:00,2025-09-01 12:00,107211.5,13107,2025-09-04 20:00,109269.1,13127,-1.919,2025-09-03 12:00,110486.9,1.102,20,1.102,2025
多232,做多,失败组,4,2025-08-31 08:00,2025-08-28 20:00,113429.0,13085,2025-09-05 20:00,113344.3,13133,-0.075,2025-08-30 20:00,108879.6,4.101,48,2.427,2025
多231,做多,失败组,2,2025-08-27 04:00,2025-08-23 00:00,117397.4,13050,2025-08-28 20:00,113429.0,13085,-3.38,2025-08-27 00:00,111106.5,2.09,35,1.101,2025
多230,做多,失败组,1,2025-08-22 20:00,2025-08-17 20:00,118558.0,13019,2025-08-23 00:00,117397.4,13050,-0.979,2025-08-21 20:00,113936.0,3.038,31,3.038,2025
多229,做多,失败组,1,2025-08-17 12:00,2025-08-14 08:00,124545.6,12998,2025-08-17 20:00,118558.0,13019,-4.808,2025-08-16 12:00,117857.1,0.595,21,0.595,2025
空235,做空,延伸组,5,2025-08-14 20:00,2025-08-05 20:00,112582.4,12947,2025-09-01 12:00,107211.5,13107,4.771,2025-08-13 20:00,120066.1,10.706,160,5.196,2025
空234,做空,失败组,2,2025-08-05 12:00,2025-08-03 08:00,111850.0,12932,2025-08-05 20:00,112582.4,12947,-0.655,2025-08-04 20:00,114070.0,1.304,15,0.939,2025
多228,做多,延伸组,3,2025-08-04 00:00,2025-07-28 08:00,119812.0,12896,2025-08-14 08:00,124545.6,12998,3.951,2025-08-03 16:00,114200.0,9.059,102,6.608,2025
空233,做空,延伸组,2,2025-07-29 20:00,2025-07-25 12:00,114667.3,12879,2025-08-03 08:00,111850.0,12932,2.457,2025-07-29 00:00,117388.0,4.718,53,4.149,2025
空232,做空,延伸组,2,2025-07-21 04:00,2025-07-15 20:00,115678.1,12821,2025-07-25 12:00,114667.3,12879,0.874,2025-07-20 04:00,117245.9,2.199,58,2.036,2025
多227,做多,失败组,3,2025-07-20 20:00,2025-07-17 04:00,120100.0,12829,2025-07-28 08:00,119812.0,12896,-0.24,2025-07-19 20:00,118301.4,1.277,67,1.759,2025
多226,做多,失败组,1,2025-07-16 16:00,2025-07-14 12:00,123300.0,12813,2025-07-17 04:00,120100.0,12829,-2.595,2025-07-15 20:00,118499.8,1.35,16,1.35,2025
空231,做空,失败组,1,2025-07-15 08:00,2025-07-05 00:00,107200.0,12756,2025-07-15 20:00,115678.1,12821,-7.909,2025-07-14 08:00,118862.6,2.679,65,2.679,2025
多225,做多,延伸组,3,2025-07-06 20:00,2025-07-03 20:00,110484.0,12749,2025-07-14 12:00,123300.0,12813,11.6,2025-07-06 08:00,108211.0,13.944,64,8.333,2025
空230,做空,失败组,1,2025-07-04 20:00,2025-07-02 08:00,105010.0,12740,2025-07-05 00:00,107200.0,12756,-2.086,2025-07-04 16:00,108456.4,1.158,16,1.158,2025
空229,做空,失败组,1,2025-07-01 16:00,2025-06-23 04:00,98115.4,12685,2025-07-02 08:00,105010.0,12740,-7.027,2025-07-01 12:00,106557.4,1.452,55,1.452,2025
多224,做多,延伸组,4,2025-06-20 12:00,2025-06-17 04:00,108900.0,12649,2025-07-03 20:00,110484.0,12749,1.455,2025-06-19 12:00,105184.0,5.039,100,5.51,2025
空228,做空,延伸组,2,2025-06-17 16:00,2025-06-13 08:00,102614.0,12626,2025-06-23 04:00,98115.4,12685,4.384,2025-06-17 08:00,106068.0,7.498,59,5.482,2025
多223,做多,失败组,1,2025-06-16 12:00,2025-06-10 04:00,110653.6,12607,2025-06-17 04:00,108900.0,12649,-1.585,2025-06-15 12:00,106099.4,2.64,42,2.64,2025
空227,做空,失败组,1,2025-06-12 08:00,2025-06-06 04:00,100305.1,12583,2025-06-13 08:00,102614.0,12626,-2.302,2025-06-12 04:00,108001.2,4.988,43,4.988,2025
多222,做多,延伸组,3,2025-06-02 00:00,2025-05-26 20:00,110400.0,12521,2025-06-10 04:00,110653.6,12607,0.23,2025-06-01 04:00,104859.3,5.526,86,5.091,2025
空226,做空,延伸组,3,2025-05-28 20:00,2025-05-24 04:00,106721.9,12505,2025-06-06 04:00,100305.1,12583,6.013,2025-05-28 16:00,108178.1,7.278,78,3.39,2025
多221,做多,失败组,1,2025-05-26 08:00,2025-05-23 00:00,111959.5,12498,2025-05-26 20:00,110400.0,12521,-1.393,2025-05-26 04:00,109285.1,1.02,23,1.02,2025
空225,做空,失败组,1,2025-05-23 16:00,2025-05-19 12:00,102038.8,12477,2025-05-24 04:00,106721.9,12505,-4.59,2025-05-22 16:00,110238.5,3.19,28,3.19,2025
空224,做空,失败组,1,2025-05-19 12:00,2025-05-15 20:00,101270.8,12455,2025-05-19 12:00,102038.8,12477,-0.758,2025-05-19 04:00,103217.2,1.142,22,1.142,2025
空223,做空,失败组,1,2025-05-15 12:00,2025-05-13 00:00,100678.0,12438,2025-05-15 20:00,101270.8,12455,-0.589,2025-05-15 00:00,102536.0,1.234,17,1.234,2025
多220,做多,延伸组,3,2025-05-14 00:00,2025-05-12 12:00,105863.1,12435,2025-05-23 00:00,111959.5,12498,5.759,2025-05-13 20:00,103930.1,7.726,63,4.831,2025
空222,做空,失败组,1,2025-05-12 20:00,2025-05-06 20:00,93327.0,12401,2025-05-13 00:00,100678.0,12438,-7.877,2025-05-12 04:00,103502.4,2.729,37,2.729,2025
空221,做空,失败组,2,2025-05-03 16:00,2025-04-20 16:00,83900.0,12304,2025-05-06 20:00,93327.0,12401,-11.236,2025-05-03 12:00,96064.1,2.849,97,2.586,2025
多219,做多,延伸组,3,2025-04-28 12:00,2025-04-25 20:00,95769.6,12335,2025-05-12 12:00,105863.1,12435,10.539,2025-04-28 04:00,94517.9,12.003,100,11.242,2025
空220,做空,失败组,1,2025-04-20 16:00,2025-04-16 08:00,83063.9,12278,2025-04-20 16:00,83900.0,12304,-1.007,2025-04-20 00:00,84613.5,0.843,26,0.843,2025
多218,做多,延伸组,3,2025-04-19 12:00,2025-04-15 20:00,86443.0,12275,2025-04-25 20:00,95769.6,12335,10.789,2025-04-19 08:00,84947.8,12.739,60,11.281,2025
空219,做空,失败组,1,2025-04-16 04:00,2025-04-09 08:00,74578.5,12236,2025-04-16 08:00,83063.9,12278,-11.378,2025-04-16 00:00,83888.0,0.982,42,0.982,2025
多217,做多,延伸组,2,2025-04-10 00:00,2025-04-04 16:00,84686.2,12208,2025-04-15 20:00,86443.0,12275,2.074,2025-04-09 00:00,78500.0,10.118,67,6.439,2025
空218,做空,失败组,1,2025-04-09 00:00,2025-04-07 12:00,74457.0,12225,2025-04-09 08:00,74578.5,12236,-0.163,2025-04-08 00:00,77262.6,3.474,11,3.474,2025
多216,做多,失败组,1,2025-04-04 12:00,2025-04-03 04:00,88500.0,12199,2025-04-04 16:00,84686.2,12208,-4.309,2025-04-03 16:00,83774.1,1.089,9,1.089,2025
多215,做多,失败组,2,2025-03-31 20:00,2025-03-24 20:00,88752.0,12143,2025-04-03 04:00,88500.0,12199,-0.284,2025-03-30 20:00,83229.6,6.332,56,4.765,2025
空217,做空,延伸组,3,2025-03-26 20:00,2025-03-21 20:00,83122.0,12125,2025-04-07 12:00,74457.0,12225,10.424,2025-03-25 20:00,86839.2,14.259,100,11.198,2025
空216,做空,失败组,1,2025-03-21 20:00,2025-03-18 20:00,81113.5,12107,2025-03-21 20:00,83122.0,12125,-2.476,2025-03-21 00:00,83613.6,0.588,18,0.588,2025
空215,做空,失败组,2,2025-03-16 16:00,2025-03-14 00:00,79903.4,12078,2025-03-18 20:00,81113.5,12107,-1.514,2025-03-15 16:00,83564.5,2.933,29,1.473,2025
空214,做空,失败组,1,2025-03-14 00:00,2025-03-11 08:00,76560.0,12062,2025-03-14 00:00,79903.4,12078,-4.367,2025-03-13 20:00,80914.4,1.249,16,1.249,2025
多214,做多,失败组,4,2025-03-12 00:00,2025-03-06 12:00,92780.3,12033,2025-03-24 20:00,88752.0,12143,-4.342,2025-03-11 20:00,82240.0,7.918,110,5.021,2025
多213,做多,失败组,1,2025-03-05 16:00,2025-03-03 00:00,94971.0,12012,2025-03-06 12:00,92780.3,12033,-2.307,2025-03-05 04:00,88931.0,4.328,21,4.328,2025
空213,做空,延伸组,3,2025-03-04 00:00,2025-02-28 16:00,78200.2,11998,2025-03-11 08:00,76560.0,12062,2.097,2025-03-03 00:00,87236.0,12.238,64,8.95,2025
多212,做多,失败组,1,2025-03-01 08:00,2025-02-21 20:00,99431.5,11957,2025-03-03 00:00,94971.0,12012,-4.486,2025-03-01 00:00,85084.5,11.62,55,11.62,2025
空212,做空,延伸组,4,2025-02-16 12:00,2025-02-12 20:00,94003.9,11903,2025-02-28 16:00,78200.2,11998,16.812,2025-02-15 16:00,97255.2,19.593,95,19.246,2025
多211,做多,延伸组,3,2025-02-13 00:00,2025-02-10 20:00,98328.0,11891,2025-02-21 20:00,99431.5,11957,1.122,2025-02-12 00:00,97002.0,2.505,66,2.635,2025
多210,做多,失败组,2,2025-02-09 08:00,2025-02-04 04:00,102456.0,11851,2025-02-10 20:00,98328.0,11891,-4.029,2025-02-08 08:00,96850.0,1.526,40,1.055,2025
空211,做空,失败组,3,2025-02-05 04:00,2025-02-03 08:00,91130.3,11846,2025-02-12 20:00,94003.9,11903,-3.153,2025-02-04 16:00,97792.8,3.874,57,2.616,2025
多209,做多,失败组,1,2025-02-04 00:00,2025-01-30 20:00,106450.0,11825,2025-02-04 04:00,102456.0,11851,-3.752,2025-02-03 20:00,99501.4,2.969,26,2.969,2025
多208,做多,失败组,1,2025-01-30 00:00,2025-01-20 12:00,110000.0,11763,2025-01-30 20:00,106450.0,11825,-3.227,2025-01-29 00:00,103089.9,3.259,62,3.259,2025
空210,做空,延伸组,3,2025-01-23 08:00,2025-01-20 08:00,99501.0,11762,2025-02-03 08:00,91130.3,11846,8.413,2025-01-23 00:00,103211.6,11.705,84,12.273,2025
空209,做空,失败组,1,2025-01-20 04:00,2025-01-13 20:00,88909.0,11723,2025-01-20 08:00,99501.0,11762,-11.913,2025-01-19 16:00,103458.6,3.825,39,3.825,2025
多207,做多,延伸组,5,2025-01-10 16:00,2025-01-07 08:00,102762.1,11684,2025-01-20 12:00,110000.0,11763,7.043,2025-01-10 12:00,94975.2,15.82,79,11.539,2025
多206,做多,延伸组,2,2024-12-31 20:00,2024-12-26 08:00,99950.0,11612,2025-01-07 08:00,102762.1,11684,2.814,2024-12-31 04:00,95031.6,8.135,72,7.578,2024
空208,做空,延伸组,4,2024-12-22 12:00,2024-12-20 20:00,92272.6,11579,2025-01-13 20:00,88909.0,11723,3.645,2024-12-21 20:00,96375.0,7.747,144,7.717,2024
多205,做多,失败组,2,2024-12-21 12:00,2024-12-17 20:00,108366.8,11561,2024-12-26 08:00,99950.0,11612,-7.767,2024-12-20 12:00,98243.0,1.738,51,3.707,2024
空207,做空,延伸组,2,2024-12-13 00:00,2024-12-10 04:00,94039.7,11515,2024-12-20 20:00,92272.6,11579,1.879,2024-12-12 00:00,99583.4,7.341,64,12.332,2024
空206,做空,失败组,1,2024-12-09 16:00,2024-12-06 04:00,90200.0,11491,2024-12-10 04:00,94039.7,11515,-4.257,2024-12-09 12:00,98374.3,4.406,24,4.406,2024
多204,做多,延伸组,3,2024-12-09 04:00,2024-12-05 08:00,104630.4,11486,2024-12-17 20:00,108366.8,11561,3.571,2024-12-08 20:00,100597.5,7.723,75,6.378,2024
空205,做空,延伸组,2,2024-12-02 12:00,2024-11-27 04:00,90866.4,11437,2024-12-06 04:00,90200.0,11491,0.733,2024-12-01 12:00,96249.1,6.285,54,7.191,2024
多203,做多,延伸组,2,2024-11-27 20:00,2024-11-23 00:00,99660.0,11412,2024-12-05 08:00,104630.4,11486,4.987,2024-11-27 00:00,94745.2,10.433,74,7.821,2024
空204,做空,失败组,3,2024-11-24 00:00,2024-11-15 04:00,86714.0,11365,2024-11-27 04:00,90866.4,11437,-4.789,2024-11-23 00:00,98264.2,7.528,72,3.812,2024
空203,做空,失败组,1,2024-11-15 04:00,2024-11-05 04:00,66810.0,11305,2024-11-15 04:00,86714.0,11365,-29.792,2024-11-15 00:00,87555.0,0.961,60,0.961,2024
多202,做多,延伸组,4,2024-11-05 20:00,2024-10-30 00:00,73660.0,11268,2024-11-23 00:00,99660.0,11412,35.297,2024-11-04 20:00,69243.8,43.926,144,27.691,2024
空202,做空,失败组,1,2024-10-31 20:00,2024-10-26 04:00,65557.2,11245,2024-11-05 04:00,66810.0,11305,-1.911,2024-10-30 20:00,71444.2,6.486,60,6.486,2024
空201,做空,失败组,1,2024-10-26 00:00,2024-10-24 00:00,65222.3,11232,2024-10-26 04:00,65557.2,11245,-0.513,2024-10-25 12:00,67222.4,2.477,13,2.477,2024
多201,做多,延伸组,2,2024-10-24 20:00,2024-10-21 08:00,69566.0,11216,2024-10-30 00:00,73660.0,11268,5.885,2024-10-24 08:00,67615.3,8.94,52,9.207,2024
空200,做空,失败组,2,2024-10-17 16:00,2024-10-13 20:00,62020.0,11171,2024-10-24 00:00,65222.3,11232,-5.163,2024-10-16 16:00,66888.0,2.49,61,4.276,2024
空199,做空,失败组,1,2024-10-13 16:00,2024-10-11 00:00,58900.0,11154,2024-10-13 20:00,62020.0,11171,-5.297,2024-10-13 08:00,62615.4,0.951,17,0.951,2024
多200,做多,延伸组,3,2024-10-11 20:00,2024-10-07 20:00,64448.2,11135,2024-10-21 08:00,69566.0,11216,7.941,2024-10-10 20:00,61294.7,13.494,81,8.125,2024
多199,做多,失败组,2,2024-10-04 20:00,2024-09-27 20:00,66450.0,11075,2024-10-07 20:00,64448.2,11135,-3.012,2024-10-04 16:00,61616.0,4.597,60,3.375,2024
空198,做空,延伸组,3,2024-09-30 08:00,2024-09-22 20:00,62435.0,11045,2024-10-11 00:00,58900.0,11154,5.662,2024-09-29 12:00,65400.0,9.939,109,5.404,2024
空197,做空,失败组,1,2024-09-22 16:00,2024-09-17 00:00,57446.3,11010,2024-09-22 20:00,62435.0,11045,-8.684,2024-09-22 08:00,62801.2,0.583,35,0.583,2024
空196,做空,失败组,1,2024-09-16 04:00,2024-09-07 04:00,52510.8,10951,2024-09-17 00:00,57446.3,11010,-9.399,2024-09-16 00:00,59663.0,3.715,59,3.715,2024
多198,做多,延伸组,5,2024-09-03 04:00,2024-08-29 20:00,61144.9,10901,2024-09-27 20:00,66450.0,11075,8.676,2024-09-02 20:00,58783.0,13.043,174,10.781,2024
多197,做多,失败组,1,2024-08-29 20:00,2024-08-26 04:00,65175.4,10879,2024-08-29 20:00,61144.9,10901,-6.184,2024-08-29 16:00,60450.0,1.15,22,1.15,2024
空195,做空,延伸组,5,2024-08-26 12:00,2024-08-19 16:00,57750.0,10840,2024-09-07 04:00,52510.8,10951,9.072,2024-08-26 08:00,63711.2,17.58,111,8.269,2024
多196,做多,延伸组,2,2024-08-20 08:00,2024-08-14 20:00,61839.7,10811,2024-08-26 04:00,65175.4,10879,5.394,2024-08-20 04:00,59585.4,9.381,68,8.279,2024
空194,做空,失败组,1,2024-08-19 04:00,2024-08-16 04:00,55969.0,10819,2024-08-19 16:00,57750.0,10840,-3.182,2024-08-18 04:00,59122.1,2.321,21,2.321,2024
多195,做多,失败组,1,2024-08-14 00:00,2024-08-09 04:00,62737.2,10777,2024-08-14 20:00,61839.7,10811,-1.431,2024-08-13 00:00,60390.8,2.399,34,2.399,2024
空193,做空,失败组,2,2024-08-11 20:00,2024-08-08 04:00,54519.8,10771,2024-08-16 04:00,55969.0,10819,-2.658,2024-08-11 00:00,60360.0,7.275,48,4.548,2024
空192,做空,失败组,1,2024-08-08 00:00,2024-08-05 12:00,48888.0,10755,2024-08-08 04:00,54519.8,10771,-11.52,2024-08-07 08:00,55516.3,1.795,16,1.795,2024
多194,做多,失败组,2,2024-08-06 20:00,2024-07-29 20:00,70081.0,10715,2024-08-09 04:00,62737.2,10777,-10.479,2024-08-06 08:00,56254.8,11.523,62,8.751,2024
空191,做空,延伸组,3,2024-07-24 00:00,2024-07-19 00:00,63206.4,10650,2024-08-05 12:00,48888.0,10755,22.653,2024-07-23 20:00,65921.7,25.839,105,21.591,2024
空190,做空,失败组,1,2024-07-18 20:00,2024-07-12 08:00,56500.1,10610,2024-07-19 00:00,63206.4,10650,-11.87,2024-07-18 00:00,63823.0,0.966,40,0.966,2024
空189,做空,失败组,1,2024-07-12 08:00,2024-07-08 08:00,54243.1,10586,2024-07-12 08:00,56500.1,10610,-4.161,2024-07-11 08:00,57030.0,0.929,24,0.929,2024
空188,做空,失败组,1,2024-07-08 04:00,2024-07-05 12:00,53329.5,10569,2024-07-08 08:00,54243.1,10586,-1.713,2024-07-07 20:00,56555.1,4.088,17,4.088,2024
多193,做多,延伸组,7,2024-07-06 20:00,2024-07-02 00:00,63849.0,10548,2024-07-29 20:00,70081.0,10715,9.761,2024-07-06 00:00,57000.0,22.949,167,11.092,2024
空187,做空,延伸组,3,2024-06-27 00:00,2024-06-25 04:00,58218.0,10507,2024-07-05 12:00,53329.5,10569,8.397,2024-06-26 00:00,61100.0,12.718,62,14.518,2024
多192,做多,失败组,2,2024-06-25 20:00,2024-06-20 16:00,66467.0,10480,2024-07-02 00:00,63849.0,10548,-3.939,2024-06-24 20:00,61677.0,3.522,68,4.274,2024
多191,做多,失败组,1,2024-06-20 12:00,2024-06-12 20:00,70028.0,10433,2024-06-20 16:00,66467.0,10480,-5.085,2024-06-19 12:00,65711.9,1.149,47,1.149,2024
多190,做多,失败组,1,2024-06-12 16:00,2024-06-10 20:00,70222.7,10421,2024-06-12 20:00,70028.0,10433,-0.277,2024-06-11 16:00,67690.8,3.453,12,3.453,2024
多189,做多,失败组,1,2024-06-10 20:00,2024-06-07 20:00,72144.0,10403,2024-06-10 20:00,70222.7,10421,-2.663,2024-06-10 00:00,69879.0,0.492,18,0.492,2024
空186,做空,延伸组,5,2024-06-07 00:00,2024-06-01 00:00,66700.5,10362,2024-06-25 04:00,58218.0,10507,12.717,2024-06-06 04:00,70711.3,17.668,145,9.776,2024
多188,做多,延伸组,3,2024-06-02 16:00,2024-05-31 00:00,69568.9,10356,2024-06-07 20:00,72144.0,10403,3.702,2024-06-02 08:00,67951.7,6.17,47,4.323,2024
多187,做多,失败组,1,2024-05-30 20:00,2024-05-28 00:00,70750.0,10338,2024-05-31 00:00,69568.9,10356,-1.669,2024-05-30 12:00,68479.0,1.592,18,1.592,2024
空185,做空,失败组,3,2024-05-27 04:00,2024-05-24 04:00,66156.6,10315,2024-06-01 00:00,66700.5,10362,-0.822,2024-05-26 20:00,68678.5,2.88,47,1.669,2024
多186,做多,失败组,2,2024-05-25 00:00,2024-05-21 08:00,72132.8,10298,2024-05-28 00:00,70750.0,10338,-1.917,2024-05-24 20:00,68445.0,3.368,40,1.908,2024
空184,做空,失败组,2,2024-05-23 04:00,2024-05-20 00:00,65835.8,10290,2024-05-24 04:00,66156.6,10315,-0.487,2024-05-23 00:00,69241.5,4.455,25,3.754,2024
空183,做空,失败组,1,2024-05-20 00:00,2024-05-09 16:00,60550.0,10228,2024-05-20 00:00,65835.8,10290,-8.73,2024-05-19 20:00,66619.4,1.176,62,1.176,2024
多185,做多,延伸组,4,2024-05-13 12:00,2024-05-10 04:00,63447.2,10231,2024-05-21 08:00,72132.8,10298,13.689,2024-05-13 00:00,61849.4,16.627,67,7.23,2024
多184,做多,失败组,1,2024-05-10 04:00,2024-05-06 16:00,65500.0,10210,2024-05-10 04:00,63447.2,10231,-3.134,2024-05-10 00:00,62637.3,1.293,21,1.293,2024
空182,做空,失败组,1,2024-05-08 04:00,2024-05-01 16:00,56537.7,10180,2024-05-09 16:00,60550.0,10228,-7.097,2024-05-08 00:00,62758.1,3.518,48,3.518,2024
多183,做多,失败组,3,2024-04-28 08:00,2024-04-23 04:00,67222.0,10129,2024-05-06 16:00,65500.0,10210,-2.562,2024-04-27 08:00,63901.4,2.502,81,9.831,2024
空181,做空,延伸组,4,2024-04-24 20:00,2024-04-19 08:00,59541.0,10106,2024-05-01 16:00,56537.7,10180,5.044,2024-04-23 20:00,65750.0,14.011,74,8.406,2024
多182,做多,延伸组,3,2024-04-18 20:00,2024-04-15 16:00,66874.9,10084,2024-04-23 04:00,67222.0,10129,0.519,2024-04-18 16:00,63049.9,6.617,45,2.153,2024
多181,做多,失败组,1,2024-04-15 12:00,2024-04-11 04:00,71412.2,10057,2024-04-15 16:00,66874.9,10084,-6.354,2024-04-15 08:00,65842.8,1.568,27,1.568,2024
多180,做多,失败组,1,2024-04-11 00:00,2024-04-08 20:00,72890.4,10043,2024-04-11 04:00,71412.2,10057,-2.028,2024-04-10 08:00,69650.0,2.53,14,2.53,2024
空180,做空,延伸组,3,2024-04-09 20:00,2024-04-03 08:00,64500.0,10010,2024-04-19 08:00,59541.0,10106,7.688,2024-04-09 16:00,69536.8,14.375,96,14.283,2024
多179,做多,延伸组,2,2024-04-04 20:00,2024-04-01 04:00,71495.5,9997,2024-04-08 20:00,72890.4,10043,1.951,2024-04-03 20:00,66940.0,8.889,46,6.425,2024
多178,做多,失败组,1,2024-04-01 00:00,2024-03-26 12:00,71649.0,9963,2024-04-01 04:00,71495.5,9997,-0.214,2024-03-31 20:00,70824.0,0.948,34,0.948,2024
空179,做空,延伸组,2,2024-03-29 20:00,2024-03-28 00:00,68364.8,9972,2024-04-03 08:00,64500.0,10010,5.653,2024-03-29 16:00,69612.8,7.345,38,7.762,2024
空178,做空,失败组,1,2024-03-27 20:00,2024-03-23 04:00,62294.0,9943,2024-03-28 00:00,68364.8,9972,-9.745,2024-03-26 20:00,69320.0,1.378,29,1.378,2024
多177,做多,延伸组,2,2024-03-23 20:00,2024-03-21 08:00,68293.9,9932,2024-03-26 12:00,71649.0,9963,4.913,2024-03-23 12:00,64887.6,10.42,31,8.351,2024
空177,做空,失败组,1,2024-03-22 16:00,2024-03-20 12:00,60800.0,9927,2024-03-23 04:00,62294.0,9943,-2.457,2024-03-22 04:00,64550.1,3.495,16,3.495,2024
多176,做多,失败组,1,2024-03-21 00:00,2024-03-18 04:00,68972.4,9913,2024-03-21 08:00,68293.9,9932,-0.984,2024-03-20 00:00,65802.8,3.786,19,3.786,2024
多175,做多,失败组,1,2024-03-18 00:00,2024-03-14 12:00,73881.4,9891,2024-03-18 04:00,68972.4,9913,-6.644,2024-03-17 00:00,68477.0,0.723,22,0.723,2024
空176,做空,失败组,1,2024-03-14 20:00,2024-03-06 00:00,59112.0,9840,2024-03-20 12:00,60800.0,9927,-2.856,2024-03-13 20:00,71671.1,15.168,87,15.168,2024
空175,做空,失败组,1,2024-03-06 00:00,2024-02-26 16:00,50922.5,9790,2024-03-06 00:00,59112.0,9840,-16.082,2024-03-05 12:00,65021.1,9.088,50,9.088,2024
空174,做空,失败组,1,2024-02-26 16:00,2024-02-24 04:00,50512.7,9775,2024-02-26 16:00,50922.5,9790,-0.811,2024-02-26 00:00,51300.4,0.737,15,0.737,2024
多174,做多,延伸组,4,2024-02-25 00:00,2024-02-19 12:00,52532.9,9747,2024-03-14 12:00,73881.4,9891,40.638,2024-02-24 00:00,51228.6,44.219,144,23.535,2024
空173,做空,延伸组,2,2024-02-20 08:00,2024-02-17 20:00,50647.5,9737,2024-02-24 04:00,50512.7,9775,0.266,2024-02-20 00:00,51688.8,2.275,38,0.892,2024
多173,做多,失败组,1,2024-02-19 04:00,2024-02-15 20:00,52859.0,9725,2024-02-19 12:00,52532.9,9747,-0.617,2024-02-18 04:00,52109.0,0.813,22,0.813,2024
空172,做空,失败组,1,2024-02-17 20:00,2024-02-05 04:00,42176.7,9661,2024-02-17 20:00,50647.5,9737,-20.084,2024-02-17 16:00,51521.4,1.696,76,1.696,2024
多172,做多,延伸组,3,2024-02-05 16:00,2024-01-30 20:00,43888.0,9629,2024-02-15 20:00,52859.0,9725,20.441,2024-02-05 12:00,43168.4,22.448,96,16.252,2024
空171,做空,失败组,2,2024-02-04 12:00,2024-02-01 08:00,41866.8,9638,2024-02-05 04:00,42176.7,9661,-0.74,2024-02-03 20:00,42858.3,1.59,23,1.231,2024
空170,做空,失败组,3,2024-01-31 04:00,2024-01-23 20:00,38545.0,9587,2024-02-01 08:00,41866.8,9638,-8.618,2024-01-30 04:00,42966.5,2.559,51,0.925,2024
多171,做多,失败组,2,2024-01-26 16:00,2024-01-10 04:00,48100.0,9505,2024-01-30 20:00,43888.0,9629,-8.757,2024-01-25 16:00,40300.0,8.903,124,6.293,2024
空169,做空,延伸组,3,2024-01-08 08:00,2024-01-03 20:00,40333.0,9467,2024-01-23 20:00,38545.0,9587,4.433,2024-01-08 04:00,43557.5,11.508,120,9.132,2024
多170,做多,延伸组,2,2024-01-04 20:00,2024-01-02 16:00,45950.0,9460,2024-01-10 04:00,48100.0,9505,4.679,2024-01-03 20:00,43738.8,9.971,45,8.122,2024
多169,做多,延伸组,2,2023-12-27 16:00,2023-12-22 12:00,44484.0,9393,2024-01-02 16:00,45950.0,9460,3.296,2023-12-26 20:00,42870.0,7.185,67,7.141,2023
空168,做空,延伸组,4,2023-12-25 04:00,2023-12-18 16:00,40553.8,9370,2024-01-03 20:00,40333.0,9467,0.544,2023-12-24 16:00,43421.0,7.112,97,9.563,2023
空167,做空,失败组,1,2023-12-18 04:00,2023-12-12 00:00,40228.3,9330,2023-12-18 16:00,40553.8,9370,-0.809,2023-12-17 20:00,41496.0,2.271,40,2.271,2023
多168,做多,失败组,2,2023-12-14 00:00,2023-12-09 04:00,44779.3,9313,2023-12-22 12:00,44484.0,9393,-0.659,2023-12-13 20:00,41979.0,5.967,80,5.345,2023
空166,做空,延伸组,2,2023-12-10 04:00,2023-12-07 16:00,42815.0,9304,2023-12-12 00:00,40228.3,9330,6.042,2023-12-09 16:00,43749.1,8.048,26,7.633,2023
空165,做空,失败组,1,2023-12-07 16:00,2023-11-28 00:00,36700.0,9246,2023-12-07 16:00,42815.0,9304,-16.662,2023-12-06 16:00,43377.0,1.296,58,1.296,2023
空164,做空,失败组,2,2023-11-26 20:00,2023-11-22 08:00,35610.7,9212,2023-11-28 00:00,36700.0,9246,-3.059,2023-11-25 20:00,37607.6,2.413,34,1.281,2023
空163,做空,失败组,1,2023-11-22 04:00,2023-11-17 00:00,35486.1,9180,2023-11-22 08:00,35610.7,9212,-0.351,2023-11-21 20:00,36212.2,1.661,32,1.661,2023
多167,做多,延伸组,5,2023-11-20 00:00,2023-11-16 04:00,38000.0,9175,2023-12-09 04:00,44779.3,9313,17.84,2023-11-19 00:00,36900.0,21.353,138,16.774,2023
空162,做空,失败组,1,2023-11-17 00:00,2023-11-15 00:00,34446.3,9168,2023-11-17 00:00,35486.1,9180,-3.019,2023-11-16 20:00,36251.0,2.11,12,2.11,2023
多166,做多,失败组,1,2023-11-16 00:00,2023-11-09 20:00,38499.9,9137,2023-11-16 04:00,38000.0,9175,-1.298,2023-11-15 00:00,36449.0,4.255,38,4.255,2023
空161,做空,延伸组,2,2023-11-14 04:00,2023-11-07 20:00,34520.3,9125,2023-11-15 00:00,34446.3,9168,0.214,2023-11-13 20:00,36546.5,5.747,43,4.898,2023
空160,做空,失败组,1,2023-11-07 16:00,2023-11-03 16:00,34123.0,9100,2023-11-07 20:00,34520.3,9125,-1.164,2023-11-07 08:00,34808.0,0.827,25,0.827,2023
多165,做多,延伸组,2,2023-11-05 08:00,2023-11-02 08:00,35999.9,9092,2023-11-09 20:00,38499.9,9137,6.944,2023-11-05 04:00,35270.0,9.158,45,9.459,2023
空159,做空,失败组,1,2023-11-03 16:00,2023-10-28 00:00,33350.0,9060,2023-11-03 16:00,34123.0,9100,-2.318,2023-11-03 00:00,34300.0,0.516,40,0.516,2023
多164,做多,延伸组,3,2023-10-29 20:00,2023-10-24 04:00,35981.9,9037,2023-11-02 08:00,35999.9,9092,0.05,2023-10-29 16:00,34349.4,4.805,55,2.13,2023
空158,做空,失败组,1,2023-10-28 00:00,2023-10-12 00:00,26525.0,8964,2023-10-28 00:00,33350.0,9060,-25.73,2023-10-27 00:00,33750.0,1.185,96,1.185,2023
空157,做空,失败组,2,2023-10-08 16:00,2023-09-25 08:00,25965.0,8864,2023-10-12 00:00,26525.0,8964,-2.157,2023-10-08 00:00,27831.8,4.695,100,4.142,2023
多163,做多,延伸组,3,2023-10-08 08:00,2023-10-02 20:00,28613.0,8909,2023-10-24 04:00,35981.9,9037,25.754,2023-10-07 16:00,28018.7,28.421,128,26.26,2023
多162,做多,延伸组,2,2023-09-27 16:00,2023-09-18 20:00,27397.0,8825,2023-10-02 20:00,28613.0,8909,4.438,2023-09-26 16:00,26322.4,8.702,84,6.567,2023
空156,做空,延伸组,2,2023-09-21 00:00,2023-09-15 20:00,26206.6,8807,2023-09-25 08:00,25965.0,8864,0.922,2023-09-20 12:00,26923.3,3.559,57,2.898,2023
空155,做空,失败组,1,2023-09-15 20:00,2023-09-12 04:00,24888.0,8785,2023-09-15 20:00,26206.6,8807,-5.298,2023-09-14 20:00,26326.0,0.454,22,0.454,2023
多161,做多,失败组,3,2023-09-08 04:00,2023-08-30 00:00,28168.0,8706,2023-09-18 20:00,27397.0,8825,-2.737,2023-09-08 00:00,25971.7,5.488,119,3.426,2023
空154,做空,延伸组,2,2023-09-06 20:00,2023-09-02 00:00,25312.0,8724,2023-09-12 04:00,24888.0,8785,1.675,2023-09-05 20:00,25610.0,2.819,61,2.433,2023
空153,做空,失败组,2,2023-08-28 12:00,2023-08-23 04:00,25280.0,8665,2023-09-02 00:00,25312.0,8724,-0.127,2023-08-28 08:00,25970.3,2.535,59,6.078,2023
多160,做多,延伸组,2,2023-08-27 20:00,2023-08-24 00:00,26806.0,8670,2023-08-30 00:00,28168.0,8706,5.081,2023-08-27 16:00,26087.7,7.974,36,7.329,2023
多159,做多,失败组,1,2023-08-24 00:00,2023-08-15 00:00,29686.7,8616,2023-08-24 00:00,26806.0,8670,-9.704,2023-08-23 20:00,26187.0,2.364,54,2.364,2023
空152,做空,失败组,1,2023-08-23 00:00,2023-08-18 04:00,24581.0,8635,2023-08-23 04:00,25280.0,8665,-2.844,2023-08-22 20:00,25900.0,2.394,30,2.394,2023
多158,做多,失败组,1,2023-08-14 20:00,2023-08-09 04:00,30250.0,8581,2023-08-15 00:00,29686.7,8616,-1.862,2023-08-14 16:00,29486.0,0.681,35,0.681,2023
空151,做空,延伸组,2,2023-08-10 00:00,2023-08-08 00:00,28682.3,8574,2023-08-18 04:00,24581.0,8635,14.299,2023-08-09 00:00,29516.1,16.72,61,15.914,2023
空150,做空,失败组,2,2023-08-05 00:00,2023-08-01 20:00,28550.0,8537,2023-08-08 00:00,28682.3,8574,-0.463,2023-08-04 08:00,29079.6,1.366,37,1.03,2023
多157,做多,失败组,2,2023-08-02 04:00,2023-07-24 00:00,30368.2,8484,2023-08-09 04:00,30250.0,8581,-0.389,2023-08-01 08:00,29337.3,3.111,97,3.137,2023
空149,做空,延伸组,3,2023-07-28 00:00,2023-07-24 20:00,28830.0,8489,2023-08-01 20:00,28550.0,8537,0.971,2023-07-27 00:00,29172.0,2.132,48,1.89,2023
多156,做多,失败组,1,2023-07-24 00:00,2023-07-20 16:00,30420.0,8464,2023-07-24 00:00,30368.2,8484,-0.17,2023-07-23 12:00,29974.6,1.313,20,1.313,2023
空148,做空,延伸组,2,2023-07-23 04:00,2023-07-19 00:00,29400.0,8454,2023-07-24 20:00,28830.0,8489,1.939,2023-07-23 00:00,29783.6,3.202,35,2.991,2023
多155,做多,失败组,1,2023-07-20 12:00,2023-07-16 20:00,30441.6,8441,2023-07-20 16:00,30420.0,8464,-0.071,2023-07-19 12:00,30178.5,0.8,23,0.8,2023
多154,做多,失败组,1,2023-07-16 20:00,2023-07-14 00:00,31850.0,8424,2023-07-16 20:00,30441.6,8441,-4.422,2023-07-15 20:00,30348.4,0.307,17,0.307,2023
空147,做空,延伸组,2,2023-07-13 00:00,2023-07-05 20:00,30175.8,8375,2023-07-19 00:00,29400.0,8454,2.571,2023-07-12 00:00,30383.9,3.238,79,4.235,2023
多153,做多,延伸组,2,2023-07-11 00:00,2023-07-04 00:00,31395.2,8364,2023-07-14 00:00,31850.0,8424,1.449,2023-07-10 20:00,30359.7,4.909,60,2.241,2023
空146,做空,失败组,1,2023-07-05 00:00,2023-06-30 20:00,29500.0,8345,2023-07-05 20:00,30175.8,8375,-2.291,2023-07-04 00:00,30810.2,2.059,30,2.059,2023
空145,做空,失败组,2,2023-06-28 12:00,2023-06-19 04:00,26230.9,8275,2023-06-30 20:00,29500.0,8345,-12.463,2023-06-27 12:00,30222.5,2.391,70,2.389,2023
多152,做多,失败组,3,2023-06-27 16:00,2023-06-23 20:00,31500.0,8303,2023-07-04 00:00,31395.2,8364,-0.333,2023-06-26 20:00,30667.3,2.374,61,2.673,2023
空144,做空,失败组,1,2023-06-19 04:00,2023-06-15 16:00,24777.0,8254,2023-06-19 04:00,26230.9,8275,-5.868,2023-06-18 08:00,26367.8,0.519,21,0.519,2023
多151,做多,延伸组,4,2023-06-13 16:00,2023-06-07 08:00,27394.4,8204,2023-06-23 20:00,31500.0,8303,14.987,2023-06-13 08:00,26155.5,20.434,99,13.411,2023
多150,做多,失败组,2,2023-06-03 20:00,2023-05-30 16:00,28038.6,8158,2023-06-07 08:00,27394.4,8204,-2.298,2023-06-03 04:00,27290.0,0.383,46,4.803,2023
空143,做空,延伸组,4,2023-05-31 12:00,2023-05-25 08:00,25850.0,8126,2023-06-15 16:00,24777.0,8254,4.151,2023-05-31 00:00,27530.0,10.0,128,5.991,2023
多149,做多,失败组,1,2023-05-30 16:00,2023-05-29 08:00,28442.0,8150,2023-05-30 16:00,28038.6,8158,-1.418,2023-05-29 16:00,27966.7,0.257,8,0.257,2023
空142,做空,延伸组,2,2023-05-21 16:00,2023-05-19 00:00,26335.3,8088,2023-05-25 08:00,25850.0,8126,1.843,2023-05-20 16:00,26841.8,3.695,38,3.482,2023
多148,做多,延伸组,3,2023-05-21 00:00,2023-05-18 04:00,27500.0,8083,2023-05-29 08:00,28442.0,8150,3.425,2023-05-20 20:00,26969.8,5.459,67,6.748,2023
多147,做多,失败组,1,2023-05-18 00:00,2023-05-16 00:00,27650.0,8070,2023-05-18 04:00,27500.0,8083,-0.542,2023-05-17 08:00,27238.5,0.96,13,0.96,2023
空141,做空,失败组,2,2023-05-17 12:00,2023-05-13 00:00,25751.0,8052,2023-05-19 00:00,26335.3,8088,-2.269,2023-05-17 00:00,26862.0,1.961,36,1.477,2023
多146,做多,失败组,1,2023-05-14 20:00,2023-05-10 20:00,28297.0,8039,2023-05-16 00:00,27650.0,8070,-2.286,2023-05-14 00:00,27051.5,2.212,31,2.212,2023
多145,做多,失败组,1,2023-05-10 20:00,2023-05-06 08:00,29840.0,8012,2023-05-10 20:00,28297.0,8039,-5.171,2023-05-10 08:00,27848.7,1.61,27,1.61,2023
空140,做空,延伸组,3,2023-05-06 20:00,2023-05-02 04:00,27650.0,7987,2023-05-13 00:00,25751.0,8052,6.868,2023-05-05 20:00,28618.3,10.019,65,4.788,2023
多144,做多,失败组,1,2023-05-04 04:00,2023-04-30 20:00,29950.0,7979,2023-05-06 08:00,29840.0,8012,-0.367,2023-05-03 04:00,28820.0,3.539,33,3.539,2023
空139,做空,失败组,1,2023-05-01 08:00,2023-04-22 04:00,27100.0,7927,2023-05-02 04:00,27650.0,7987,-2.03,2023-04-30 08:00,29067.4,4.876,60,4.876,2023
多143,做多,失败组,1,2023-04-30 20:00,2023-04-26 20:00,30048.2,7955,2023-04-30 20:00,29950.0,7979,-0.327,2023-04-29 20:00,29385.0,1.923,24,1.923,2023
多142,做多,失败组,2,2023-04-23 04:00,2023-04-18 20:00,30480.0,7907,2023-04-26 20:00,30048.2,7955,-1.417,2023-04-23 00:00,27780.0,8.165,48,8.935,2023
多141,做多,失败组,1,2023-04-18 16:00,2023-04-14 12:00,31059.0,7881,2023-04-18 20:00,30480.0,7907,-1.864,2023-04-17 16:00,29913.6,1.893,26,1.893,2023
空138,做空,延伸组,2,2023-04-17 08:00,2023-04-03 08:00,27552.4,7814,2023-04-22 04:00,27100.0,7927,1.642,2023-04-16 08:00,30102.0,9.973,113,8.687,2023
多140,做多,延伸组,3,2023-04-08 12:00,2023-04-05 08:00,28800.0,7826,2023-04-14 12:00,31059.0,7881,7.844,2023-04-08 08:00,28069.9,10.649,55,8.854,2023
多139,做多,失败组,1,2023-04-05 08:00,2023-03-30 08:00,29184.8,7790,2023-04-05 08:00,28800.0,7826,-1.318,2023-04-04 16:00,28450.0,1.23,36,1.23,2023
空137,做空,失败组,1,2023-04-02 20:00,2023-03-31 12:00,27500.0,7797,2023-04-03 08:00,27552.4,7814,-0.191,2023-04-01 20:00,28180.0,2.227,17,2.227,2023
空136,做空,失败组,1,2023-03-31 00:00,2023-03-27 20:00,26480.0,7775,2023-03-31 12:00,27500.0,7797,-3.852,2023-03-30 08:00,28066.0,2.017,22,2.017,2023
多138,做多,延伸组,2,2023-03-29 00:00,2023-03-26 20:00,28186.9,7769,2023-03-30 08:00,29184.8,7790,3.54,2023-03-28 00:00,27300.0,6.904,21,6.127,2023
多137,做多,失败组,1,2023-03-26 16:00,2023-03-23 00:00,28881.0,7746,2023-03-26 20:00,28186.9,7769,-2.403,2023-03-25 20:00,27788.0,1.436,23,1.436,2023
空135,做空,失败组,2,2023-03-23 00:00,2023-03-10 16:00,19521.6,7672,2023-03-27 20:00,26480.0,7775,-35.645,2023-03-22 04:00,27902.0,5.096,103,4.702,2023
多136,做多,延伸组,4,2023-03-11 08:00,2023-03-01 16:00,24022.7,7618,2023-03-23 00:00,28881.0,7746,20.224,2023-03-10 08:00,20351.8,41.909,128,29.024,2023
多135,做多,失败组,2,2023-02-26 16:00,2023-02-20 00:00,25200.0,7560,2023-03-01 16:00,24022.7,7618,-4.672,2023-02-26 08:00,23243.2,3.354,58,2.774,2023
空134,做空,延伸组,5,2023-02-20 00:00,2023-02-14 00:00,21338.0,7524,2023-03-10 16:00,19521.6,7672,8.513,2023-02-19 04:00,24516.7,20.374,148,10.451,2023
多134,做多,失败组,1,2023-02-19 20:00,2023-02-17 00:00,25290.0,7542,2023-02-20 00:00,25200.0,7560,-0.356,2023-02-19 00:00,24887.5,1.256,18,1.256,2023
多133,做多,延伸组,2,2023-02-12 04:00,2023-02-02 08:00,24281.4,7454,2023-02-17 00:00,25290.0,7542,4.154,2023-02-11 04:00,21785.4,16.087,88,15.585,2023
空133,做空,延伸组,3,2023-02-05 20:00,2023-01-31 04:00,22484.2,7441,2023-02-14 00:00,21338.0,7524,5.098,2023-02-05 08:00,23211.0,8.069,83,5.55,2023
空132,做空,失败组,2,2023-01-27 08:00,2023-01-25 08:00,22310.5,7406,2023-01-31 04:00,22484.2,7441,-0.779,2023-01-26 16:00,22843.8,1.574,35,2.88,2023
空131,做空,失败组,1,2023-01-25 04:00,2023-01-06 20:00,16664.8,7295,2023-01-25 08:00,22310.5,7406,-33.878,2023-01-24 20:00,22677.9,1.62,111,1.62,2023
空130,做空,失败组,1,2023-01-06 16:00,2022-12-30 20:00,16320.0,7253,2023-01-06 20:00,16664.8,7295,-2.113,2023-01-05 20:00,16740.4,0.452,42,0.452,2023
多132,做多,延伸组,6,2023-01-02 08:00,2022-12-27 08:00,16968.0,7232,2023-02-02 08:00,24281.4,7454,43.101,2023-01-02 04:00,16618.8,46.108,222,28.481,2023
多131,做多,失败组,1,2022-12-26 08:00,2022-12-20 20:00,17049.6,7193,2022-12-27 08:00,16968.0,7232,-0.479,2022-12-25 20:00,16850.0,0.7,39,0.7,2022
空129,做空,延伸组,3,2022-12-25 20:00,2022-12-23 00:00,16556.1,7206,2022-12-30 20:00,16320.0,7253,1.426,2022-12-25 12:00,16788.0,2.788,47,1.6,2022
空128,做空,失败组,1,2022-12-22 20:00,2022-12-20 04:00,16210.0,7189,2022-12-23 00:00,16556.1,7206,-2.135,2022-12-21 20:00,16694.2,0.827,17,0.827,2022
多130,做多,失败组,1,2022-12-20 20:00,2022-12-15 00:00,18400.0,7158,2022-12-20 20:00,17049.6,7193,-7.339,2022-12-20 08:00,16880.2,1.004,35,1.004,2022
空127,做空,延伸组,2,2022-12-12 04:00,2022-12-07 16:00,16655.0,7114,2022-12-20 04:00,16210.0,7189,2.672,2022-12-11 04:00,17081.0,5.099,75,7.688,2022
多129,做多,延伸组,2,2022-12-08 20:00,2022-12-05 12:00,17430.0,7101,2022-12-15 00:00,18400.0,7158,5.565,2022-12-07 20:00,16886.5,8.963,57,7.166,2022
空126,做空,失败组,2,2022-12-04 04:00,2022-11-29 00:00,15984.1,7062,2022-12-07 16:00,16655.0,7114,-4.197,2022-12-03 16:00,16881.4,1.341,52,1.828,2022
空125,做空,失败组,1,2022-11-28 08:00,2022-11-22 04:00,15443.2,7021,2022-11-29 00:00,15984.1,7062,-3.503,2022-11-28 04:00,16396.0,2.512,41,2.512,2022
多128,做多,延伸组,3,2022-11-23 08:00,2022-11-18 08:00,16984.4,6998,2022-12-05 12:00,17430.0,7101,2.624,2022-11-22 20:00,16309.0,6.874,103,5.845,2022
多127,做多,失败组,1,2022-11-18 08:00,2022-11-05 08:00,21473.7,6920,2022-11-18 08:00,16984.4,6998,-20.906,2022-11-17 08:00,16741.7,1.45,78,1.45,2022
空124,做空,延伸组,2,2022-11-16 20:00,2022-11-14 12:00,15805.5,6975,2022-11-22 04:00,15443.2,7021,2.292,2022-11-16 00:00,16606.0,7.002,46,6.823,2022
空123,做空,失败组,1,2022-11-14 04:00,2022-11-10 04:00,15462.6,6949,2022-11-14 12:00,15805.5,6975,-2.218,2022-11-13 16:00,16413.8,3.706,26,3.706,2022
空122,做空,延伸组,3,2022-10-31 20:00,2022-10-28 20:00,19951.0,6875,2022-11-10 04:00,15462.6,6949,22.497,2022-10-31 08:00,20416.0,24.262,74,26.835,2022
空121,做空,失败组,1,2022-10-28 04:00,2022-10-21 20:00,18600.0,6833,2022-10-28 20:00,19951.0,6875,-7.263,2022-10-27 20:00,20420.0,2.297,42,2.297,2022
多126,做多,延伸组,4,2022-10-24 00:00,2022-10-18 12:00,19706.4,6813,2022-11-05 08:00,21473.7,6920,8.968,2022-10-23 00:00,19236.8,11.628,107,8.18,2022
空120,做空,失败组,1,2022-10-18 20:00,2022-10-13 20:00,17917.8,6785,2022-10-21 20:00,18600.0,6833,-3.807,2022-10-17 20:00,19414.5,4.195,48,4.195,2022
多125,做多,失败组,1,2022-10-17 00:00,2022-10-14 08:00,19947.9,6788,2022-10-18 12:00,19706.4,6813,-1.211,2022-10-16 16:00,19188.0,2.702,25,2.702,2022
多124,做多,失败组,1,2022-10-14 00:00,2022-10-05 04:00,20500.0,6733,2022-10-14 08:00,19947.9,6788,-2.693,2022-10-13 04:00,19240.0,3.679,55,3.679,2022
空119,做空,延伸组,3,2022-10-07 20:00,2022-09-28 08:00,18460.0,6692,2022-10-13 20:00,17917.8,6785,2.937,2022-10-07 12:00,19800.0,9.506,93,5.319,2022
多123,做多,延伸组,2,2022-09-30 20:00,2022-09-27 20:00,20375.0,6689,2022-10-05 04:00,20500.0,6733,0.613,2022-09-30 08:00,19698.6,4.068,44,5.183,2022
多122,做多,失败组,1,2022-09-27 08:00,2022-09-13 20:00,22850.0,6605,2022-09-27 20:00,20375.0,6689,-10.832,2022-09-26 16:00,19311.5,5.507,84,5.507,2022
空118,做空,失败组,2,2022-09-23 20:00,2022-09-19 12:00,18215.0,6639,2022-09-28 08:00,18460.0,6692,-1.345,2022-09-23 00:00,18767.6,1.639,53,1.816,2022
空117,做空,延伸组,2,2022-09-13 20:00,2022-09-07 08:00,18500.0,6566,2022-09-19 12:00,18215.0,6639,1.541,2022-09-12 20:00,22003.9,17.219,73,12.288,2022
多121,做多,延伸组,2,2022-09-05 04:00,2022-09-02 20:00,20434.3,6539,2022-09-13 20:00,22850.0,6605,11.822,2022-09-05 00:00,19947.6,14.55,66,19.085,2022
空116,做空,延伸组,2,2022-09-04 12:00,2022-09-02 00:00,19555.0,6534,2022-09-07 08:00,18500.0,6566,5.395,2022-09-04 00:00,19628.7,5.75,32,5.854,2022
多120,做多,失败组,1,2022-09-02 20:00,2022-08-30 12:00,20574.0,6519,2022-09-02 20:00,20434.3,6539,-0.679,2022-09-02 12:00,20290.0,0.711,20,0.711,2022
空115,做空,失败组,1,2022-09-01 20:00,2022-08-31 00:00,19524.4,6522,2022-09-02 00:00,19555.0,6534,-0.157,2022-09-01 12:00,19790.4,1.189,12,1.189,2022
空114,做空,失败组,1,2022-08-30 20:00,2022-08-29 04:00,19508.0,6511,2022-08-31 00:00,19524.4,6522,-0.084,2022-08-29 20:00,19795.1,1.368,11,1.368,2022
多119,做多,失败组,1,2022-08-29 20:00,2022-08-25 00:00,21925.6,6486,2022-08-30 12:00,20574.0,6519,-6.164,2022-08-29 00:00,20140.0,2.155,33,2.155,2022
多118,做多,失败组,2,2022-08-21 16:00,2022-08-15 08:00,25200.0,6428,2022-08-25 00:00,21925.6,6486,-12.994,2022-08-21 00:00,21350.0,2.696,58,2.129,2022
空113,做空,延伸组,4,2022-08-15 00:00,2022-08-12 16:00,23560.0,6412,2022-08-29 04:00,19508.0,6511,17.199,2022-08-14 04:00,24309.7,19.752,99,12.292,2022
空112,做空,失败组,1,2022-08-12 16:00,2022-08-10 08:00,22608.0,6398,2022-08-12 16:00,23560.0,6412,-4.211,2022-08-12 08:00,23750.0,0.8,14,0.8,2022
空111,做空,失败组,1,2022-08-09 16:00,2022-08-05 00:00,22370.0,6366,2022-08-10 08:00,22608.0,6398,-1.064,2022-08-09 08:00,23617.6,4.275,32,4.275,2022
多117,做多,延伸组,3,2022-08-08 12:00,2022-07-30 20:00,24700.0,6335,2022-08-15 08:00,25200.0,6428,2.024,2022-08-08 04:00,23400.0,7.692,93,7.07,2022
空110,做空,失败组,2,2022-08-01 04:00,2022-07-26 20:00,20689.6,6311,2022-08-05 00:00,22370.0,6366,-8.122,2022-08-01 00:00,23340.0,4.156,55,3.158,2022
多116,做多,延伸组,2,2022-07-24 20:00,2022-07-22 20:00,23750.0,6287,2022-07-30 20:00,24700.0,6335,4.0,2022-07-24 12:00,22828.8,8.197,48,15.995,2022
空109,做空,延伸组,3,2022-07-23 00:00,2022-07-21 20:00,22340.2,6281,2022-07-26 20:00,20689.6,6311,7.388,2022-07-22 00:00,22625.3,8.555,30,7.04,2022
多115,做多,失败组,1,2022-07-22 16:00,2022-07-20 20:00,24277.0,6275,2022-07-22 20:00,23750.0,6287,-2.171,2022-07-22 08:00,23342.2,1.747,12,1.747,2022
空108,做空,失败组,2,2022-07-21 08:00,2022-07-18 04:00,20742.0,6259,2022-07-21 20:00,22340.2,6281,-7.705,2022-07-21 04:00,22912.4,2.497,22,1.307,2022
空107,做空,失败组,1,2022-07-18 04:00,2022-07-13 04:00,19228.3,6229,2022-07-18 04:00,20742.0,6259,-7.872,2022-07-18 00:00,20810.4,0.329,30,0.329,2022
空106,做空,失败组,1,2022-07-10 08:00,2022-07-01 04:00,18563.0,6157,2022-07-13 04:00,19228.3,6229,-3.584,2022-07-09 16:00,21309.6,9.767,72,9.767,2022
多114,做多,延伸组,4,2022-07-04 00:00,2022-06-26 20:00,21888.0,6131,2022-07-20 20:00,24277.0,6275,10.915,2022-07-03 00:00,19400.0,25.139,144,20.481,2022
空105,做空,延伸组,3,2022-06-27 04:00,2022-06-22 12:00,19920.0,6105,2022-07-01 04:00,18563.0,6157,6.812,2022-06-27 00:00,21116.5,12.092,52,9.449,2022
空104,做空,失败组,1,2022-06-22 08:00,2022-06-19 04:00,17593.2,6085,2022-06-22 12:00,19920.0,6105,-13.226,2022-06-21 08:00,20337.8,2.054,20,2.054,2022
多113,做多,失败组,2,2022-06-19 16:00,2022-06-16 08:00,23000.0,6068,2022-06-26 20:00,21888.0,6131,-4.835,2022-06-18 16:00,19529.5,12.077,63,11.319,2022
多112,做多,失败组,1,2022-06-16 04:00,2022-06-06 20:00,31780.0,6011,2022-06-16 08:00,23000.0,6068,-27.627,2022-06-16 00:00,22440.0,2.496,57,2.496,2022
多111,做多,延伸组,2,2022-06-06 00:00,2022-06-03 04:00,30750.0,5989,2022-06-06 20:00,31780.0,6011,3.35,2022-06-05 20:00,29975.0,6.022,22,5.058,2022
多110,做多,失败组,1,2022-06-03 04:00,2022-06-01 00:00,32427.5,5976,2022-06-03 04:00,30750.0,5989,-5.173,2022-06-03 00:00,30399.8,1.152,13,1.152,2022
空103,做空,延伸组,5,2022-06-01 20:00,2022-05-26 20:00,27952.1,5945,2022-06-19 04:00,17593.2,6085,37.059,2022-05-31 20:00,31222.0,43.651,140,31.796,2022
多109,做多,延伸组,2,2022-05-25 08:00,2022-05-23 12:00,30658.0,5925,2022-06-01 00:00,32427.5,5976,5.772,2022-05-25 04:00,29887.3,8.499,51,9.57,2022
多108,做多,失败组,1,2022-05-22 16:00,2022-05-20 08:00,30784.4,5906,2022-05-23 12:00,30658.0,5925,-0.411,2022-05-21 20:00,29650.0,3.4,19,3.4,2022
空102,做空,延伸组,3,2022-05-20 20:00,2022-05-19 04:00,28629.6,5899,2022-05-26 20:00,27952.1,5945,2.366,2022-05-19 20:00,29345.0,4.747,46,4.698,2022
多107,做多,失败组,1,2022-05-19 20:00,2022-05-16 04:00,31462.0,5881,2022-05-20 08:00,30784.4,5906,-2.154,2022-05-18 20:00,29890.0,2.992,25,2.992,2022
空101,做空,失败组,1,2022-05-18 20:00,2022-05-15 00:00,28602.3,5874,2022-05-19 04:00,28629.6,5899,-0.095,2022-05-18 00:00,29420.0,2.687,25,2.687,2022
多106,做多,失败组,2,2022-05-13 08:00,2022-05-05 00:00,40071.7,5814,2022-05-16 04:00,31462.0,5881,-21.486,2022-05-12 08:00,30257.0,3.983,67,2.968,2022
空100,做空,延伸组,3,2022-05-04 00:00,2022-05-01 08:00,37350.0,5792,2022-05-15 00:00,28602.3,5874,23.421,2022-05-03 00:00,38032.2,24.795,82,23.053,2022
多105,做多,失败组,2,2022-05-02 12:00,2022-04-26 08:00,40800.0,5762,2022-05-05 00:00,40071.7,5814,-1.785,2022-05-02 08:00,38809.0,3.254,52,3.652,2022
多104,做多,失败组,1,2022-04-26 00:00,2022-04-21 20:00,42966.0,5735,2022-04-26 08:00,40800.0,5762,-5.041,2022-04-25 00:00,39786.0,2.549,27,2.549,2022
空099,做空,延伸组,5,2022-04-15 00:00,2022-04-12 04:00,39136.7,5677,2022-05-01 08:00,37350.0,5792,4.565,2022-04-14 20:00,39908.0,6.41,115,7.314,2022
多103,做多,失败组,3,2022-04-13 20:00,2022-04-11 04:00,43399.4,5671,2022-04-21 20:00,42966.0,5735,-0.999,2022-04-12 20:00,40700.0,5.568,64,4.214,2022
多102,做多,失败组,1,2022-04-11 00:00,2022-03-29 00:00,48200.0,5592,2022-04-11 04:00,43399.4,5671,-9.96,2022-04-10 08:00,42888.2,1.192,79,1.192,2022
空098,做空,延伸组,4,2022-04-04 20:00,2022-04-01 08:00,44206.2,5612,2022-04-12 04:00,39136.7,5677,11.468,2022-04-04 08:00,45735.0,14.427,65,7.62,2022
空097,做空,失败组,1,2022-03-31 20:00,2022-03-21 08:00,40430.0,5546,2022-04-01 08:00,44206.2,5612,-9.34,2022-03-31 00:00,46819.9,5.582,66,5.582,2022
空096,做空,失败组,1,2022-03-20 20:00,2022-03-14 04:00,37500.0,5503,2022-03-21 08:00,40430.0,5546,-7.813,2022-03-20 16:00,41555.0,2.707,43,2.707,2022
多101,做多,延伸组,3,2022-03-15 04:00,2022-03-09 20:00,42647.5,5477,2022-03-29 00:00,48200.0,5592,13.02,2022-03-14 16:00,39287.4,22.686,115,16.02,2022
空095,做空,失败组,1,2022-03-10 12:00,2022-03-08 04:00,37134.0,5467,2022-03-14 04:00,37500.0,5503,-0.986,2022-03-10 08:00,40500.0,7.407,36,7.407,2022
多100,做多,失败组,1,2022-03-09 08:00,2022-03-02 20:00,45350.0,5435,2022-03-09 20:00,42647.5,5477,-5.959,2022-03-09 00:00,39340.5,8.406,42,8.406,2022
空094,做空,失败组,2,2022-03-03 08:00,2022-02-28 04:00,36934.6,5419,2022-03-08 04:00,37134.0,5467,-0.54,2022-03-02 20:00,43321.0,14.282,48,13.368,2022
空093,做空,失败组,1,2022-02-28 00:00,2022-02-24 12:00,34303.7,5397,2022-02-28 04:00,36934.6,5419,-7.669,2022-02-27 08:00,38162.0,3.216,22,3.216,2022
多099,做多,延伸组,3,2022-02-23 16:00,2022-02-16 04:00,44777.0,5347,2022-03-02 20:00,45350.0,5435,1.28,2022-02-23 04:00,38450.0,17.945,88,13.749,2022
空092,做空,延伸组,5,2022-02-16 20:00,2022-02-03 20:00,36204.3,5273,2022-02-24 12:00,34303.7,5397,5.25,2022-02-16 12:00,43650.4,21.413,124,12.415,2022
多098,做多,失败组,1,2022-02-15 08:00,2022-02-10 04:00,44826.0,5311,2022-02-16 04:00,44777.0,5347,-0.109,2022-02-15 00:00,42888.0,4.404,36,4.404,2022
多097,做多,失败组,1,2022-02-10 00:00,2022-02-08 12:00,45600.0,5301,2022-02-10 04:00,44826.0,5311,-1.697,2022-02-09 20:00,44436.44,0.877,10,0.877,2022
空091,做空,失败组,2,2022-01-31 08:00,2022-01-27 08:00,35471.53,5228,2022-02-03 20:00,36204.3,5273,-2.066,2022-01-31 04:00,37334.83,3.028,45,5.152,2022
多096,做多,延伸组,4,2022-01-28 08:00,2022-01-27 00:00,38886.58,5226,2022-02-08 12:00,45600.0,5301,17.264,2022-01-28 04:00,37200.0,22.581,75,21.809,2022
空090,做空,失败组,1,2022-01-27 08:00,2022-01-24 20:00,32853.83,5213,2022-01-27 08:00,35471.53,5228,-7.968,2022-01-27 04:00,36232.42,2.1,15,2.1,2022
多095,做多,失败组,2,2022-01-24 04:00,2022-01-21 00:00,43495.0,5190,2022-01-27 00:00,38886.58,5226,-10.595,2022-01-23 16:00,36118.05,7.665,36,6.548,2022
多094,做多,失败组,1,2022-01-20 20:00,2022-01-16 04:00,43800.0,5161,2022-01-21 00:00,43495.0,5190,-0.696,2022-01-19 20:00,42545.0,2.233,29,2.233,2022
多093,做多,失败组,1,2022-01-16 00:00,2022-01-13 20:00,44396.68,5147,2022-01-16 04:00,43800.0,5161,-1.344,2022-01-15 04:00,43450.0,0.806,14,0.806,2022
空089,做空,延伸组,4,2022-01-14 00:00,2022-01-10 20:00,39610.0,5129,2022-01-24 20:00,32853.83,5213,17.057,2022-01-13 20:00,42847.86,23.324,84,18.305,2022
多092,做多,延伸组,2,2022-01-11 08:00,2022-01-10 04:00,42773.85,5125,2022-01-13 20:00,44396.68,5147,3.794,2022-01-10 12:00,42219.84,5.156,22,3.978,2022
多091,做多,失败组,1,2022-01-10 00:00,2021-12-31 16:00,48575.0,5068,2022-01-10 04:00,42773.85,5125,-11.943,2022-01-09 04:00,42335.0,1.037,57,1.037,2022
多090,做多,失败组,1,2021-12-31 16:00,2021-12-28 00:00,52134.0,5046,2021-12-31 16:00,48575.0,5068,-6.827,2021-12-31 00:00,47911.68,1.384,22,1.384,2021
空088,做空,延伸组,5,2021-12-26 08:00,2021-12-17 20:00,45373.11,4985,2022-01-10 20:00,39610.0,5129,12.702,2021-12-26 00:00,50105.0,20.946,144,13.109,2021
多089,做多,延伸组,4,2021-12-19 08:00,2021-12-15 08:00,48784.23,4970,2021-12-28 00:00,52134.0,5046,6.867,2021-12-18 16:00,47336.99,10.134,76,5.188,2021
多088,做多,失败组,1,2021-12-15 04:00,2021-12-13 00:00,50768.0,4956,2021-12-15 08:00,48784.23,4970,-3.908,2021-12-14 20:00,47958.62,1.722,14,1.722,2021
多087,做多,失败组,1,2021-12-12 04:00,2021-12-07 20:00,51929.0,4925,2021-12-13 00:00,50768.0,4956,-2.236,2021-12-12 00:00,49285.51,3.008,31,3.008,2021
空087,做空,失败组,4,2021-12-08 16:00,2021-12-04 12:00,40888.89,4905,2021-12-17 20:00,45373.11,4985,-10.967,2021-12-08 04:00,50012.0,9.276,80,5.155,2021
多086,做多,失败组,1,2021-12-07 04:00,2021-11-30 00:00,58924.21,4878,2021-12-07 20:00,51929.0,4925,-11.872,2021-12-06 04:00,49517.0,4.871,47,4.871,2021
空086,做空,延伸组,3,2021-11-30 12:00,2021-11-29 00:00,53245.0,4872,2021-12-04 12:00,40888.89,4905,23.206,2021-11-29 16:00,56715.0,27.905,33,27.036,2021
多085,做多,失败组,1,2021-11-29 04:00,2021-11-26 00:00,59449.62,4854,2021-11-30 00:00,58924.21,4878,-0.884,2021-11-28 04:00,55088.0,6.964,24,6.964,2021
多084,做多,失败组,1,2021-11-25 08:00,2021-11-22 00:00,60052.82,4830,2021-11-26 00:00,59449.62,4854,-1.004,2021-11-24 08:00,57775.27,2.898,24,2.898,2021
多083,做多,失败组,2,2021-11-20 08:00,2021-11-15 16:00,66395.05,4792,2021-11-22 00:00,60052.82,4830,-9.552,2021-11-20 00:00,58333.0,2.948,38,1.819,2021
多082,做多,失败组,2,2021-11-13 20:00,2021-11-10 20:00,69198.7,4763,2021-11-15 16:00,66395.05,4792,-4.052,2021-11-13 04:00,64577.63,2.814,29,1.521,2021
空085,做空,延伸组,5,2021-11-11 04:00,2021-11-06 20:00,60100.0,4739,2021-11-29 00:00,53245.0,4872,11.406,2021-11-10 20:00,65850.0,19.142,133,8.371,2021
空084,做空,失败组,2,2021-11-03 20:00,2021-11-01 12:00,59400.0,4707,2021-11-06 20:00,60100.0,4739,-1.178,2021-11-03 04:00,62651.35,4.072,32,3.753,2021
空083,做空,失败组,2,2021-10-31 16:00,2021-10-27 16:00,57865.0,4678,2021-11-01 12:00,59400.0,4707,-2.653,2021-10-30 20:00,60631.23,2.031,29,1.028,2021
多081,做多,延伸组,4,2021-10-28 16:00,2021-10-26 00:00,63795.98,4668,2021-11-10 20:00,69198.7,4763,8.469,2021-10-27 16:00,60018.86,15.295,95,11.403,2021
多080,做多,失败组,1,2021-10-25 08:00,2021-10-20 20:00,67150.0,4637,2021-10-26 00:00,63795.98,4668,-4.995,2021-10-24 08:00,61550.0,3.649,31,3.649,2021
空082,做空,失败组,2,2021-10-21 20:00,2021-10-13 04:00,53750.0,4591,2021-10-27 16:00,57865.0,4678,-7.656,2021-10-20 20:00,63828.0,9.342,87,6.774,2021
空081,做空,失败组,1,2021-10-13 00:00,2021-09-29 08:00,40708.73,4508,2021-10-13 04:00,53750.0,4591,-32.036,2021-10-12 20:00,56060.0,4.121,83,4.121,2021
多079,做多,延伸组,4,2021-10-08 16:00,2021-10-06 20:00,56416.02,4553,2021-10-20 20:00,67150.0,4637,19.026,2021-10-08 12:00,55046.88,21.987,84,13.022,2021
空080,做空,失败组,1,2021-09-28 04:00,2021-09-24 16:00,40650.0,4480,2021-09-29 08:00,40708.73,4508,-0.144,2021-09-27 04:00,42650.0,4.552,28,4.552,2021
多078,做多,延伸组,3,2021-09-26 16:00,2021-09-24 12:00,45134.33,4479,2021-10-06 20:00,56416.02,4553,24.996,2021-09-25 16:00,42950.0,31.353,74,15.8,2021
空079,做空,失败组,1,2021-09-24 16:00,2021-09-22 04:00,39503.58,4465,2021-09-24 16:00,40650.0,4480,-2.902,2021-09-23 16:00,43351.0,6.231,15,6.231,2021
多077,做多,失败组,1,2021-09-23 00:00,2021-09-18 16:00,48850.0,4444,2021-09-24 12:00,45134.33,4479,-7.606,2021-09-22 20:00,43290.0,4.26,35,4.26,2021
多076,做多,延伸组,3,2021-09-12 16:00,2021-09-10 00:00,47400.0,4392,2021-09-18 16:00,48850.0,4444,3.059,2021-09-12 00:00,45999.0,6.198,52,3.176,2021
空078,做空,延伸组,2,2021-09-10 20:00,2021-09-07 20:00,42088.0,4379,2021-09-22 04:00,39503.58,4465,6.141,2021-09-10 16:00,45622.0,13.411,86,16.992,2021
多075,做多,失败组,1,2021-09-09 20:00,2021-09-07 08:00,52950.0,4376,2021-09-10 00:00,47400.0,4392,-10.482,2021-09-08 20:00,46834.31,1.208,16,1.208,2021
空077,做空,延伸组,3,2021-08-29 08:00,2021-08-26 20:00,46280.0,4307,2021-09-07 20:00,42088.0,4379,9.058,2021-08-28 20:00,48395.65,13.034,72,17.539,2021
多074,做多,延伸组,2,2021-08-27 20:00,2021-08-23 16:00,50600.0,4288,2021-09-07 08:00,52950.0,4376,4.644,2021-08-27 16:00,47795.13,10.785,88,10.57,2021
空076,做空,失败组,2,2021-08-24 20:00,2021-08-19 12:00,43938.38,4263,2021-08-26 20:00,46280.0,4307,-5.329,2021-08-24 08:00,48801.01,5.166,44,3.423,2021
多073,做多,延伸组,3,2021-08-16 08:00,2021-08-14 16:00,48300.0,4234,2021-08-23 16:00,50600.0,4288,4.762,2021-08-15 08:00,47388.75,6.776,54,8.215,2021
空075,做空,失败组,2,2021-08-15 12:00,2021-08-13 00:00,43800.0,4224,2021-08-19 12:00,43938.38,4263,-0.316,2021-08-14 16:00,46000.0,4.482,39,2.877,2021
空074,做空,失败组,1,2021-08-12 12:00,2021-08-04 16:00,37500.0,4174,2021-08-13 00:00,43800.0,4224,-16.8,2021-08-12 08:00,45363.45,3.446,50,3.446,2021
多072,做多,延伸组,3,2021-08-04 20:00,2021-08-01 08:00,42614.98,4154,2021-08-14 16:00,48300.0,4234,13.34,2021-08-03 20:00,38700.0,24.806,80,17.072,2021
空073,做空,失败组,2,2021-07-30 16:00,2021-07-20 20:00,29242.24,4085,2021-08-04 16:00,37500.0,4174,-28.239,2021-07-30 00:00,39365.33,4.739,89,7.562,2021
多071,做多,失败组,2,2021-07-28 08:00,2021-07-26 08:00,48168.6,4118,2021-08-01 08:00,42614.98,4154,-11.53,2021-07-28 04:00,39546.34,7.76,36,5.483,2021
多070,做多,延伸组,2,2021-07-18 08:00,2021-07-12 12:00,34662.73,4035,2021-07-26 08:00,48168.6,4118,38.964,2021-07-17 16:00,31945.0,50.786,83,60.68,2021
多069,做多,失败组,2,2021-07-09 20:00,2021-07-06 16:00,35120.0,4000,2021-07-12 12:00,34662.73,4035,-1.302,2021-07-09 12:00,33300.0,4.092,35,2.849,2021
多068,做多,失败组,1,2021-07-06 12:00,2021-07-05 04:00,35955.55,3991,2021-07-06 16:00,35120.0,4000,-2.324,2021-07-05 16:00,34538.0,1.685,9,1.685,2021
空072,做空,延伸组,5,2021-07-05 16:00,2021-07-02 00:00,32672.04,3972,2021-07-20 20:00,29242.24,4085,10.498,2021-07-05 12:00,34000.0,13.993,113,5.898,2021
多067,做多,失败组,1,2021-07-03 12:00,2021-06-30 00:00,36623.0,3960,2021-07-05 04:00,35955.55,3991,-1.822,2021-07-03 08:00,33892.72,6.086,31,6.086,2021
空071,做空,失败组,2,2021-06-30 20:00,2021-06-26 16:00,30120.0,3940,2021-07-02 00:00,32672.04,3972,-8.473,2021-06-30 16:00,34401.0,5.026,32,4.026,2021
空070,做空,失败组,1,2021-06-25 20:00,2021-06-22 20:00,28780.01,3917,2021-06-26 16:00,30120.0,3940,-4.656,2021-06-25 16:00,33248.62,9.41,23,9.41,2021
多066,做多,失败组,3,2021-06-23 08:00,2021-06-16 00:00,41413.0,3876,2021-06-30 00:00,36623.0,3960,-11.566,2021-06-23 00:00,33274.0,10.065,84,11.927,2021
空069,做空,延伸组,2,2021-06-16 16:00,2021-06-12 16:00,34585.9,3856,2021-06-22 20:00,28780.01,3917,16.787,2021-06-16 04:00,39500.0,27.139,61,24.472,2021
空068,做空,失败组,1,2021-06-12 08:00,2021-06-08 20:00,30969.0,3833,2021-06-12 16:00,34585.9,3856,-11.679,2021-06-11 08:00,35900.0,3.66,23,3.66,2021
多065,做多,延伸组,2,2021-06-09 12:00,2021-06-03 16:00,39470.0,3802,2021-06-16 00:00,41413.0,3876,4.923,2021-06-09 04:00,33866.09,22.285,74,14.559,2021
多064,做多,失败组,2,2021-05-31 16:00,2021-05-26 16:00,40900.0,3754,2021-06-03 16:00,39470.0,3802,-3.496,2021-05-30 20:00,36501.0,8.134,48,5.113,2021
空067,做空,延伸组,3,2021-05-27 08:00,2021-05-24 00:00,31096.7,3738,2021-06-08 20:00,30969.0,3833,0.411,2021-05-26 08:00,37804.76,18.082,95,17.084,2021
多063,做多,失败组,2,2021-05-24 16:00,2021-05-20 20:00,42460.0,3719,2021-05-26 16:00,40900.0,3754,-3.674,2021-05-24 12:00,36881.39,10.896,35,8.231,2021
空066,做空,失败组,1,2021-05-21 20:00,2021-05-19 20:00,28688.0,3713,2021-05-24 00:00,31096.7,3738,-8.396,2021-05-21 00:00,38091.68,18.364,25,18.364,2021
多062,做多,失败组,1,2021-05-20 20:00,2021-05-14 20:00,51533.0,3683,2021-05-20 20:00,42460.0,3719,-17.606,2021-05-20 12:00,40800.0,4.069,36,4.069,2021
多061,做多,失败组,1,2021-05-14 20:00,2021-05-12 12:00,58049.99,3669,2021-05-14 20:00,51533.0,3683,-11.227,2021-05-14 16:00,51000.0,1.045,14,1.045,2021
多060,做多,失败组,1,2021-05-12 08:00,2021-05-10 12:00,59654.0,3657,2021-05-12 12:00,58049.99,3669,-2.689,2021-05-12 00:00,56908.66,2.006,12,2.006,2021
空065,做空,延伸组,4,2021-05-09 20:00,2021-05-07 00:00,55297.91,3636,2021-05-19 20:00,28688.0,3713,48.121,2021-05-08 20:00,57529.94,50.134,77,41.298,2021
空064,做空,失败组,1,2021-05-07 00:00,2021-05-05 08:00,52880.38,3626,2021-05-07 00:00,55297.91,3636,-4.572,2021-05-06 12:00,56423.01,1.994,10,1.994,2021
多059,做多,延伸组,2,2021-05-05 20:00,2021-05-03 16:00,59056.59,3616,2021-05-10 12:00,59654.0,3657,1.012,2021-05-04 20:00,56399.0,5.771,41,3.637,2021
空063,做空,失败组,2,2021-05-02 08:00,2021-04-30 04:00,52350.0,3595,2021-05-05 08:00,52880.38,3626,-1.013,2021-05-01 20:00,57051.23,7.311,31,6.407,2021
空062,做空,失败组,1,2021-04-30 00:00,2021-04-26 04:00,46930.43,3571,2021-04-30 04:00,52350.0,3595,-11.548,2021-04-29 20:00,53333.89,1.845,24,1.845,2021
多058,做多,延伸组,3,2021-04-26 08:00,2021-04-19 16:00,57532.7,3532,2021-05-03 16:00,59056.59,3616,2.649,2021-04-25 20:00,50577.9,16.764,84,10.192,2021
多057,做多,失败组,1,2021-04-19 12:00,2021-04-14 12:00,64986.11,3501,2021-04-19 16:00,57532.7,3532,-11.469,2021-04-19 08:00,57260.0,0.476,31,0.476,2021
空061,做空,延伸组,2,2021-04-15 00:00,2021-04-08 00:00,55536.07,3462,2021-04-26 04:00,46930.43,3571,15.496,2021-04-14 20:00,62400.0,24.791,109,24.498,2021
多056,做多,延伸组,2,2021-04-05 20:00,2021-04-02 08:00,60397.85,3428,2021-04-14 12:00,64986.11,3501,7.597,2021-04-04 20:00,58553.0,10.987,73,13.187,2021
空060,做空,失败组,2,2021-04-04 04:00,2021-03-25 20:00,50452.08,3383,2021-04-08 00:00,55536.07,3462,-10.077,2021-04-04 00:00,57800.0,3.917,79,2.986,2021
多055,做多,延伸组,3,2021-03-26 12:00,2021-03-24 20:00,57234.79,3377,2021-04-02 08:00,60397.85,3428,5.526,2021-03-25 12:00,53255.2,13.412,51,6.732,2021
多054,做多,失败组,1,2021-03-24 16:00,2021-03-19 00:00,60510.0,3342,2021-03-24 20:00,57234.79,3377,-5.413,2021-03-24 00:00,55890.68,2.405,35,2.405,2021
空059,做空,延伸组,3,2021-03-21 08:00,2021-03-16 08:00,53335.0,3326,2021-03-25 20:00,50452.08,3383,5.405,2021-03-20 08:00,57881.0,12.835,57,5.945,2021
多053,做多,失败组,1,2021-03-18 00:00,2021-03-14 04:00,61950.0,3313,2021-03-19 00:00,60510.0,3342,-2.324,2021-03-17 08:00,57238.0,5.716,29,5.716,2021
空058,做空,失败组,2,2021-03-15 04:00,2021-03-05 08:00,46320.0,3260,2021-03-16 08:00,53335.0,3326,-15.145,2021-03-15 00:00,59344.04,10.126,66,9.248,2021
空057,做空,失败组,2,2021-03-03 00:00,2021-03-01 00:00,43002.05,3234,2021-03-05 08:00,46320.0,3260,-7.716,2021-03-02 04:00,47891.0,3.28,26,4.593,2021
多052,做多,延伸组,3,2021-03-01 16:00,2021-02-22 00:00,58472.14,3192,2021-03-14 04:00,61950.0,3313,5.948,2021-03-01 08:00,46836.16,32.27,121,25.778,2021
空056,做空,延伸组,2,2021-02-22 16:00,2021-02-10 20:00,43770.0,3125,2021-03-01 00:00,43002.05,3234,1.755,2021-02-22 12:00,55200.0,22.098,109,18.671,2021
空055,做空,失败组,1,2021-02-10 20:00,2021-02-08 00:00,37403.27,3108,2021-02-10 20:00,43770.0,3125,-17.022,2021-02-09 20:00,45057.65,2.858,17,2.858,2021
空054,做空,失败组,1,2021-02-07 20:00,2021-02-01 00:00,32193.04,3066,2021-02-08 00:00,37403.27,3108,-16.184,2021-02-07 12:00,37967.03,1.485,42,1.485,2021
空053,做空,失败组,1,2021-01-31 20:00,2021-01-27 20:00,29240.0,3041,2021-02-01 00:00,32193.04,3066,-10.099,2021-01-31 16:00,33239.24,3.147,25,3.147,2021
多051,做多,延伸组,7,2021-01-28 20:00,2021-01-25 20:00,34880.0,3029,2021-02-22 00:00,58472.14,3192,67.638,2021-01-28 12:00,31908.04,83.252,163,21.977,2021
空052,做空,失败组,2,2021-01-25 00:00,2021-01-22 08:00,28880.0,3008,2021-01-27 20:00,29240.0,3041,-1.247,2021-01-24 08:00,31612.77,7.506,33,8.4,2021
多050,做多,失败组,2,2021-01-23 00:00,2021-01-14 20:00,40189.39,2963,2021-01-25 20:00,34880.0,3029,-13.211,2021-01-22 00:00,32749.0,6.507,66,5.296,2021
空051,做空,延伸组,3,2021-01-15 20:00,2021-01-12 00:00,30448.0,2946,2021-01-22 08:00,28880.0,3008,5.15,2021-01-15 12:00,37630.0,23.253,62,19.442,2021
多049,做多,失败组,2,2021-01-12 12:00,2021-01-08 20:00,42125.51,2927,2021-01-14 20:00,40189.39,2963,-4.596,2021-01-11 16:00,36399.99,10.41,36,12.94,2021
空050,做空,失败组,2,2021-01-10 16:00,2021-01-04 16:00,27800.0,2902,2021-01-12 00:00,30448.0,2946,-9.525,2021-01-09 16:00,39330.24,22.584,44,20.914,2021
空049,做空,失败组,1,2021-01-04 12:00,2020-12-21 20:00,21920.0,2819,2021-01-04 16:00,27800.0,2902,-26.825,2021-01-04 00:00,32400.0,14.198,83,14.198,2021
多048,做多,延伸组,4,2020-12-22 20:00,2020-12-21 04:00,24376.0,2815,2021-01-08 20:00,42125.51,2927,72.816,2020-12-22 00:00,23330.0,80.564,112,28.116,2020
空048,做空,失败组,1,2020-12-21 16:00,2020-12-11 16:00,17555.0,2758,2020-12-21 20:00,21920.0,2819,-24.865,2020-12-21 04:00,23076.25,5.011,61,5.011,2020
多047,做多,延伸组,3,2020-12-07 04:00,2020-12-04 00:00,19640.0,2712,2020-12-21 04:00,24376.0,2815,24.114,2020-12-06 08:00,19355.0,25.942,103,29.841,2020
空047,做空,失败组,3,2020-12-04 16:00,2020-11-27 00:00,16181.0,2670,2020-12-11 16:00,17555.0,2758,-8.491,2020-12-03 16:00,19100.0,8.089,88,7.222,2020
多046,做多,失败组,1,2020-12-03 16:00,2020-12-01 16:00,19956.0,2698,2020-12-04 00:00,19640.0,2712,-1.583,2020-12-02 16:00,19365.0,1.42,14,1.42,2020
空046,做空,失败组,2,2020-11-22 16:00,2020-11-15 00:00,15700.0,2598,2020-11-27 00:00,16181.0,2670,-3.064,2020-11-21 20:00,18302.08,11.589,72,12.578,2020
空045,做空,失败组,1,2020-11-14 16:00,2020-11-10 00:00,14822.0,2568,2020-11-15 00:00,15700.0,2598,-5.924,2020-11-14 00:00,15955.6,1.602,30,1.602,2020
空044,做空,失败组,1,2020-11-09 20:00,2020-11-08 04:00,14350.0,2557,2020-11-10 00:00,14822.0,2568,-3.289,2020-11-08 20:00,15105.0,1.874,11,1.874,2020
多045,做多,延伸组,6,2020-11-09 16:00,2020-11-06 08:00,15984.2,2546,2020-12-01 16:00,19956.0,2698,24.848,2020-11-09 00:00,15678.0,27.287,152,15.52,2020
空043,做空,失败组,1,2020-11-08 00:00,2020-11-02 20:00,13195.0,2525,2020-11-08 04:00,14350.0,2557,-8.753,2020-11-07 04:00,15177.0,5.449,32,5.449,2020
多044,做多,延伸组,2,2020-11-03 20:00,2020-10-31 16:00,14140.0,2512,2020-11-06 08:00,15984.2,2546,13.042,2020-11-03 04:00,13696.99,16.699,34,13.605,2020
空042,做空,失败组,1,2020-11-02 16:00,2020-10-28 20:00,12876.0,2495,2020-11-02 20:00,13195.0,2525,-2.477,2020-11-02 04:00,13631.0,3.199,30,3.199,2020
多043,做多,延伸组,2,2020-10-29 20:00,2020-10-28 08:00,13863.0,2492,2020-10-31 16:00,14140.0,2512,1.998,2020-10-28 20:00,13371.77,5.745,20,2.949,2020
空041,做空,失败组,1,2020-10-28 20:00,2020-10-12 16:00,11157.0,2398,2020-10-28 20:00,12876.0,2495,-15.407,2020-10-28 16:00,13301.0,3.195,97,3.195,2020
多042,做多,延伸组,4,2020-10-16 00:00,2020-10-13 04:00,11732.0,2401,2020-10-28 08:00,13863.0,2492,18.164,2020-10-15 04:00,11433.18,21.252,91,15.895,2020
空040,做空,失败组,1,2020-10-12 16:00,2020-10-07 04:00,10510.66,2365,2020-10-12 16:00,11157.0,2398,-6.149,2020-10-12 04:00,11278.0,1.073,33,1.073,2020
空039,做空,失败组,1,2020-10-07 00:00,2020-10-02 16:00,10371.03,2338,2020-10-07 04:00,10510.66,2365,-1.346,2020-10-06 20:00,10613.0,0.964,27,0.964,2020
多041,做多,延伸组,4,2020-10-04 12:00,2020-10-01 16:00,10935.14,2332,2020-10-13 04:00,11732.0,2401,7.287,2020-10-04 00:00,10596.0,10.721,69,7.672,2020
多040,做多,失败组,1,2020-10-01 16:00,2020-09-28 08:00,11024.0,2312,2020-10-01 16:00,10935.14,2332,-0.806,2020-10-01 08:00,10850.0,0.785,20,0.785,2020
空038,做空,失败组,2,2020-09-29 04:00,2020-09-24 04:00,10132.21,2287,2020-10-02 16:00,10371.03,2338,-2.357,2020-09-28 04:00,10701.51,3.088,51,2.859,2020
多039,做多,失败组,2,2020-09-24 20:00,2020-09-19 20:00,11177.0,2261,2020-09-28 08:00,11024.0,2312,-1.369,2020-09-23 20:00,10531.94,4.672,51,2.899,2020
空037,做空,失败组,2,2020-09-20 20:00,2020-09-06 00:00,9808.58,2178,2020-09-24 04:00,10132.21,2287,-3.299,2020-09-20 08:00,10890.29,6.961,109,5.756,2020
多038,做多,延伸组,4,2020-09-10 08:00,2020-09-08 08:00,10443.79,2192,2020-09-19 20:00,11177.0,2261,7.021,2020-09-10 00:00,10346.0,8.032,69,5.862,2020
多037,做多,失败组,1,2020-09-08 04:00,2020-09-02 00:00,12061.07,2154,2020-09-08 08:00,10443.79,2192,-13.409,2020-09-07 04:00,10348.97,0.916,38,0.916,2020
多036,做多,延伸组,2,2020-08-29 12:00,2020-08-24 16:00,11831.96,2104,2020-09-02 00:00,12061.07,2154,1.936,2020-08-29 00:00,11544.88,4.471,50,4.136,2020
空036,做空,延伸组,3,2020-08-28 00:00,2020-08-26 00:00,11130.0,2112,2020-09-06 00:00,9808.58,2178,11.873,2020-08-27 20:00,11257.8,12.873,66,15.783,2020
多035,做多,失败组,1,2020-08-24 12:00,2020-08-18 00:00,12499.42,2064,2020-08-24 16:00,11831.96,2104,-5.34,2020-08-24 04:00,11724.0,0.921,40,0.921,2020
空035,做空,延伸组,2,2020-08-23 16:00,2020-08-22 08:00,11385.06,2090,2020-08-26 00:00,11130.0,2112,2.24,2020-08-22 16:00,11550.0,3.636,22,4.428,2020
空034,做空,失败组,1,2020-08-22 04:00,2020-08-12 04:00,11127.0,2029,2020-08-22 08:00,11385.06,2090,-2.319,2020-08-22 00:00,11608.08,1.921,61,1.921,2020
多034,做多,延伸组,2,2020-08-14 04:00,2020-08-10 08:00,12100.0,2018,2020-08-18 00:00,12499.42,2064,3.301,2020-08-13 08:00,11667.96,7.126,46,4.624,2020
空033,做空,失败组,1,2020-08-11 20:00,2020-08-02 12:00,10490.0,1971,2020-08-12 04:00,11127.0,2029,-6.072,2020-08-11 16:00,11651.0,4.497,58,4.497,2020
多033,做多,失败组,3,2020-08-03 20:00,2020-08-02 12:00,12154.25,1971,2020-08-10 08:00,12100.0,2018,-0.446,2020-08-03 00:00,11297.98,7.099,47,5.139,2020
空032,做空,失败组,1,2020-08-02 12:00,2020-07-16 16:00,9044.02,1870,2020-08-02 12:00,10490.0,1971,-15.988,2020-08-01 12:00,11342.44,7.515,101,7.515,2020
多032,做多,延伸组,2,2020-07-20 04:00,2020-07-11 04:00,9317.24,1837,2020-08-02 12:00,12154.25,1971,30.449,2020-07-19 08:00,9182.45,32.364,134,32.056,2020
多031,做多,失败组,1,2020-07-11 04:00,2020-07-08 20:00,9470.0,1823,2020-07-11 04:00,9317.24,1837,-1.613,2020-07-10 04:00,9255.25,0.67,14,0.67,2020
空031,做空,失败组,3,2020-07-09 20:00,2020-07-06 04:00,8900.0,1807,2020-07-16 16:00,9044.02,1870,-1.618,2020-07-08 20:00,9283.0,2.574,63,1.741,2020
多030,做多,延伸组,2,2020-07-05 00:00,2020-07-02 00:00,9293.0,1782,2020-07-08 20:00,9470.0,1823,1.905,2020-07-04 00:00,9113.0,3.917,41,3.708,2020
空030,做空,失败组,2,2020-07-02 20:00,2020-06-28 00:00,8816.4,1758,2020-07-06 04:00,8900.0,1807,-0.948,2020-07-01 20:00,9137.19,2.596,49,2.202,2020
多029,做多,失败组,2,2020-06-30 04:00,2020-06-23 04:00,9795.0,1729,2020-07-02 00:00,9293.0,1782,-5.125,2020-06-30 00:00,9181.0,1.22,53,1.011,2020
空029,做空,延伸组,2,2020-06-19 08:00,2020-06-18 04:00,9231.03,1699,2020-06-28 00:00,8816.4,1758,4.492,2020-06-19 04:00,9272.41,4.918,59,8.019,2020
空028,做空,失败组,1,2020-06-17 20:00,2020-06-15 12:00,8888.43,1683,2020-06-18 04:00,9231.03,1699,-3.854,2020-06-16 20:00,9400.0,1.798,16,1.798,2020
多028,做多,失败组,2,2020-06-16 08:00,2020-06-11 00:00,10015.99,1656,2020-06-23 04:00,9795.0,1729,-2.206,2020-06-16 04:00,9490.83,3.205,73,3.651,2020
空027,做空,延伸组,2,2020-06-07 16:00,2020-06-02 20:00,9264.15,1607,2020-06-15 12:00,8888.43,1683,4.056,2020-06-07 00:00,9579.0,7.209,76,8.189,2020
多027,做多,失败组,4,2020-06-04 04:00,2020-06-02 04:00,10497.25,1603,2020-06-11 00:00,10015.99,1656,-4.585,2020-06-03 20:00,9644.0,3.857,53,1.952,2020
空026,做空,失败组,1,2020-06-02 20:00,2020-05-27 00:00,8693.18,1566,2020-06-02 20:00,9264.15,1607,-6.568,2020-06-01 20:00,9486.89,2.348,41,2.348,2020
空025,做空,失败组,1,2020-05-26 20:00,2020-05-25 08:00,8623.38,1556,2020-05-27 00:00,8693.18,1566,-0.809,2020-05-25 20:00,8724.34,0.357,10,0.357,2020
多026,做多,延伸组,4,2020-05-23 08:00,2020-05-18 08:00,9958.67,1514,2020-06-02 04:00,10497.25,1603,5.408,2020-05-23 00:00,9259.38,13.369,89,9.176,2020
空024,做空,失败组,2,2020-05-20 20:00,2020-05-10 08:00,7940.0,1466,2020-05-25 08:00,8623.38,1556,-8.607,2020-05-19 20:00,9555.0,9.75,90,7.774,2020
多025,做多,失败组,3,2020-05-11 16:00,2020-05-08 04:00,10080.0,1453,2020-05-18 08:00,9958.67,1514,-1.204,2020-05-10 16:00,8900.2,11.893,61,10.789,2020
空023,做空,失败组,1,2020-05-09 12:00,2020-04-21 04:00,6735.95,1351,2020-05-10 08:00,7940.0,1466,-17.875,2020-05-08 12:00,9726.0,18.363,115,18.363,2020
多024,做多,延伸组,2,2020-05-05 12:00,2020-05-03 08:00,9200.0,1424,2020-05-08 04:00,10080.0,1453,9.565,2020-05-05 04:00,8954.94,12.564,29,11.031,2020
多023,做多,失败组,1,2020-05-03 08:00,2020-04-30 12:00,9479.77,1407,2020-05-03 08:00,9200.0,1424,-2.951,2020-05-03 00:00,9020.0,1.996,17,1.996,2020
空022,做空,失败组,2,2020-04-20 16:00,2020-04-16 08:00,6465.33,1322,2020-04-21 04:00,6735.95,1351,-4.186,2020-04-19 20:00,7055.0,4.522,29,2.547,2020
多022,做多,延伸组,3,2020-04-12 20:00,2020-04-07 20:00,7457.0,1271,2020-04-30 12:00,9479.77,1407,27.126,2020-04-12 08:00,6908.0,37.229,136,36.008,2020
空021,做空,失败组,2,2020-04-09 16:00,2020-04-02 00:00,6140.0,1236,2020-04-16 08:00,6465.33,1322,-5.299,2020-04-08 20:00,7192.0,10.104,86,6.271,2020
空020,做空,失败组,1,2020-04-01 20:00,2020-03-30 08:00,5850.0,1220,2020-04-02 00:00,6140.0,1236,-4.957,2020-04-01 08:00,6240.0,1.603,16,1.603,2020
多021,做多,延伸组,3,2020-03-30 12:00,2020-03-27 08:00,6840.0,1202,2020-04-07 20:00,7457.0,1271,9.02,2020-03-29 12:00,6207.64,20.126,69,12.292,2020
空019,做空,失败组,1,2020-03-28 04:00,2020-03-23 08:00,5670.0,1178,2020-03-30 08:00,5850.0,1220,-3.175,2020-03-27 20:00,6566.0,10.905,42,10.905,2020
多020,做多,失败组,1,2020-03-27 08:00,2020-03-25 16:00,6960.71,1192,2020-03-27 08:00,6840.0,1202,-1.734,2020-03-26 08:00,6777.5,0.922,10,0.922,2020
空018,做空,失败组,1,2020-03-23 04:00,2020-03-16 16:00,4413.62,1138,2020-03-23 08:00,5670.0,1178,-28.466,2020-03-23 00:00,5855.68,3.171,40,3.171,2020
多019,做多,失败组,2,2020-03-19 16:00,2020-03-10 20:00,8156.31,1103,2020-03-25 16:00,6960.71,1192,-14.659,2020-03-19 08:00,5448.07,27.765,89,26.852,2020
空017,做空,失败组,1,2020-03-16 12:00,2020-03-13 08:00,3621.81,1118,2020-03-16 16:00,4413.62,1138,-21.862,2020-03-16 04:00,5169.6,14.624,20,14.624,2020
多018,做多,失败组,1,2020-03-10 16:00,2020-03-06 16:00,9179.75,1078,2020-03-10 20:00,8156.31,1103,-11.149,2020-03-09 16:00,7996.28,2.001,25,2.001,2020
多017,做多,失败组,2,2020-03-02 20:00,2020-02-23 16:00,10018.9,1006,2020-03-06 16:00,9179.75,1078,-8.376,2020-03-02 16:00,8779.88,4.554,72,3.681,2020
多016,做多,失败组,2,2020-02-21 08:00,2020-02-20 00:00,10286.0,984,2020-02-23 16:00,10018.9,1006,-2.597,2020-02-21 00:00,9700.0,3.288,22,3.174,2020
多015,做多,失败组,1,2020-02-18 20:00,2020-02-13 12:00,10512.55,945,2020-02-20 00:00,10286.0,984,-2.155,2020-02-18 12:00,9821.0,4.735,39,4.735,2020
空016,做空,延伸组,7,2020-02-13 16:00,2020-02-11 12:00,9729.36,933,2020-03-13 08:00,3621.81,1118,62.774,2020-02-12 16:00,10235.52,64.615,185,52.187,2020
空015,做空,失败组,1,2020-02-10 12:00,2020-02-08 08:00,9680.55,914,2020-02-11 12:00,9729.36,933,-0.504,2020-02-09 20:00,10026.0,2.959,19,2.959,2020
空014,做空,失败组,1,2020-02-08 08:00,2020-02-04 20:00,9105.0,893,2020-02-08 08:00,9680.55,914,-6.321,2020-02-08 04:00,9736.66,0.576,21,0.576,2020
空013,做空,延伸组,2,2020-02-03 20:00,2020-02-02 12:00,9160.01,879,2020-02-04 20:00,9105.0,893,0.601,2020-02-03 08:00,9290.0,1.991,14,1.316,2020
空012,做空,失败组,1,2020-02-02 08:00,2020-01-24 16:00,8247.0,826,2020-02-02 12:00,9160.01,879,-11.071,2020-02-01 20:00,9306.0,1.569,53,1.569,2020
多014,做多,延伸组,6,2020-01-24 20:00,2020-01-19 08:00,9205.3,794,2020-02-13 12:00,10512.55,945,14.201,2020-01-23 20:00,8508.0,23.561,151,13.935,2020
空011,做空,失败组,2,2020-01-19 16:00,2020-01-03 08:00,6863.44,698,2020-01-24 16:00,8247.0,826,-20.158,2020-01-18 16:00,8832.0,6.624,128,4.428,2020
多013,做多,延伸组,5,2019-12-27 00:00,2019-12-24 00:00,7691.0,636,2020-01-19 08:00,9205.3,794,19.689,2019-12-26 04:00,7265.0,26.708,158,18.027,2019
空010,做空,失败组,3,2019-12-24 04:00,2019-12-18 20:00,6427.0,605,2020-01-03 08:00,6863.44,698,-6.791,2019-12-24 00:00,7342.28,6.522,93,5.816,2019
多012,做多,失败组,1,2019-12-19 00:00,2019-12-04 20:00,7800.0,521,2019-12-24 00:00,7691.0,636,-1.397,2019-12-18 20:00,6868.29,11.978,115,11.978,2019
空009,做空,延伸组,3,2019-12-08 08:00,2019-12-04 16:00,7070.0,520,2019-12-18 20:00,6427.0,605,9.095,2019-12-07 16:00,7467.44,13.933,85,10.779,2019
多011,做多,失败组,1,2019-12-04 20:00,2019-11-30 00:00,7850.0,492,2019-12-04 20:00,7800.0,521,-0.637,2019-12-03 20:00,7353.33,6.074,29,6.074,2019
空008,做空,失败组,3,2019-12-01 00:00,2019-11-25 12:00,6510.19,465,2019-12-04 16:00,7070.0,520,-8.599,2019-11-30 20:00,7511.11,5.873,55,2.981,2019
多010,做多,失败组,1,2019-11-25 20:00,2019-11-11 00:00,9187.0,378,2019-11-30 00:00,7850.0,492,-14.553,2019-11-24 20:00,7202.96,8.983,114,8.983,2019
多009,做多,失败组,1,2019-11-11 00:00,2019-11-05 04:00,9550.0,343,2019-11-11 00:00,9187.0,378,-3.801,2019-11-10 12:00,8889.02,3.352,35,3.352,2019
多008,做多,失败组,2,2019-11-02 20:00,2019-10-28 08:00,9930.13,296,2019-11-05 04:00,9550.0,343,-3.828,2019-11-02 04:00,9270.0,3.02,47,3.239,2019
空007,做空,延伸组,7,2019-10-29 04:00,2019-10-24 00:00,7172.76,270,2019-11-25 12:00,6510.19,465,9.237,2019-10-28 20:00,9254.47,29.654,195,15.86,2019
多007,做多,失败组,1,2019-10-28 00:00,2019-10-26 08:00,10408.48,284,2019-10-28 08:00,9930.13,296,-4.596,2019-10-27 16:00,9666.0,2.733,12,2.733,2019
多006,做多,延伸组,2,2019-10-21 00:00,2019-10-14 00:00,8456.0,210,2019-10-26 08:00,10408.48,284,23.09,2019-10-20 20:00,8041.19,29.44,74,38.857,2019
多005,做多,失败组,1,2019-10-13 20:00,2019-10-11 12:00,8788.0,195,2019-10-14 00:00,8456.0,210,-3.778,2019-10-12 20:00,8397.45,0.697,15,0.697,2019
空006,做空,延伸组,4,2019-10-11 12:00,2019-10-07 00:00,7760.0,168,2019-10-24 00:00,7172.76,270,7.568,2019-10-10 20:00,8419.34,14.806,102,12.099,2019
空005,做空,失败组,3,2019-10-02 12:00,2019-09-30 12:00,7709.01,129,2019-10-07 00:00,7760.0,168,-0.661,2019-10-02 08:00,8201.0,5.377,39,3.97,2019
空004,做空,失败组,1,2019-09-29 20:00,2019-09-27 00:00,7700.67,108,2019-09-30 12:00,7709.01,129,-0.108,2019-09-28 20:00,8001.14,3.651,21,3.651,2019
多004,做多,失败组,3,2019-09-28 04:00,2019-09-20 04:00,10331.62,67,2019-10-11 12:00,8788.0,195,-14.941,2019-09-27 04:00,8157.0,7.736,128,6.618,2019
空003,做空,延伸组,2,2019-09-22 08:00,2019-09-19 08:00,9530.02,62,2019-09-27 00:00,7700.67,108,19.196,2019-09-21 20:00,9912.63,22.315,46,22.046,2019
多003,做多,失败组,1,2019-09-20 04:00,2019-09-15 04:00,10419.97,37,2019-09-20 04:00,10331.62,67,-0.848,2019-09-19 04:00,10211.9,1.172,30,1.172,2019
多002,做多,失败组,1,2019-09-14 20:00,2019-09-13 04:00,10450.13,25,2019-09-15 04:00,10419.97,37,-0.289,2019-09-14 04:00,10355.85,0.619,12,0.619,2019
空002,做空,延伸组,3,2019-09-14 00:00,2019-09-11 12:00,9884.31,15,2019-09-19 08:00,9530.02,62,3.584,2019-09-13 00:00,10239.42,6.928,47,5.624,2019
多001,做多,延伸组,1,2019-09-12 20:00,2019-09-12 08:00,10205.46,20,2019-09-13 04:00,10450.13,25,2.397,2019-09-12 08:00,10205.46,2.397,5,2.397,2019
空001,做空,延伸组,1,2019-09-10 20:00,2019-09-10 00:00,10183.31,6,2019-09-11 12:00,9884.31,15,2.936,2019-09-10 00:00,10183.31,2.936,9,2.936,2019
