序号,方向,基准线K时间,确认K时间,基准线,ATR,触发线,6K极值,状态,波段涨跌幅%_基准线,波段涨跌幅%_极值基准,峰值价,峰值K时间,未成交错过%,年份,成交时间,入场价,初始止损,保护线,止盈目标,出场时间,出场价,出场原因,平仓细节,保护性平仓第几K,持仓K数,R值,1m消歧
1,做多,2026-08-20 04:00,2026-08-20 12:00,70048.2,752.29,70800.49,70450.0,成交,3.482,2.892,72487.5,2026-08-20 16:00,,2026,2026-08-20 16:00,70800.49,70048.2,71176.63,85458.8,2026-08-22 16:00,77286.7,KAMA跟踪,跳空按开盘价,,12,8.622,是
2,做多,2026-08-18 08:00,2026-08-18 16:00,64541.6,396.33,64937.93,64600.8,成交,0.8,0.708,65057.9,2026-08-18 20:00,,2026,2026-08-18 20:00,64937.93,64541.6,65136.1,78740.75,2026-08-18 20:00,64823.9,保护性平仓,第0K(成交当根),0,0,-0.2877,是
3,做空,2026-08-11 00:00,2026-08-11 08:00,63788.0,453.67,63334.33,65373.6,成交,0.904,3.307,63211.6,2026-08-12 00:00,,2026,2026-08-12 00:00,63334.33,63788.0,63107.49,56133.44,2026-08-12 00:00,63508.5,保护性平仓,第0K(成交当根),0,0,-0.3839,否
4,做多,2026-08-09 08:00,2026-08-09 16:00,64982.4,439.1,65421.5,65163.0,成交,0.77,0.491,65482.7,2026-08-10 04:00,,2026,2026-08-10 04:00,65421.5,64982.4,65641.05,79278.53,2026-08-10 04:00,64982.4,ATR止损,成交当根(1m消歧),,0,-1.0,是
5,做多,2026-07-21 00:00,2026-07-21 08:00,65788.0,672.53,66460.53,65788.0,成交,1.727,1.727,66924.1,2026-07-21 20:00,,2026,2026-07-21 20:00,66460.53,65788.0,66796.8,80261.36,2026-07-21 20:00,66648.5,保护性平仓,第0K(成交当根),0,0,0.2795,否
6,做多,2026-07-03 00:00,2026-07-03 08:00,61900.0,981.91,62881.91,62180.0,成交,1.708,1.25,62957.2,2026-07-04 04:00,,2026,2026-07-04 04:00,62881.91,61900.0,63372.86,75518.0,2026-07-04 04:00,62565.5,保护性平仓,第0K(成交当根),0,0,-0.3222,否
7,做空,2026-06-04 20:00,2026-06-05 04:00,62344.1,1281.04,61063.06,65829.4,成交,3.751,8.847,60005.8,2026-06-05 20:00,,2026,2026-06-05 20:00,61063.06,62344.1,60422.54,54862.81,2026-06-06 04:00,61022.0,保护性平仓,第2K,2,2,0.0321,是
8,做空,2026-05-15 20:00,2026-05-16 04:00,78610.0,899.74,77710.26,81623.8,成交,1.283,4.927,77601.8,2026-05-16 16:00,,2026,2026-05-16 16:00,77710.26,78610.0,77260.39,69176.8,2026-05-16 16:00,78042.5,保护性平仓,第0K(成交当根),0,0,-0.3693,否
9,做多,2026-05-10 04:00,2026-05-10 12:00,80900.0,741.65,81641.65,81043.2,成交,1.929,1.749,82460.5,2026-05-11 04:00,,2026,2026-05-11 04:00,81641.65,80900.0,82012.48,98698.0,2026-05-11 08:00,80900.0,ATR止损,第1K,,1,-1.0,是
10,做多,2026-05-06 04:00,2026-05-06 12:00,81745.4,860.93,82606.33,81745.4,成交,1.325,1.325,82828.7,2026-05-06 16:00,,2026,2026-05-06 16:00,82606.33,81745.4,83036.8,99729.39,2026-05-06 16:00,82485.4,保护性平仓,第0K(成交当根),0,0,-0.1405,是
11,做多,2026-04-10 08:00,2026-04-10 16:00,72350.0,1013.33,73363.33,73128.0,成交,1.52,0.44,73450.0,2026-04-11 04:00,,2026,2026-04-11 04:00,73363.33,72350.0,73869.99,88267.0,2026-04-11 04:00,72917.4,保护性平仓,第0K(成交当根),0,0,-0.4401,否
12,做多,2026-04-09 04:00,2026-04-09 12:00,71726.7,1015.14,72741.84,72858.5,成交,1.954,0.37,73128.0,2026-04-10 04:00,,2026,2026-04-10 04:00,72741.84,71726.7,73249.42,87506.57,2026-04-10 04:00,71726.7,ATR止损,成交当根(1m消歧),,0,-1.0,是
13,做空,2026-03-27 00:00,2026-03-27 08:00,68115.8,1117.29,66998.51,71408.1,成交,2.849,7.328,66175.4,2026-03-27 16:00,,2026,2026-03-27 16:00,66998.51,68115.8,66439.86,59941.9,2026-03-27 16:00,66663.2,保护性平仓,第0K(成交当根),0,0,0.3001,是
14,做空,2026-02-23 12:00,2026-02-23 20:00,64628.5,978.7,63649.8,68205.1,成交,2.05,7.186,63303.9,2026-02-24 08:00,,2026,2026-02-24 08:00,63649.8,64628.5,63160.45,56873.08,2026-02-24 08:00,63570.5,保护性平仓,第0K(成交当根),0,0,0.081,是
15,做多,2026-02-08 00:00,2026-02-08 08:00,69887.7,2295.02,72182.72,71690.0,成交,3.452,0.851,72300.0,2026-02-09 04:00,,2026,2026-02-09 04:00,72182.72,69887.7,73330.23,85262.99,2026-02-09 04:00,70288.1,保护性平仓,第0K(成交当根),0,0,-0.8255,否
16,做空,2026-02-04 08:00,2026-02-04 16:00,75420.0,1781.88,73638.12,79049.0,成交,4.401,8.789,72101.0,2026-02-05 00:00,,2026,2026-02-05 00:00,73638.12,75420.0,72747.18,66369.6,2026-02-05 00:00,73895.3,保护性平仓,第0K(成交当根),0,0,-0.1443,否
17,做空,2026-02-01 04:00,2026-02-01 12:00,77037.8,1635.38,75402.42,84110.0,成交,3.223,11.36,74555.0,2026-02-02 08:00,,2026,2026-02-02 08:00,75402.42,77037.8,74584.73,67793.26,2026-02-02 08:00,76256.2,保护性平仓,第0K(成交当根),0,0,-0.5221,是
18,做多,2026-01-28 04:00,2026-01-28 12:00,89499.0,988.62,90487.62,89499.0,成交,1.222,1.222,90592.7,2026-01-29 00:00,,2026,2026-01-29 00:00,90487.62,89499.0,90981.93,109188.78,2026-01-29 00:00,89499.0,ATR止损,成交当根(1m消歧),,0,-1.0,是
19,做空,2026-01-19 16:00,2026-01-20 00:00,92635.0,848.66,91786.34,95490.0,成交,2.064,4.992,90723.3,2026-01-20 12:00,,2026,2026-01-20 12:00,91786.34,92635.0,91362.01,81518.8,2026-01-21 20:00,89741.66,KAMA跟踪,,,8,2.4093,否
20,做多,2026-01-14 04:00,2026-01-14 12:00,96863.7,1044.79,97908.49,96863.7,成交,1.103,1.103,97932.1,2026-01-15 04:00,,2026,2026-01-15 04:00,97908.49,96863.7,98430.88,118173.71,2026-01-15 04:00,96863.7,ATR止损,成交当根(1m消歧),,0,-1.0,是
21,做多,2026-01-05 08:00,2026-01-05 16:00,93382.5,802.08,94184.58,93382.5,成交,1.171,1.171,94475.7,2026-01-06 00:00,,2026,2026-01-06 00:00,94184.58,93382.5,94585.62,113926.65,2026-01-06 00:00,94248.6,保护性平仓,第0K(成交当根),0,0,0.0798,是
22,做多,2026-01-04 16:00,2026-01-05 00:00,91581.7,782.68,92364.38,91779.7,成交,1.966,1.746,93382.5,2026-01-05 08:00,,2026,2026-01-05 08:00,92364.38,91581.7,92755.72,111729.67,2026-01-05 12:00,92492.1,保护性平仓,第1K,1,1,0.1632,是
23,做空,2025-11-18 20:00,2025-11-19 04:00,90888.0,1646.68,89241.32,93799.1,成交,2.517,5.543,88600.0,2025-11-20 00:00,,2025,2025-11-20 00:00,89241.32,90888.0,88417.98,79981.44,2025-11-20 00:00,88857.7,保护性平仓,第0K(成交当根),0,0,0.233,否
24,做空,2025-11-17 08:00,2025-11-17 16:00,93730.0,1565.91,92164.09,96600.0,成交,2.326,5.228,91550.2,2025-11-18 00:00,,2025,2025-11-18 00:00,92164.09,93730.0,91381.14,82482.4,2025-11-18 00:00,91656.2,保护性平仓,第0K(成交当根),0,0,0.3243,是
25,做空,2025-11-16 08:00,2025-11-16 16:00,94800.0,1592.13,93207.87,96439.6,成交,1.98,3.647,92922.8,2025-11-17 04:00,,2025,2025-11-17 04:00,93207.87,94800.0,92411.81,83424.0,2025-11-17 04:00,94221.7,保护性平仓,第0K(成交当根),0,0,-0.6368,否
26,做空,2025-11-04 00:00,2025-11-04 08:00,105300.0,1406.34,103893.66,110711.0,成交,1.662,6.468,103550.0,2025-11-04 16:00,,2025,2025-11-04 16:00,103893.66,105300.0,103190.49,92664.0,2025-11-04 16:00,104530.7,保护性平仓,第0K(成交当根),0,0,-0.453,否
27,做空,2025-10-30 00:00,2025-10-30 08:00,109026.4,1344.4,107682.0,113593.0,成交,1.626,5.58,107254.1,2025-10-30 20:00,,2025,2025-10-30 20:00,107682.0,109026.4,107009.8,95943.23,2025-10-30 20:00,107670.6,保护性平仓,第0K(成交当根),0,0,0.0085,是
28,做空,2025-10-29 08:00,2025-10-29 16:00,112036.1,1230.47,110805.63,116074.3,成交,2.686,6.072,109026.4,2025-10-30 00:00,,2025,2025-10-30 00:00,110805.63,112036.1,110190.39,98591.77,2025-10-30 00:00,110605.6,保护性平仓,第0K(成交当根),0,0,0.1626,否
29,做空,2025-10-16 00:00,2025-10-16 08:00,110096.9,1866.59,108230.31,113576.1,成交,2.356,5.347,107503.3,2025-10-17 00:00,,2025,2025-10-17 00:00,108230.31,110096.9,107297.02,96885.27,2025-10-17 00:00,108151.3,保护性平仓,第0K(成交当根),0,0,0.0423,否
30,做空,2025-10-10 04:00,2025-10-10 12:00,120787.9,1423.07,119364.83,123740.1,成交,1.957,4.296,118424.4,2025-10-10 20:00,,2025,2025-10-10 20:00,119364.83,120787.9,118653.3,106293.35,2025-10-10 20:00,118965.3,保护性平仓,第0K(成交当根),0,0,0.2808,是
31,做多,2025-10-04 20:00,2025-10-05 04:00,122480.9,1058.3,123539.2,122781.1,成交,1.546,1.297,124374.0,2025-10-05 08:00,,2025,2025-10-05 08:00,123539.2,122480.9,124068.36,149426.7,2025-10-05 08:00,123735.7,保护性平仓,第0K(成交当根),0,0,0.1857,是
32,做多,2025-10-02 08:00,2025-10-02 16:00,119457.0,1027.63,120484.63,119457.0,成交,1.291,1.291,120999.0,2025-10-03 00:00,,2025,2025-10-03 00:00,120484.63,119457.0,120998.44,145737.54,2025-10-03 00:00,120787.9,保护性平仓,第0K(成交当根),0,0,0.2951,是
33,做多,2025-09-29 04:00,2025-09-29 12:00,112300.0,830.79,113130.79,112300.0,成交,1.681,1.681,114188.0,2025-09-29 20:00,,2025,2025-09-29 20:00,113130.79,112300.0,113546.19,137006.0,2025-09-30 12:00,113591.41,KAMA跟踪,,,4,0.5544,是
34,做多,2025-09-12 12:00,2025-09-12 20:00,115613.0,940.52,116553.52,116280.0,成交,0.859,0.28,116605.7,2025-09-13 00:00,,2025,2025-09-13 00:00,116553.52,115613.0,117023.78,141047.86,2025-09-13 00:00,116561.1,保护性平仓,第0K(成交当根),0,0,0.0081,是
35,做多,2025-09-11 08:00,2025-09-11 16:00,114433.2,972.17,115405.37,114433.2,成交,0.879,0.879,115439.0,2025-09-12 04:00,,2025,2025-09-12 04:00,115405.37,114433.2,115891.45,139608.5,2025-09-12 04:00,115427.0,保护性平仓,第0K(成交当根),0,0,0.0223,是
36,做空,2025-08-02 08:00,2025-08-02 16:00,113145.0,1253.12,111891.88,115956.0,成交,1.145,3.541,111850.0,2025-08-03 08:00,,2025,2025-08-03 08:00,111891.88,113145.0,111265.32,99567.6,2025-08-03 08:00,113145.0,ATR止损,成交当根(1m消歧),,0,-1.0,是
37,做多,2025-07-13 20:00,2025-07-14 04:00,119655.0,1027.72,120682.72,119655.0,成交,1.793,1.793,121800.0,2025-07-14 08:00,,2025,2025-07-14 08:00,120682.72,119655.0,121196.58,145979.1,2025-07-14 08:00,120733.2,保护性平仓,第0K(成交当根),0,0,0.0491,是
38,做多,2025-07-10 12:00,2025-07-10 20:00,111399.7,891.93,112291.63,112036.8,成交,2.119,1.538,113760.0,2025-07-11 00:00,,2025,2025-07-11 00:00,112291.63,111399.7,112737.59,135907.63,2025-07-12 20:00,117269.37,KAMA跟踪,,,11,5.5809,是
39,做多,2025-06-24 12:00,2025-06-24 20:00,105775.9,1490.76,107266.66,106050.0,成交,2.193,1.929,108095.7,2025-06-25 20:00,,2025,2025-06-25 20:00,107266.66,105775.9,108012.04,129046.6,2025-06-25 20:00,106982.6,保护性平仓,第0K(成交当根),0,0,-0.1905,否
40,做空,2025-06-22 08:00,2025-06-22 16:00,101781.8,1134.48,100647.32,103940.6,成交,2.942,4.958,98786.9,2025-06-22 20:00,,2025,2025-06-22 20:00,100647.32,101781.8,100080.09,89567.98,2025-06-23 04:00,100904.7,保护性平仓,第2K,2,2,-0.2269,是
41,做空,2025-06-21 08:00,2025-06-21 16:00,103067.7,1128.27,101939.43,106486.2,成交,2.21,5.349,100789.9,2025-06-22 04:00,,2025,2025-06-22 04:00,101939.43,103067.7,101375.29,90699.58,2025-06-22 04:00,102079.8,保护性平仓,第0K(成交当根),0,0,-0.1244,否
42,做空,2025-05-30 08:00,2025-05-30 16:00,104521.0,1345.94,103175.06,108860.0,成交,1.424,5.354,103032.1,2025-05-31 08:00,,2025,2025-05-31 08:00,103175.06,104521.0,102502.08,91978.48,2025-05-31 08:00,103640.1,保护性平仓,第0K(成交当根),0,0,-0.3455,否
43,做多,2025-04-22 08:00,2025-04-22 16:00,88850.0,994.2,89844.2,88850.0,成交,2.84,2.84,91373.0,2025-04-22 20:00,,2025,2025-04-22 20:00,89844.2,88850.0,90341.3,108397.0,2025-04-23 20:00,92222.5,KAMA跟踪,,,6,2.3922,是
44,做多,2025-04-02 04:00,2025-04-02 12:00,85595.5,1075.62,86671.12,85595.5,成交,1.977,1.977,87288.0,2025-04-02 20:00,,2025,2025-04-02 20:00,86671.12,85595.5,87208.93,104426.51,2025-04-02 20:00,86709.5,保护性平仓,第0K(成交当根),0,0,0.0357,是
45,做空,2025-03-29 00:00,2025-03-29 08:00,83531.7,1015.25,82516.45,87470.0,成交,1.878,6.296,81963.0,2025-03-29 16:00,,2025,2025-03-29 16:00,82516.45,83531.7,82008.83,73507.9,2025-03-29 16:00,82255.1,保护性平仓,第0K(成交当根),0,0,0.2574,是
46,做空,2025-02-27 08:00,2025-02-27 16:00,84000.0,1749.45,82250.55,89285.7,成交,5.357,10.96,79500.0,2025-02-28 08:00,,2025,2025-02-28 08:00,82250.55,84000.0,81375.82,73920.0,2025-02-28 20:00,84000.0,ATR止损,第3K,,3,-1.0,是
47,做空,2025-02-26 04:00,2025-02-26 12:00,87578.1,1514.59,86063.51,92287.0,成交,2.513,7.487,85377.2,2025-02-26 20:00,,2025,2025-02-26 20:00,86063.51,87578.1,85306.21,77068.73,2025-02-26 20:00,87578.1,ATR止损,成交当根(1m消歧),,0,-1.0,是
48,做空,2025-02-24 00:00,2025-02-24 08:00,95180.2,867.26,94312.94,96602.9,成交,1.45,2.901,93800.0,2025-02-24 20:00,,2025,2025-02-24 20:00,94312.94,95180.2,93879.31,83758.58,2025-02-24 20:00,94295.9,保护性平仓,第0K(成交当根),0,0,0.0196,是
49,做空,2025-02-01 16:00,2025-02-02 00:00,101344.0,1451.76,99892.24,105537.0,成交,2.203,6.089,99111.0,2025-02-02 08:00,,2025,2025-02-02 08:00,99892.24,101344.0,99166.36,89182.72,2025-02-02 12:00,99586.2,保护性平仓,第1K,1,1,0.2108,是
50,做多,2025-01-14 20:00,2025-01-15 04:00,97250.0,1523.6,98773.6,97353.9,成交,2.567,2.458,99746.6,2025-01-15 20:00,,2025,2025-01-15 20:00,98773.6,97250.0,99535.39,118645.0,2025-01-15 20:00,98943.4,保护性平仓,第0K(成交当根),0,0,0.1114,是
51,做空,2025-01-09 00:00,2025-01-09 08:00,92500.0,1376.5,91123.5,97242.2,成交,1.561,6.362,91055.8,2025-01-10 04:00,,2025,2025-01-10 04:00,91123.5,92500.0,90435.25,81400.0,2025-01-10 04:00,92500.0,ATR止损,成交当根(1m消歧),,0,-1.0,是
52,做空,2024-12-30 04:00,2024-12-30 12:00,92961.8,1266.78,91695.02,95286.4,成交,1.562,3.963,91510.0,2024-12-30 20:00,,2024,2024-12-30 20:00,91695.02,92961.8,91061.63,81806.38,2024-12-30 20:00,92081.5,保护性平仓,第0K(成交当根),0,0,-0.3051,是
53,做空,2024-12-29 08:00,2024-12-29 16:00,94761.0,1394.54,93366.46,95700.0,成交,1.507,2.473,93333.0,2024-12-30 00:00,,2024,2024-12-30 00:00,93366.46,94761.0,92669.19,83389.68,2024-12-30 00:00,93559.6,保护性平仓,第0K(成交当根),0,0,-0.1385,否
54,做空,2024-12-20 04:00,2024-12-20 12:00,95681.2,1922.35,93758.85,102756.7,成交,3.206,9.871,92613.7,2024-12-20 16:00,,2024,2024-12-20 16:00,93758.85,95681.2,92797.67,84199.46,2024-12-20 20:00,95681.2,ATR止损,第1K,,1,-1.0,是
55,做空,2024-12-18 12:00,2024-12-18 20:00,103065.6,1538.57,101527.03,108366.8,成交,3.022,7.766,99951.1,2024-12-19 04:00,,2024,2024-12-19 04:00,101527.03,103065.6,100757.74,90697.73,2024-12-19 08:00,101163.3,保护性平仓,第1K,1,1,0.2364,否
56,做多,2024-11-28 20:00,2024-11-29 04:00,96284.0,1573.79,97857.79,97250.0,成交,2.523,1.505,98713.3,2024-11-29 20:00,,2024,2024-11-29 20:00,97857.79,96284.0,98644.68,117466.48,2024-11-29 20:00,98076.2,保护性平仓,第0K(成交当根),0,0,0.1388,否
57,做多,2024-11-20 20:00,2024-11-21 04:00,94849.0,1630.49,96479.49,94849.0,成交,3.217,3.217,97899.9,2024-11-21 12:00,,2024,2024-11-21 12:00,96479.49,94849.0,97294.73,115715.78,2024-11-21 12:00,96950.0,保护性平仓,第0K(成交当根),0,0,0.2886,否
58,做多,2024-11-09 16:00,2024-11-10 00:00,76735.0,1059.89,77794.89,77182.9,成交,4.102,3.498,79882.8,2024-11-10 12:00,,2024,2024-11-10 12:00,77794.89,76735.0,78324.83,93616.7,2024-11-12 16:00,86956.44,KAMA跟踪,,,13,8.6439,否
59,做多,2024-10-29 08:00,2024-10-29 16:00,71607.0,806.96,72413.96,71607.0,成交,1.233,1.233,72490.0,2024-10-29 20:00,,2024,2024-10-29 20:00,72413.96,71607.0,72817.44,87360.54,2024-10-29 20:00,72374.9,保护性平仓,第0K(成交当根),0,0,-0.0484,是
60,做多,2024-10-19 16:00,2024-10-20 00:00,68456.0,783.57,69239.57,69000.0,成交,1.417,0.617,69425.8,2024-10-21 04:00,,2024,2024-10-21 04:00,69239.57,68456.0,69631.36,83516.32,2024-10-21 04:00,69020.1,保护性平仓,第0K(成交当根),0,0,-0.2801,是
61,做多,2024-10-15 08:00,2024-10-15 16:00,66312.4,818.15,67130.55,66533.0,成交,2.475,2.135,67953.7,2024-10-15 20:00,,2024,2024-10-15 20:00,67130.55,66312.4,67539.63,80901.13,2024-10-15 20:00,66312.4,ATR止损,成交当根(1m消歧),,0,-1.0,是
62,做空,2024-10-10 08:00,2024-10-10 16:00,60309.0,765.04,59543.96,62386.0,成交,2.336,5.588,58900.0,2024-10-11 00:00,,2024,2024-10-11 00:00,59543.96,60309.0,59161.43,53071.92,2024-10-11 00:00,59696.9,保护性平仓,第0K(成交当根),0,0,-0.1999,是
63,做多,2024-09-13 04:00,2024-09-13 12:00,58366.8,904.63,59271.43,58606.6,成交,2.295,1.876,59706.1,2024-09-13 20:00,,2024,2024-09-13 20:00,59271.43,58366.8,59723.74,71207.5,2024-09-13 20:00,59623.5,保护性平仓,第0K(成交当根),0,0,0.3892,是
64,做空,2024-08-31 04:00,2024-08-31 12:00,58668.8,1085.62,57583.18,59914.9,成交,2.635,4.66,57123.0,2024-09-01 20:00,,2024,2024-09-01 20:00,57583.18,58668.8,57040.37,51628.54,2024-09-01 20:00,58184.1,保护性平仓,第0K(成交当根),0,0,-0.5535,否
65,做多,2024-08-22 20:00,2024-08-23 04:00,61364.0,1041.32,62405.32,61793.9,成交,3.96,3.237,63794.0,2024-08-24 00:00,,2024,2024-08-24 00:00,62405.32,61364.0,62925.97,74864.08,2024-08-26 12:00,63557.91,KAMA跟踪,,,15,1.1069,是
66,做空,2024-08-04 04:00,2024-08-04 12:00,59800.0,1218.56,58581.44,62166.0,成交,4.615,8.246,57040.0,2024-08-05 00:00,,2024,2024-08-05 00:00,58581.44,59800.0,57972.16,52624.0,2024-08-05 00:00,59234.0,保护性平仓,第0K(成交当根),0,0,-0.5355,否
67,做多,2024-07-26 08:00,2024-07-26 16:00,67470.4,1043.11,68513.51,67470.4,成交,2.833,2.833,69381.7,2024-07-27 20:00,,2024,2024-07-27 20:00,68513.51,67470.4,69035.07,82313.89,2024-07-27 20:00,68822.0,保护性平仓,第0K(成交当根),0,0,0.2957,否
68,做多,2024-07-14 16:00,2024-07-15 00:00,60397.2,911.53,61308.73,60397.2,成交,1.681,1.681,61412.4,2024-07-15 04:00,,2024,2024-07-15 04:00,61308.73,60397.2,61764.49,73684.58,2024-07-15 04:00,60766.0,保护性平仓,第0K(成交当根),0,0,-0.5954,是
69,做空,2024-07-03 16:00,2024-07-04 00:00,59515.1,744.75,58770.35,62362.8,成交,3.199,7.62,57611.0,2024-07-04 08:00,,2024,2024-07-04 08:00,58770.35,59515.1,58397.98,52373.29,2024-07-04 08:00,59092.4,保护性平仓,第0K(成交当根),0,0,-0.4324,是
70,做空,2024-06-23 04:00,2024-06-23 12:00,64215.9,632.17,63583.73,64520.0,成交,1.679,2.142,63137.9,2024-06-24 04:00,,2024,2024-06-24 04:00,63583.73,64215.9,63267.64,56509.99,2024-06-25 08:00,60740.35,KAMA跟踪,,,7,4.4978,否
71,做空,2024-06-14 08:00,2024-06-14 16:00,66471.3,919.17,65552.13,68607.7,成交,2.135,5.182,65052.4,2024-06-15 00:00,,2024,2024-06-15 00:00,65552.13,66471.3,65092.54,58494.74,2024-06-15 00:00,65514.9,保护性平仓,第0K(成交当根),0,0,0.0405,是
72,做空,2024-05-01 00:00,2024-05-01 08:00,59150.0,1018.31,58131.69,64700.0,成交,3.584,11.855,57030.0,2024-05-01 12:00,,2024,2024-05-01 12:00,58131.69,59150.0,57622.53,52052.0,2024-05-01 16:00,57862.1,保护性平仓,第1K,1,1,0.2647,是
73,做空,2024-04-13 12:00,2024-04-13 20:00,67039.3,1269.32,65769.98,71028.0,成交,5.235,10.556,63530.0,2024-04-14 00:00,,2024,2024-04-14 00:00,65769.98,67039.3,65135.32,58994.58,2024-04-15 04:00,65033.02,KAMA跟踪,,,7,0.5806,是
74,做多,2024-04-08 00:00,2024-04-08 08:00,70395.0,1065.34,71460.34,70395.0,成交,3.351,3.351,72753.6,2024-04-08 16:00,,2024,2024-04-08 16:00,71460.34,70395.0,71993.01,85881.9,2024-04-08 20:00,71815.7,保护性平仓,第1K,1,1,0.3336,否
75,做多,2024-02-28 00:00,2024-02-28 08:00,57679.5,823.49,58502.99,57780.0,成交,3.311,3.131,59589.0,2024-02-28 16:00,,2024,2024-02-28 16:00,58502.99,57679.5,58914.73,70368.99,2024-03-01 00:00,61970.1,KAMA跟踪,,,8,4.2103,否
76,做多,2024-01-27 12:00,2024-01-27 20:00,41880.5,585.11,42465.61,42239.3,成交,2.281,1.413,42836.0,2024-01-28 12:00,,2024,2024-01-28 12:00,42465.61,41880.5,42758.17,51094.21,2024-01-28 12:00,42369.9,保护性平仓,第0K(成交当根),0,0,-0.1636,否
77,做空,2024-01-23 04:00,2024-01-23 12:00,39450.0,601.63,38848.37,41334.9,成交,2.022,6.49,38652.3,2024-01-23 16:00,,2024,2024-01-23 16:00,38848.37,39450.0,38547.56,34716.0,2024-01-23 16:00,38850.1,保护性平仓,第0K(成交当根),0,0,-0.0029,是
78,做空,2023-12-11 12:00,2023-12-11 20:00,41622.3,640.2,40982.1,44099.2,成交,3.349,8.778,40228.3,2023-12-12 00:00,,2023,2023-12-12 00:00,40982.1,41622.3,40662.01,36627.62,2023-12-12 00:00,40799.4,保护性平仓,第0K(成交当根),0,0,0.2854,是
79,做多,2023-12-03 08:00,2023-12-03 16:00,39549.0,412.06,39961.06,39900.0,成交,2.177,1.278,40410.1,2023-12-04 04:00,,2023,2023-12-04 04:00,39961.06,39549.0,40167.09,48249.78,2023-12-04 04:00,39979.7,保护性平仓,第0K(成交当根),0,0,0.0452,是
80,做多,2023-12-02 04:00,2023-12-02 12:00,38888.0,423.5,39311.5,38989.0,成交,2.602,2.337,39900.0,2023-12-03 00:00,,2023,2023-12-03 00:00,39311.5,38888.0,39523.26,47443.36,2023-12-03 00:00,39416.4,保护性平仓,第0K(成交当根),0,0,0.2477,是
81,做多,2023-11-08 04:00,2023-11-08 12:00,35921.7,448.62,36370.32,35921.7,成交,2.69,2.69,36888.0,2023-11-09 08:00,,2023,2023-11-09 08:00,36370.32,35921.7,36594.63,43824.47,2023-11-09 08:00,36455.5,保护性平仓,第0K(成交当根),0,0,0.1899,是
82,做多,2023-11-01 08:00,2023-11-01 16:00,34684.0,424.35,35108.35,34744.7,成交,1.629,1.451,35249.0,2023-11-01 20:00,,2023,2023-11-01 20:00,35108.35,34684.0,35320.53,42314.48,2023-11-01 20:00,34684.0,ATR止损,成交当根(1m消歧),,0,-1.0,是
83,做多,2023-10-23 12:00,2023-10-23 20:00,30990.0,393.84,31383.84,30990.0,成交,1.423,1.423,31430.9,2023-10-24 00:00,,2023,2023-10-24 00:00,31383.84,30990.0,31580.77,37807.8,2023-10-24 00:00,31339.9,保护性平仓,第0K(成交当根),0,0,-0.1116,是
84,做多,2023-10-21 04:00,2023-10-21 12:00,29784.5,396.09,30180.59,30243.0,成交,1.981,0.435,30374.6,2023-10-22 00:00,,2023,2023-10-22 00:00,30180.59,29784.5,30378.63,36337.09,2023-10-22 00:00,30128.7,保护性平仓,第0K(成交当根),0,0,-0.131,否
85,做多,2023-10-01 16:00,2023-10-02 00:00,27279.5,212.98,27492.48,27279.5,成交,3.98,3.98,28365.2,2023-10-02 04:00,,2023,2023-10-02 04:00,27492.48,27279.5,27598.98,33280.99,2023-10-03 00:00,27886.92,KAMA跟踪,,,5,1.8519,是
86,做空,2023-09-24 12:00,2023-09-24 20:00,26529.6,184.19,26345.41,26620.6,成交,0.865,1.204,26300.0,2023-09-25 00:00,,2023,2023-09-25 00:00,26345.41,26529.6,26253.31,23346.05,2023-09-25 00:00,26432.5,保护性平仓,第0K(成交当根),0,0,-0.4728,是
87,做多,2023-09-14 08:00,2023-09-14 16:00,26536.7,317.81,26854.51,26536.7,成交,1.294,1.294,26880.0,2023-09-15 00:00,,2023,2023-09-15 00:00,26854.51,26536.7,27013.42,32374.77,2023-09-15 00:00,26662.0,保护性平仓,第0K(成交当根),0,0,-0.6057,是
88,做多,2023-09-13 04:00,2023-09-13 12:00,26150.0,317.25,26467.25,26580.0,成交,1.479,-0.163,26536.7,2023-09-14 08:00,,2023,2023-09-14 08:00,26467.25,26150.0,26625.88,31903.0,2023-09-14 08:00,26150.0,ATR止损,成交当根(1m消歧),,0,-1.0,是
89,做空,2023-09-01 08:00,2023-09-01 16:00,25918.9,338.13,25580.77,27674.3,成交,1.404,7.658,25555.0,2023-09-01 20:00,,2023,2023-09-01 20:00,25580.77,25918.9,25411.7,22808.63,2023-09-01 20:00,25798.0,保护性平仓,第0K(成交当根),0,0,-0.6424,是
90,做空,2023-08-17 08:00,2023-08-17 16:00,28288.6,194.51,28094.09,29229.6,成交,1.533,4.703,27855.0,2023-08-17 20:00,,2023,2023-08-17 20:00,28094.09,28288.6,27996.83,24893.97,2023-08-19 20:00,25983.74,KAMA跟踪,,,12,10.8494,是
91,做空,2023-08-16 00:00,2023-08-16 08:00,29050.0,169.7,28880.3,29492.1,成交,1.187,2.669,28705.1,2023-08-17 04:00,,2023,2023-08-17 04:00,28880.3,29050.0,28795.45,25564.0,2023-08-18 04:00,25564.0,固定止盈,,,6,19.5421,是
92,做空,2023-07-18 04:00,2023-07-18 12:00,29864.6,305.53,29559.07,30313.9,成交,1.556,3.015,29400.0,2023-07-19 00:00,,2023,2023-07-19 00:00,29559.07,29864.6,29406.3,26280.85,2023-07-19 00:00,29864.6,ATR止损,成交当根(1m消歧),,0,-1.0,是
93,做空,2023-07-05 04:00,2023-07-05 12:00,30655.7,339.45,30316.25,31210.7,成交,1.565,3.316,30175.8,2023-07-05 20:00,,2023,2023-07-05 20:00,30316.25,30655.7,30146.52,26977.02,2023-07-05 20:00,30345.0,保护性平仓,第0K(成交当根),0,0,-0.0847,否
94,做多,2023-06-17 00:00,2023-06-17 08:00,26526.9,352.18,26879.08,26526.9,成交,1.406,1.406,26900.0,2023-06-17 12:00,,2023,2023-06-17 12:00,26879.08,26526.9,27055.16,32362.82,2023-06-17 12:00,26587.6,保护性平仓,第0K(成交当根),0,0,-0.8276,是
95,做空,2023-04-20 08:00,2023-04-20 16:00,28520.2,406.89,28113.31,30067.1,成交,1.884,6.931,27983.0,2023-04-21 00:00,,2023,2023-04-21 00:00,28113.31,28520.2,27909.87,25097.78,2023-04-21 00:00,28091.2,保护性平仓,第0K(成交当根),0,0,0.0543,是
96,做多,2023-04-10 08:00,2023-04-10 16:00,28420.0,281.14,28701.14,28539.1,成交,3.096,2.666,29300.0,2023-04-11 00:00,,2023,2023-04-11 00:00,28701.14,28420.0,28841.72,34672.4,2023-04-12 04:00,30005.59,KAMA跟踪,,,7,4.6398,是
97,做多,2023-03-29 20:00,2023-03-30 04:00,28589.5,514.5,29104.0,28649.9,成交,2.082,1.867,29184.8,2023-03-30 08:00,,2023,2023-03-30 08:00,29104.0,28589.5,29361.25,34879.19,2023-03-30 08:00,28589.5,ATR止损,成交当根(1m消歧),,0,-1.0,是
98,做多,2023-03-17 16:00,2023-03-18 00:00,26980.0,682.91,27662.91,26980.0,成交,2.904,2.904,27763.4,2023-03-18 04:00,,2023,2023-03-18 04:00,27662.91,26980.0,28004.37,32915.6,2023-03-18 04:00,27384.0,保护性平仓,第0K(成交当根),0,0,-0.4084,是
99,做多,2023-03-13 20:00,2023-03-14 04:00,24517.2,552.72,25069.92,24517.2,成交,8.046,8.046,26489.9,2023-03-14 20:00,,2023,2023-03-14 20:00,25069.92,24517.2,25346.28,29910.98,2023-03-14 20:00,24517.2,ATR止损,成交当根(1m消歧),,0,-1.0,是
100,做多,2023-03-13 08:00,2023-03-13 16:00,22598.0,438.71,23036.71,22598.0,成交,8.493,8.493,24517.2,2023-03-13 20:00,,2023,2023-03-13 20:00,23036.71,22598.0,23256.07,27569.56,2023-03-15 00:00,24502.24,KAMA跟踪,,,7,3.3405,是
101,做空,2023-03-09 04:00,2023-03-09 12:00,21540.5,271.44,21269.06,22222.0,成交,3.67,6.624,20750.0,2023-03-10 00:00,,2023,2023-03-10 00:00,21269.06,21540.5,21133.34,18955.64,2023-03-10 20:00,20190.0,KAMA跟踪,,,5,3.9753,是
102,做多,2023-02-16 08:00,2023-02-16 16:00,24934.1,345.82,25279.92,24934.1,成交,1.427,1.427,25290.0,2023-02-17 00:00,,2023,2023-02-17 00:00,25279.92,24934.1,25452.83,30419.6,2023-02-17 00:00,24934.1,ATR止损,成交当根(1m消歧),,0,-1.0,是
103,做多,2023-02-15 04:00,2023-02-15 12:00,22275.0,263.29,22538.29,22320.0,成交,2.918,2.71,22924.9,2023-02-15 20:00,,2023,2023-02-15 20:00,22538.29,22275.0,22669.93,27175.5,2023-02-17 04:00,24634.22,KAMA跟踪,,,8,7.9606,否
104,做空,2023-02-09 12:00,2023-02-09 20:00,22341.1,286.2,22054.9,23194.3,成交,2.144,5.744,21862.1,2023-02-10 00:00,,2023,2023-02-10 00:00,22054.9,22341.1,21911.79,19660.17,2023-02-10 00:00,22027.3,保护性平仓,第0K(成交当根),0,0,0.0964,是
105,做多,2023-01-13 04:00,2023-01-13 12:00,19120.0,215.34,19335.34,19120.0,成交,1.454,1.454,19398.0,2023-01-14 00:00,,2023,2023-01-14 00:00,19335.34,19120.0,19443.01,23326.4,2023-01-14 00:00,19354.2,保护性平仓,第0K(成交当根),0,0,0.0876,是
106,做多,2023-01-12 08:00,2023-01-12 16:00,18400.0,147.77,18547.77,18400.0,成交,3.601,3.601,19062.5,2023-01-13 00:00,,2023,2023-01-13 00:00,18547.77,18400.0,18621.66,22448.0,2023-01-15 08:00,20677.25,KAMA跟踪,,,14,14.4104,是
107,做多,2023-01-11 08:00,2023-01-11 16:00,17500.0,105.19,17605.19,17500.0,成交,2.933,2.933,18013.2,2023-01-12 04:00,,2023,2023-01-12 04:00,17605.19,17500.0,17657.78,21350.0,2023-01-14 08:00,21350.0,固定止盈,,,13,35.6006,否
108,做多,2023-01-07 16:00,2023-01-08 00:00,16946.4,92.84,17039.24,17030.0,成交,1.385,0.887,17181.1,2023-01-09 04:00,,2023,2023-01-09 04:00,17039.24,16946.4,17085.66,20674.61,2023-01-10 04:00,17124.63,KAMA跟踪,,,6,0.9197,是
109,做空,2022-12-16 04:00,2022-12-16 12:00,17258.0,190.9,17067.1,17744.3,成交,2.016,4.702,16910.0,2022-12-16 16:00,,2022,2022-12-16 16:00,17067.1,17258.0,16971.65,15187.04,2022-12-16 16:00,17018.6,保护性平仓,第0K(成交当根),0,0,0.2541,是
110,做多,2022-12-13 20:00,2022-12-14 04:00,18100.0,158.8,18258.8,18100.0,成交,1.657,1.657,18400.0,2022-12-15 00:00,,2022,2022-12-15 00:00,18258.8,18100.0,18338.2,22082.0,2022-12-15 00:00,18100.0,ATR止损,成交当根(1m消歧),,0,-1.0,是
111,做多,2022-12-13 04:00,2022-12-13 12:00,17237.9,117.27,17355.17,17237.9,成交,1.595,1.595,17512.9,2022-12-13 16:00,,2022,2022-12-13 16:00,17355.17,17237.9,17413.81,21030.24,2022-12-15 00:00,17839.31,KAMA跟踪,,,8,4.1283,是
112,做多,2022-11-29 16:00,2022-11-30 00:00,16543.0,188.73,16731.73,16543.0,成交,3.259,3.259,17082.2,2022-11-30 08:00,,2022,2022-11-30 08:00,16731.73,16543.0,16826.09,20182.46,2022-12-01 00:00,16731.73,成本线止损,,,4,0.0,是
113,做空,2022-11-21 12:00,2022-11-21 20:00,15947.7,254.55,15693.15,16624.9,成交,2.462,6.436,15555.0,2022-11-22 00:00,,2022,2022-11-22 00:00,15693.15,15947.7,15565.87,14033.98,2022-11-22 00:00,15712.8,保护性平仓,第0K(成交当根),0,0,-0.0772,是
114,做空,2022-11-07 16:00,2022-11-08 00:00,20563.2,232.44,20330.76,21272.3,成交,2.199,5.459,20111.1,2022-11-08 08:00,,2022,2022-11-08 08:00,20330.76,20563.2,20214.54,18095.62,2022-11-09 00:00,20021.45,KAMA跟踪,,,4,1.3307,是
115,做多,2022-10-26 00:00,2022-10-26 08:00,20415.0,212.54,20627.54,20415.0,成交,1.886,1.886,20800.0,2022-10-26 16:00,,2022,2022-10-26 16:00,20627.54,20415.0,20733.8,24906.3,2022-10-26 16:00,20595.9,保护性平仓,第0K(成交当根),0,0,-0.1489,是
116,做空,2022-08-19 12:00,2022-08-19 20:00,21220.0,421.96,20798.04,23595.0,成交,2.168,12.015,20760.0,2022-08-20 04:00,,2022,2022-08-20 04:00,20798.04,21220.0,20587.07,18673.6,2022-08-20 04:00,20824.9,保护性平仓,第0K(成交当根),0,0,-0.0636,是
117,做空,2022-08-18 12:00,2022-08-18 20:00,23318.9,371.5,22947.4,23748.7,成交,2.645,4.407,22702.0,2022-08-19 08:00,,2022,2022-08-19 08:00,22947.4,23318.9,22761.64,20520.63,2022-08-20 20:00,21325.94,KAMA跟踪,,,9,4.3646,否
118,做多,2022-08-13 20:00,2022-08-14 04:00,24592.8,403.47,24996.27,24879.0,成交,1.92,0.748,25065.0,2022-08-14 12:00,,2022,2022-08-14 12:00,24996.27,24592.8,25198.0,30003.22,2022-08-14 12:00,24867.1,保护性平仓,第0K(成交当根),0,0,-0.3201,是
119,做多,2022-07-28 08:00,2022-07-28 16:00,23480.0,528.47,24008.47,23480.0,成交,2.617,2.617,24094.5,2022-07-29 00:00,,2022,2022-07-29 00:00,24008.47,23480.0,24272.7,28645.6,2022-07-29 00:00,23790.4,保护性平仓,第0K(成交当根),0,0,-0.4126,否
120,做多,2022-07-19 08:00,2022-07-19 16:00,22950.0,615.64,23565.64,22950.0,成交,3.438,3.438,23739.0,2022-07-20 00:00,,2022,2022-07-20 00:00,23565.64,22950.0,23873.46,27999.0,2022-07-20 00:00,23391.5,保护性平仓,第0K(成交当根),0,0,-0.2829,是
121,做多,2022-07-17 20:00,2022-07-18 04:00,21495.0,443.2,21938.2,21674.1,成交,4.217,3.356,22401.4,2022-07-18 12:00,,2022,2022-07-18 12:00,21938.2,21495.0,22159.81,26223.9,2022-07-18 16:00,22130.0,保护性平仓,第1K,1,1,0.4327,是
122,做多,2022-07-16 08:00,2022-07-16 16:00,20854.2,472.78,21326.98,21200.0,成交,3.48,1.792,21580.0,2022-07-17 00:00,,2022,2022-07-17 00:00,21326.98,20854.2,21563.37,25442.12,2022-07-17 00:00,21184.3,保护性平仓,第0K(成交当根),0,0,-0.3018,否
123,做空,2022-07-10 08:00,2022-07-10 16:00,21095.4,470.58,20624.82,22000.0,成交,2.348,6.364,20600.0,2022-07-11 00:00,,2022,2022-07-11 00:00,20624.82,21095.4,20389.52,18563.95,2022-07-11 00:00,20913.1,保护性平仓,第0K(成交当根),0,0,-0.6126,否
124,做空,2022-06-17 12:00,2022-06-17 20:00,20305.6,988.49,19317.11,21490.0,成交,6.43,11.587,19000.0,2022-06-18 12:00,,2022,2022-06-18 12:00,19317.11,20305.6,18822.87,17868.93,2022-06-18 12:00,19244.9,保护性平仓,第0K(成交当根),0,0,0.0731,是
125,做空,2022-06-14 16:00,2022-06-15 00:00,21712.0,1020.63,20691.37,24193.7,成交,5.042,14.783,20617.2,2022-06-15 12:00,,2022,2022-06-15 12:00,20691.37,21712.0,20181.05,19106.56,2022-06-15 12:00,20707.5,保护性平仓,第0K(成交当根),0,0,-0.0158,否
126,做空,2022-06-11 04:00,2022-06-11 12:00,28953.1,581.68,28371.42,30240.0,成交,2.505,6.654,28227.7,2022-06-11 20:00,,2022,2022-06-11 20:00,28371.42,28953.1,28080.59,25478.73,2022-06-11 20:00,28392.3,保护性平仓,第0K(成交当根),0,0,-0.0359,否
127,做多,2022-05-30 12:00,2022-05-30 20:00,30983.0,515.84,31498.84,30983.0,成交,4.275,4.275,32307.6,2022-05-31 04:00,,2022,2022-05-31 04:00,31498.84,30983.0,31756.76,37799.26,2022-05-31 04:00,31726.5,保护性平仓,第0K(成交当根),0,0,0.4413,是
128,做空,2022-05-08 08:00,2022-05-08 16:00,34150.0,709.88,33440.12,36138.0,成交,2.621,7.978,33255.0,2022-05-09 08:00,,2022,2022-05-09 08:00,33440.12,34150.0,33085.18,30052.0,2022-05-09 08:00,33567.0,保护性平仓,第0K(成交当根),0,0,-0.1787,是
129,做空,2022-05-07 12:00,2022-05-07 20:00,35702.9,721.92,34980.98,36426.4,成交,2.809,4.739,34700.0,2022-05-08 04:00,,2022,2022-05-08 04:00,34980.98,35702.9,34620.02,31418.55,2022-05-08 04:00,35466.7,保护性平仓,第0K(成交当根),0,0,-0.6728,是
130,做空,2022-04-30 04:00,2022-04-30 12:00,38284.0,730.45,37553.55,39646.6,成交,1.917,5.288,37550.0,2022-05-01 04:00,,2022,2022-05-01 04:00,37553.55,38284.0,37188.32,33689.92,2022-05-01 04:00,37614.5,保护性平仓,第0K(成交当根),0,0,-0.0834,是
131,做空,2022-04-24 08:00,2022-04-24 16:00,39384.4,616.33,38768.07,40000.0,成交,1.941,3.45,38620.0,2022-04-25 08:00,,2022,2022-04-25 08:00,38768.07,39384.4,38459.9,34658.27,2022-04-25 08:00,39226.2,保护性平仓,第0K(成交当根),0,0,-0.7433,是
132,做空,2022-04-06 08:00,2022-04-06 16:00,44349.7,742.3,43607.4,47188.0,成交,2.818,8.663,43100.0,2022-04-07 00:00,,2022,2022-04-07 00:00,43607.4,44349.7,43236.25,39027.74,2022-04-07 00:00,43751.2,保护性平仓,第0K(成交当根),0,0,-0.1937,否
133,做多,2022-03-27 08:00,2022-03-27 16:00,44987.4,599.54,45586.94,44987.4,成交,4.578,4.578,47047.0,2022-03-28 04:00,,2022,2022-03-28 04:00,45586.94,44987.4,45886.72,54884.63,2022-03-29 04:00,47155.8,KAMA跟踪,,,6,2.6167,是
134,做多,2022-02-08 00:00,2022-02-08 08:00,44541.16,822.99,45364.15,44541.16,成交,2.377,2.377,45600.0,2022-02-08 12:00,,2022,2022-02-08 12:00,45364.15,44541.16,45775.65,54340.22,2022-02-08 12:00,44541.16,ATR止损,成交当根(1m消歧),,0,-1.0,是
135,做多,2022-01-26 00:00,2022-01-26 08:00,37561.03,1181.11,38742.14,37561.03,成交,3.529,3.529,38886.58,2022-01-27 00:00,,2022,2022-01-27 00:00,38742.14,37561.03,39332.7,45824.46,2022-01-27 00:00,37561.03,ATR止损,成交当根(1m消歧),,0,-1.0,是
136,做空,2022-01-21 08:00,2022-01-21 16:00,38200.0,885.84,37314.16,43495.0,成交,7.38,18.655,35380.92,2022-01-22 04:00,,2022,2022-01-22 04:00,37314.16,38200.0,36871.24,33616.0,2022-01-23 12:00,35458.04,KAMA跟踪,,,8,2.0953,是
137,做多,2022-01-12 04:00,2022-01-12 12:00,43080.52,948.09,44028.61,43118.0,成交,2.348,2.259,44091.93,2022-01-12 20:00,,2022,2022-01-12 20:00,44028.61,43080.52,44502.66,52558.23,2022-01-12 20:00,43549.99,保护性平仓,第0K(成交当根),0,0,-0.5048,是
138,做空,2022-01-08 08:00,2022-01-08 16:00,41553.86,1029.48,40524.38,42960.0,成交,2.536,5.726,40500.0,2022-01-09 00:00,,2022,2022-01-09 00:00,40524.38,41553.86,40009.63,36567.4,2022-01-09 00:00,40837.51,保护性平仓,第0K(成交当根),0,0,-0.3042,是
139,做空,2022-01-06 20:00,2022-01-07 04:00,42629.75,942.13,41687.62,44835.0,成交,2.65,7.438,41500.0,2022-01-07 08:00,,2022,2022-01-07 08:00,41687.62,42629.75,41216.56,37514.18,2022-01-07 08:00,41789.97,保护性平仓,第0K(成交当根),0,0,-0.1086,是
140,做空,2021-12-29 04:00,2021-12-29 12:00,47294.52,877.91,46416.61,49826.48,成交,2.737,7.68,46000.0,2021-12-30 04:00,,2021,2021-12-30 04:00,46416.61,47294.52,45977.65,41619.18,2021-12-30 04:00,46436.54,保护性平仓,第0K(成交当根),0,0,-0.0227,是
141,做多,2021-11-29 12:00,2021-11-29 20:00,57712.5,1157.25,58869.75,58338.0,成交,2.1,1.005,58924.21,2021-11-30 00:00,,2021,2021-11-30 00:00,58869.75,57712.5,59448.37,70409.25,2021-11-30 00:00,57929.53,保护性平仓,第0K(成交当根),0,0,-0.8125,是
142,做空,2021-11-11 20:00,2021-11-12 04:00,64450.0,1343.72,63106.28,67088.88,成交,2.405,6.244,62900.0,2021-11-12 20:00,,2021,2021-11-12 20:00,63106.28,64450.0,62434.41,56716.0,2021-11-12 20:00,63214.89,保护性平仓,第0K(成交当根),0,0,-0.0808,否
143,做多,2021-11-07 08:00,2021-11-07 16:00,62424.17,1034.48,63458.65,62424.17,成交,5.36,5.36,65770.1,2021-11-08 08:00,,2021,2021-11-08 08:00,63458.65,62424.17,63975.9,76157.49,2021-11-09 20:00,67295.85,KAMA跟踪,,,9,3.7093,否
144,做空,2021-10-27 04:00,2021-10-27 12:00,59838.05,1194.64,58643.41,63194.0,成交,3.297,8.433,57865.0,2021-10-27 16:00,,2021,2021-10-27 16:00,58643.41,59838.05,58046.09,52657.48,2021-10-27 16:00,58615.66,保护性平仓,第0K(成交当根),0,0,0.0232,是
145,做空,2021-10-22 08:00,2021-10-22 16:00,62181.91,1441.73,60740.18,66750.0,成交,2.624,9.288,60550.0,2021-10-22 20:00,,2021,2021-10-22 20:00,60740.18,62181.91,60019.32,54720.08,2021-10-22 20:00,60744.92,保护性平仓,第0K(成交当根),0,0,-0.0033,是
146,做多,2021-10-20 08:00,2021-10-20 16:00,64400.0,1282.41,65682.41,64500.0,成交,4.27,4.109,67150.0,2021-10-20 20:00,,2021,2021-10-20 20:00,65682.41,64400.0,66323.62,78568.0,2021-10-21 04:00,66064.24,保护性平仓,第2K,2,2,0.2977,是
147,做多,2021-10-14 16:00,2021-10-15 00:00,58199.2,1227.26,59426.46,58586.67,成交,2.235,1.559,59500.0,2021-10-15 08:00,,2021,2021-10-15 08:00,59426.46,58199.2,60040.09,71003.02,2021-10-15 08:00,59445.04,保护性平仓,第0K(成交当根),0,0,0.0151,是
148,做多,2021-10-01 00:00,2021-10-01 08:00,44100.0,1026.8,45126.8,44100.0,成交,8.674,8.674,47925.41,2021-10-01 16:00,,2021,2021-10-01 16:00,45126.8,44100.0,45640.2,53802.0,2021-10-03 04:00,47554.81,KAMA跟踪,,,9,2.3646,否
149,做空,2021-09-25 20:00,2021-09-26 04:00,42145.18,1191.92,40953.26,43196.82,成交,3.37,5.722,40725.01,2021-09-26 12:00,,2021,2021-09-26 12:00,40953.26,42145.18,40357.3,37087.76,2021-09-26 12:00,41214.97,保护性平仓,第0K(成交当根),0,0,-0.2196,是
150,做空,2021-09-20 20:00,2021-09-21 04:00,42467.86,975.33,41492.53,47675.0,成交,5.507,15.828,40129.23,2021-09-21 08:00,,2021,2021-09-21 08:00,41492.53,42467.86,41004.87,37371.72,2021-09-21 08:00,42467.86,ATR止损,成交当根(1m消歧),,0,-1.0,是
151,做空,2021-09-08 00:00,2021-09-08 08:00,45943.97,1256.5,44687.47,52950.0,成交,3.293,16.089,44431.0,2021-09-08 16:00,,2021,2021-09-08 16:00,44687.47,45943.97,44059.22,40430.69,2021-09-08 16:00,45943.97,ATR止损,成交当根(1m消歧),,0,-1.0,是
152,做多,2021-08-20 08:00,2021-08-20 16:00,47499.9,1010.56,48510.46,47499.9,成交,2.664,2.664,48765.46,2021-08-20 20:00,,2021,2021-08-20 20:00,48510.46,47499.9,49015.75,57949.88,2021-08-20 20:00,48752.38,保护性平仓,第0K(成交当根),0,0,0.2394,是
153,做多,2021-08-06 04:00,2021-08-06 12:00,41327.73,1042.02,42369.75,41350.0,成交,2.837,2.781,42500.0,2021-08-06 20:00,,2021,2021-08-06 20:00,42369.75,41327.73,42890.76,50419.83,2021-08-06 20:00,42213.52,保护性平仓,第0K(成交当根),0,0,-0.1499,是
154,做空,2021-08-02 08:00,2021-08-02 16:00,39229.12,1078.46,38150.66,41952.6,成交,3.337,9.612,37920.0,2021-08-03 12:00,,2021,2021-08-03 12:00,38150.66,39229.12,37611.43,34521.63,2021-08-03 12:00,38569.99,保护性平仓,第0K(成交当根),0,0,-0.3888,否
155,做多,2021-07-26 12:00,2021-07-26 20:00,39284.65,1254.58,40539.23,48168.6,成交,3.295,-15.756,40578.93,2021-07-27 00:00,,2021,2021-07-27 00:00,40539.23,39284.65,41166.53,47927.27,2021-07-27 00:00,39284.65,ATR止损,成交当根(1m消歧),,0,-1.0,是
156,做多,2021-07-23 12:00,2021-07-23 20:00,32930.0,625.1,33555.1,32930.0,成交,2.186,2.186,33650.0,2021-07-24 04:00,,2021,2021-07-24 04:00,33555.1,32930.0,33867.65,40174.6,2021-07-24 04:00,33634.46,保护性平仓,第0K(成交当根),0,0,0.127,是
157,做空,2021-07-19 20:00,2021-07-20 04:00,30358.77,589.34,29769.43,31899.83,成交,2.985,7.672,29452.53,2021-07-20 08:00,,2021,2021-07-20 08:00,29769.43,30358.77,29474.76,26715.72,2021-07-20 08:00,29582.94,保护性平仓,第0K(成交当根),0,0,0.3164,是
158,做空,2021-07-13 04:00,2021-07-13 12:00,32650.0,632.45,32017.55,34662.73,成交,3.155,8.778,31620.0,2021-07-14 08:00,,2021,2021-07-14 08:00,32017.55,32650.0,31701.33,28732.0,2021-07-14 08:00,31808.0,保护性平仓,第0K(成交当根),0,0,0.3313,是
159,做多,2021-06-28 16:00,2021-06-29 00:00,35136.14,1242.19,36378.33,35279.38,成交,3.661,3.24,36422.5,2021-06-29 20:00,,2021,2021-06-29 20:00,36378.33,35136.14,36999.43,42866.09,2021-06-29 20:00,36244.89,保护性平仓,第0K(成交当根),0,0,-0.1074,否
160,做空,2021-06-21 16:00,2021-06-22 00:00,31666.0,1169.74,30496.26,36155.0,成交,9.114,20.398,28780.01,2021-06-22 20:00,,2021,2021-06-22 20:00,30496.26,31666.0,29911.39,27866.08,2021-06-22 20:00,31635.72,保护性平仓,第0K(成交当根),0,0,-0.9741,是
161,做空,2021-06-19 12:00,2021-06-19 20:00,34921.53,1078.38,33843.15,37940.0,成交,3.641,11.307,33650.0,2021-06-20 16:00,,2021,2021-06-20 16:00,33843.15,34921.53,33303.96,30730.95,2021-06-20 16:00,33856.0,保护性平仓,第0K(成交当根),0,0,-0.0119,是
162,做多,2021-06-14 08:00,2021-06-14 16:00,39822.64,1161.8,40984.44,39822.64,成交,2.957,2.957,41000.0,2021-06-14 20:00,,2021,2021-06-14 20:00,40984.44,39822.64,41565.33,48583.62,2021-06-14 20:00,40677.54,保护性平仓,第0K(成交当根),0,0,-0.2642,是
163,做空,2021-05-22 20:00,2021-05-23 04:00,37070.0,2628.05,34441.95,38851.34,成交,8.898,13.075,33771.68,2021-05-23 16:00,,2021,2021-05-23 16:00,34441.95,37070.0,33127.93,32621.6,2021-05-23 16:00,35367.81,保护性平仓,第0K(成交当根),0,0,-0.3523,否
164,做空,2021-05-18 08:00,2021-05-18 16:00,43189.26,2043.91,41145.35,45874.2,成交,7.088,12.526,40128.0,2021-05-19 08:00,,2021,2021-05-19 08:00,41145.35,43189.26,40123.39,38006.55,2021-05-19 08:00,40635.3,保护性平仓,第0K(成交当根),0,0,0.2495,是
165,做空,2021-05-16 08:00,2021-05-16 16:00,46481.14,1726.33,44754.81,49594.42,成交,4.545,10.537,44368.52,2021-05-17 00:00,,2021,2021-05-17 00:00,44754.81,46481.14,43891.64,40903.4,2021-05-17 00:00,45573.29,保护性平仓,第0K(成交当根),0,0,-0.4741,是
166,做空,2021-05-04 08:00,2021-05-04 16:00,54450.31,1267.94,53182.37,59056.59,成交,2.49,10.095,53094.59,2021-05-05 04:00,,2021,2021-05-05 04:00,53182.37,54450.31,52548.4,47916.27,2021-05-05 04:00,53263.32,保护性平仓,第0K(成交当根),0,0,-0.0638,是
167,做空,2021-04-25 16:00,2021-04-26 00:00,49210.01,1624.64,47585.37,51046.89,成交,4.632,8.064,46930.43,2021-04-26 04:00,,2021,2021-04-26 04:00,47585.37,49210.01,46773.04,43304.81,2021-04-26 04:00,49063.94,保护性平仓,第0K(成交当根),0,0,-0.9101,是
168,做空,2021-04-22 08:00,2021-04-22 16:00,52505.0,1700.97,50804.03,56356.87,成交,3.753,10.332,50534.34,2021-04-23 04:00,,2021,2021-04-23 04:00,50804.03,52505.0,49953.54,46204.4,2021-04-23 04:00,51714.61,保护性平仓,第0K(成交当根),0,0,-0.5353,是
169,做空,2021-04-21 16:00,2021-04-22 00:00,54257.88,1675.27,52582.61,57060.0,成交,3.231,7.983,52505.0,2021-04-22 08:00,,2021,2021-04-22 08:00,52582.61,54257.88,51744.98,47746.93,2021-04-22 08:00,53505.17,保护性平仓,第0K(成交当根),0,0,-0.5507,是
170,做空,2021-04-17 00:00,2021-04-17 08:00,61184.03,1192.97,59991.06,63600.0,成交,2.556,6.258,59620.0,2021-04-18 00:00,,2021,2021-04-18 00:00,59991.06,61184.03,59394.57,53841.95,2021-04-18 00:00,60779.32,保护性平仓,第0K(成交当根),0,0,-0.6608,否
171,做多,2021-04-09 20:00,2021-04-10 04:00,58818.05,989.19,59807.24,58950.0,成交,5.07,4.835,61800.0,2021-04-10 12:00,,2021,2021-04-10 12:00,59807.24,58818.05,60301.83,71758.02,2021-04-11 00:00,59674.69,保护性平仓,第3K,3,3,-0.134,否
172,做空,2021-03-15 20:00,2021-03-16 04:00,55078.0,1710.38,53367.62,60833.85,成交,3.165,12.327,53335.0,2021-03-16 08:00,,2021,2021-03-16 08:00,53367.62,55078.0,52512.43,48468.64,2021-03-16 08:00,54330.15,保护性平仓,第0K(成交当根),0,0,-0.5628,是
173,做多,2021-03-08 08:00,2021-03-08 16:00,51870.36,1459.0,53329.36,51870.36,成交,4.469,4.469,54188.49,2021-03-09 08:00,,2021,2021-03-09 08:00,53329.36,51870.36,54058.85,63281.84,2021-03-09 08:00,53877.22,保护性平仓,第0K(成交当根),0,0,0.3755,否
174,做多,2021-02-16 20:00,2021-02-17 04:00,50953.44,1468.63,52422.07,50953.44,成交,3.033,3.033,52499.0,2021-02-18 00:00,,2021,2021-02-18 00:00,52422.07,50953.44,53156.39,62163.2,2021-02-18 00:00,52250.27,保护性平仓,第0K(成交当根),0,0,-0.117,是
175,做多,2021-02-05 20:00,2021-02-06 04:00,38411.82,1090.86,39502.68,38411.82,成交,3.614,3.614,39800.0,2021-02-06 08:00,,2021,2021-02-06 08:00,39502.68,38411.82,40048.11,46862.42,2021-02-06 08:00,38411.82,ATR止损,成交当根(1m消歧),,0,-1.0,是
176,做空,2021-01-27 00:00,2021-01-27 08:00,31318.69,1278.85,30039.84,32950.0,成交,6.637,11.259,29240.0,2021-01-27 20:00,,2021,2021-01-27 20:00,30039.84,31318.69,29400.41,27560.45,2021-01-27 20:00,30318.63,保护性平仓,第0K(成交当根),0,0,-0.218,否
177,做空,2021-01-21 00:00,2021-01-21 08:00,33403.0,1458.6,31944.4,36461.44,成交,7.096,14.889,31032.66,2021-01-21 20:00,,2021,2021-01-21 20:00,31944.4,33403.0,31215.1,29394.64,2021-01-21 20:00,31422.1,保护性平仓,第0K(成交当根),0,0,0.3581,否
178,做多,2021-01-06 12:00,2021-01-06 20:00,35948.66,1379.9,37328.56,35948.66,成交,5.137,5.137,37795.42,2021-01-07 08:00,,2021,2021-01-07 08:00,37328.56,35948.66,38018.51,43857.37,2021-01-07 08:00,37555.54,保护性平仓,第0K(成交当根),0,0,0.1645,否
179,做多,2020-12-26 08:00,2020-12-26 16:00,25071.0,618.76,25689.76,25071.0,成交,2.469,2.469,25690.0,2020-12-26 20:00,,2020,2020-12-26 20:00,25689.76,25071.0,25999.14,30586.62,2020-12-26 20:00,25638.48,保护性平仓,第0K(成交当根),0,0,-0.0829,是
180,做多,2020-11-29 16:00,2020-11-30 00:00,18239.76,464.9,18704.66,18239.76,成交,9.344,9.344,19944.0,2020-11-30 20:00,,2020,2020-11-30 20:00,18704.66,18239.76,18937.12,22252.51,2020-12-01 16:00,19243.07,KAMA跟踪,,,5,1.1581,否
181,做多,2020-11-17 04:00,2020-11-17 12:00,16882.0,283.78,17165.78,16882.0,成交,2.934,2.934,17377.36,2020-11-17 20:00,,2020,2020-11-17 20:00,17165.78,16882.0,17307.67,20596.04,2020-11-18 12:00,17465.56,KAMA跟踪,,,4,1.0564,否
182,做多,2020-10-24 20:00,2020-10-25 04:00,13177.59,186.71,13364.3,13177.59,成交,1.453,1.453,13369.0,2020-10-25 08:00,,2020,2020-10-25 08:00,13364.3,13177.59,13457.66,16076.66,2020-10-25 08:00,13300.61,保护性平仓,第0K(成交当根),0,0,-0.3411,是
183,做多,2020-10-20 00:00,2020-10-20 08:00,11830.0,121.99,11951.99,11830.0,成交,1.268,1.268,11980.0,2020-10-20 20:00,,2020,2020-10-20 20:00,11951.99,11830.0,12012.98,14432.6,2020-10-20 20:00,11920.79,保护性平仓,第0K(成交当根),0,0,-0.2558,是
184,做多,2020-10-09 16:00,2020-10-10 00:00,11110.0,105.78,11215.78,11110.0,成交,3.456,3.456,11494.0,2020-10-10 08:00,,2020,2020-10-10 08:00,11215.78,11110.0,11268.67,13554.2,2020-10-12 04:00,11294.45,KAMA跟踪,,,11,0.7438,是
185,做多,2020-10-09 00:00,2020-10-09 08:00,10951.99,101.65,11053.64,10958.0,成交,1.443,1.387,11110.0,2020-10-09 16:00,,2020,2020-10-09 16:00,11053.64,10951.99,11104.46,13361.43,2020-10-09 16:00,11049.28,保护性平仓,第0K(成交当根),0,0,-0.0429,是
186,做空,2020-09-07 00:00,2020-09-07 08:00,10145.34,247.82,9897.52,10348.97,成交,2.619,4.535,9879.68,2020-09-07 20:00,,2020,2020-09-07 20:00,9897.52,10145.34,9773.61,8927.9,2020-09-07 20:00,10145.34,ATR止损,成交当根(1m消歧),,0,-1.0,是
187,做空,2020-09-03 00:00,2020-09-03 08:00,11246.04,164.75,11081.29,11961.0,成交,7.135,12.686,10443.6,2020-09-03 20:00,,2020,2020-09-03 20:00,11081.29,11246.04,10998.91,9896.52,2020-09-04 20:00,9896.52,固定止盈,,,6,7.1912,是
188,做多,2020-08-01 12:00,2020-08-01 20:00,11765.05,218.0,11983.05,11765.05,成交,2.32,2.32,12037.99,2020-08-02 08:00,,2020,2020-08-02 08:00,11983.05,11765.05,12092.04,14353.36,2020-08-02 08:00,12026.41,保护性平仓,第0K(成交当根),0,0,0.1989,是
189,做多,2020-08-01 00:00,2020-08-01 08:00,11450.42,210.26,11660.68,11450.42,成交,2.748,2.748,11765.05,2020-08-01 12:00,,2020,2020-08-01 12:00,11660.68,11450.42,11765.81,13969.51,2020-08-01 12:00,11666.32,保护性平仓,第0K(成交当根),0,0,0.0268,是
190,做多,2020-07-27 08:00,2020-07-27 16:00,10360.0,123.16,10483.16,10360.0,成交,6.151,6.151,10997.24,2020-07-28 00:00,,2020,2020-07-28 00:00,10483.16,10360.0,10544.73,12639.2,2020-07-28 16:00,10634.69,KAMA跟踪,,,4,1.2305,是
191,做多,2020-07-26 20:00,2020-07-27 04:00,9997.65,105.68,10103.33,10300.0,成交,3.624,0.583,10360.0,2020-07-27 08:00,,2020,2020-07-27 08:00,10103.33,9997.65,10156.17,12197.13,2020-07-28 16:00,10634.69,KAMA跟踪,,,8,5.0281,是
192,做多,2020-07-23 04:00,2020-07-23 12:00,9543.0,65.88,9608.88,9543.0,成交,1.418,1.418,9678.32,2020-07-24 00:00,,2020,2020-07-24 00:00,9608.88,9543.0,9641.82,11642.46,2020-07-24 00:00,9597.28,保护性平仓,第0K(成交当根),0,0,-0.1761,是
193,做空,2020-07-16 00:00,2020-07-16 08:00,9156.0,67.48,9088.52,9272.56,成交,0.83,2.077,9080.0,2020-07-16 12:00,,2020,2020-07-16 12:00,9088.52,9156.0,9054.78,8057.28,2020-07-16 12:00,9124.21,保护性平仓,第0K(成交当根),0,0,-0.5289,是
194,做空,2020-07-05 16:00,2020-07-06 00:00,8986.51,77.17,8909.34,9194.0,成交,0.963,3.198,8900.0,2020-07-06 04:00,,2020,2020-07-06 04:00,8909.34,8986.51,8870.76,7908.13,2020-07-06 04:00,8986.51,ATR止损,成交当根(1m消歧),,0,-1.0,是
195,做空,2020-06-24 20:00,2020-06-25 04:00,9210.0,115.05,9094.95,9678.0,成交,2.226,6.954,9005.0,2020-06-25 08:00,,2020,2020-06-25 08:00,9094.95,9210.0,9037.42,8104.8,2020-06-25 08:00,9099.65,保护性平仓,第0K(成交当根),0,0,-0.0409,是
196,做多,2020-05-28 08:00,2020-05-28 16:00,9280.0,161.68,9441.68,9280.0,成交,2.605,2.605,9521.76,2020-05-28 20:00,,2020,2020-05-28 20:00,9441.68,9280.0,9522.53,11321.6,2020-05-28 20:00,9494.98,保护性平仓,第0K(成交当根),0,0,0.3296,是
197,做空,2020-05-21 00:00,2020-05-21 08:00,9353.0,223.32,9129.68,9838.0,成交,4.5,9.208,8932.13,2020-05-21 20:00,,2020,2020-05-21 20:00,9129.68,9353.0,9018.02,8230.64,2020-05-21 20:00,9082.3,保护性平仓,第0K(成交当根),0,0,0.2121,是
198,做多,2020-04-28 08:00,2020-04-28 16:00,7780.0,120.74,7900.74,7780.0,成交,2.37,2.37,7964.4,2020-04-29 12:00,,2020,2020-04-29 12:00,7900.74,7780.0,7961.11,9491.6,2020-04-29 12:00,7943.25,保护性平仓,第0K(成交当根),0,0,0.3521,否
199,做多,2020-04-18 04:00,2020-04-18 12:00,7140.0,144.67,7284.67,7140.0,成交,2.101,2.101,7290.0,2020-04-19 04:00,,2020,2020-04-19 04:00,7284.67,7140.0,7357.01,8710.8,2020-04-19 04:00,7242.42,保护性平仓,第0K(成交当根),0,0,-0.2921,否
200,做多,2020-04-02 08:00,2020-04-02 16:00,6750.0,184.85,6934.85,6750.0,成交,8.0,8.0,7290.0,2020-04-03 00:00,,2020,2020-04-03 00:00,6934.85,6750.0,7027.27,8235.0,2020-04-03 00:00,6750.0,ATR止损,成交当根(1m消歧),,0,-1.0,是
201,做多,2020-03-20 04:00,2020-03-20 12:00,6400.0,343.95,6743.95,6400.0,成交,7.984,7.984,6911.0,2020-03-20 16:00,,2020,2020-03-20 16:00,6743.95,6400.0,6915.93,7808.0,2020-03-20 16:00,6656.7,保护性平仓,第0K(成交当根),0,0,-0.2537,是
202,做空,2020-03-12 16:00,2020-03-13 00:00,5199.17,304.62,4894.55,7988.0,成交,16.391,45.581,4347.0,2020-03-13 04:00,,2020,2020-03-13 04:00,4894.55,5199.17,4742.24,4575.27,2020-03-13 04:00,4764.65,保护性平仓,第0K(成交当根),0,0,0.4264,是
203,做空,2020-02-16 08:00,2020-02-16 16:00,9865.0,166.28,9698.72,10288.14,成交,2.416,6.43,9626.64,2020-02-17 00:00,,2020,2020-02-17 00:00,9698.72,9865.0,9615.59,8681.2,2020-02-17 00:00,9755.57,保护性平仓,第0K(成交当根),0,0,-0.3419,是
204,做多,2020-02-06 04:00,2020-02-06 12:00,9738.0,132.26,9870.26,9799.08,成交,1.499,0.867,9884.0,2020-02-06 20:00,,2020,2020-02-06 20:00,9870.26,9738.0,9936.4,11880.36,2020-02-06 20:00,9738.0,ATR止损,成交当根(1m消歧),,0,-1.0,是
205,做多,2020-02-02 20:00,2020-02-03 04:00,9489.92,132.62,9622.54,9489.92,成交,1.662,1.662,9647.61,2020-02-03 08:00,,2020,2020-02-03 08:00,9622.54,9489.92,9688.85,11577.7,2020-02-03 08:00,9489.92,ATR止损,成交当根(1m消歧),,0,-1.0,是
206,做空,2020-01-21 04:00,2020-01-21 12:00,8612.51,153.86,8458.65,8750.37,成交,1.903,3.449,8448.6,2020-01-22 00:00,,2020,2020-01-22 00:00,8458.65,8612.51,8381.73,7579.01,2020-01-22 00:00,8536.51,保护性平仓,第0K(成交当根),0,0,-0.506,是
207,做多,2020-01-18 20:00,2020-01-19 04:00,8968.0,146.13,9114.13,8995.0,成交,2.646,2.338,9205.3,2020-01-19 08:00,,2020,2020-01-19 08:00,9114.13,8968.0,9187.19,10940.96,2020-01-19 08:00,9165.18,保护性平仓,第0K(成交当根),0,0,0.3494,是
208,做多,2020-01-07 08:00,2020-01-07 16:00,8014.91,112.66,8127.57,8014.91,成交,1.473,1.473,8133.0,2020-01-08 00:00,,2020,2020-01-08 00:00,8127.57,8014.91,8183.9,9778.19,2020-01-08 00:00,8077.71,保护性平仓,第0K(成交当根),0,0,-0.4426,是
209,做多,2020-01-06 08:00,2020-01-06 16:00,7580.08,100.13,7680.21,7580.08,成交,3.015,3.015,7808.65,2020-01-07 04:00,,2020,2020-01-07 04:00,7680.21,7580.08,7730.28,9247.7,2020-01-09 00:00,8141.71,KAMA跟踪,,,11,4.6088,是
210,做多,2020-01-04 12:00,2020-01-04 20:00,7368.47,98.59,7467.06,7407.28,成交,1.622,1.09,7488.0,2020-01-05 08:00,,2020,2020-01-05 08:00,7467.06,7368.47,7516.35,8989.53,2020-01-05 08:00,7475.15,保护性平仓,第0K(成交当根),0,0,0.0821,是
211,做空,2020-01-02 12:00,2020-01-02 20:00,7101.0,75.66,7025.34,7260.43,成交,2.521,4.661,6922.0,2020-01-03 00:00,,2020,2020-01-03 00:00,7025.34,7101.0,6987.51,6248.88,2020-01-03 12:00,7101.0,ATR止损,第3K,,3,-1.0,是
212,做多,2019-12-21 16:00,2019-12-22 00:00,7152.73,110.72,7263.45,7213.18,成交,4.407,3.532,7467.96,2019-12-23 00:00,,2019,2019-12-23 00:00,7263.45,7152.73,7318.81,8726.33,2019-12-24 00:00,7461.24,KAMA跟踪,,,6,1.7863,否
213,做空,2019-12-18 04:00,2019-12-18 12:00,6550.0,100.34,6449.66,6940.0,成交,1.878,7.392,6427.0,2019-12-18 20:00,,2019,2019-12-18 20:00,6449.66,6550.0,6399.49,5764.0,2019-12-18 20:00,6550.0,ATR止损,成交当根(1m消歧),,0,-1.0,是
214,做空,2019-12-17 04:00,2019-12-17 12:00,6831.37,89.71,6741.66,7147.34,成交,2.466,6.777,6662.93,2019-12-17 20:00,,2019,2019-12-17 20:00,6741.66,6831.37,6696.81,6011.61,2019-12-18 20:00,6707.45,KAMA跟踪,,,6,0.3814,是
215,做空,2019-11-22 00:00,2019-11-22 08:00,7545.25,121.74,7423.51,8131.51,成交,2.062,9.123,7389.68,2019-11-22 12:00,,2019,2019-11-22 12:00,7423.51,7545.25,7362.64,6639.82,2019-11-22 12:00,7545.25,ATR止损,收盘穿线(止损优先),,0,-1.0,是
216,做空,2019-11-08 04:00,2019-11-08 12:00,9091.2,128.43,8962.77,9322.48,成交,1.676,4.116,8938.81,2019-11-08 16:00,,2019,2019-11-08 16:00,8962.77,9091.2,8898.55,8000.26,2019-11-08 16:00,9033.3,保护性平仓,第0K(成交当根),0,0,-0.5492,是
217,做空,2019-10-16 00:00,2019-10-16 08:00,8080.0,114.39,7965.61,8408.62,成交,2.225,6.046,7900.24,2019-10-16 20:00,,2019,2019-10-16 20:00,7965.61,8080.0,7908.42,7110.4,2019-10-16 20:00,7955.01,保护性平仓,第0K(成交当根),0,0,0.0927,否
218,做空,2019-09-24 08:00,2019-09-24 16:00,9603.5,130.37,9473.13,9968.49,成交,2.031,5.618,9408.47,2019-09-24 20:00,,2019,2019-09-24 20:00,9473.13,9603.5,9407.94,8451.08,2019-09-24 20:00,9530.0,保护性平仓,第0K(成交当根),0,0,-0.4362,是
