序号,信号时间,方向,信号收盘价,6K极值,回调基准,ATR,挂单价格,成交,成交时间,成交价格,止损价,止盈价,加仓阈值,出场时间,出场价,出场类型,持仓K数,R值,前3K
1,2019/09/10 20:00,做空,10179.1,10183.31,10183.31,276.37420712506764,9906.935792874932,是,2019/09/11 12:00,9906.935792874932,10183.31,8961.3128,9768.748689312399,2019/09/12 04:00,10116.70026537526,止损,4,-0.7589871525362842,否
2,2019/09/12 20:00,做多,10326.58,10205.46,10205.46,219.28973072360043,10424.749730723599,是,2019/09/13 04:00,10424.749730723599,10205.46,12450.661199999999,10534.3945960854,2019/09/14 00:00,10218.165615685904,止损,5,-0.9420601427892654,否
3,2019/09/14 20:00,做多,10358.0,10355.85,10355.85,169.99138807831827,10525.84138807832,是,2020/02/13 20:00,10525.84138807832,10355.85,12634.137,10610.837082117478,2020/02/13 20:00,10165.04,止损,0,-2.122468627128865,是
4,2020/02/15 20:00,做空,9982.18,10203.98,10233.0,145.71451899730548,10087.285481002695,是,2020/02/16 00:00,9983.03,10233.0,9005.04,10014.428221504042,2020/02/17 04:00,9988.03994279262,止损,7,-0.6034394251877218,否
5,2020/02/18 20:00,做多,9837.99,9821.0,9821.0,166.41254805360998,9987.41254805361,是,2020/02/19 00:00,9987.41254805361,9821.0,11981.619999999999,10070.618822080414,2020/02/20 04:00,10048.034504938698,止损,7,-0.39458285414306554,否
6,2020/02/21 08:00,做多,9709.82,9700.0,9654.64,194.67250473039536,9849.312504730395,是,2020/02/23 12:00,9849.312504730395,9654.64,11778.6608,9946.648757095592,2020/02/24 08:00,9823.658295193714,止损,5,-0.1317813708320506,否
7,2020/02/25 20:00,做空,9404.39,9487.38,9487.38,151.77071469189787,9335.6092853081,是,2020/02/26 00:00,9335.6092853081,9487.38,8348.8944,9259.723927962152,2020/02/27 20:00,8873.346079474564,止损,11,5.059191609644326,否
8,2020/02/28 16:00,做空,8593.54,8684.46,8742.2,178.67843410600616,8563.521565893994,是,2020/02/28 20:00,8563.521565893994,8742.2,7693.136,8474.182348840992,2020/02/29 04:00,8742.2,止损,2,-1.000000000000002,是
9,2020/03/01 04:00,做空,8531.98,8576.13,8576.13,173.8738467256111,8402.256153274388,是,2020/03/08 20:00,8402.256153274388,8576.13,7546.9944,8315.319229911582,2020/03/08 20:00,8749.37,止损,0,-1.9963545597135768,是
10,2020/03/09 00:00,做空,8287.88,8299.06,8299.06,140.0247721707476,8159.035227829252,是,2020/03/09 04:00,8159.035227829252,8299.06,7303.172799999999,8089.022841743878,2020/03/09 04:00,8299.06,止损,0,-2.8610992609380643,是
11,2020/03/09 12:00,做空,7901.86,7984.0,7984.0,157.48895778989476,7826.511042210105,是,2020/03/09 16:00,7826.511042210105,7984.0,7025.92,7747.766563315158,2020/03/09 16:00,7984.0,止损,0,-1.0000000000000004,是
12,2020/03/10 16:00,做多,8068.62,7996.28,7996.28,171.17399292293803,8167.453992922938,是,2020/04/29 16:00,8167.453992922938,7996.28,9755.461599999999,8253.040989384406,2020/04/29 16:00,7942.56,止损,0,-1.3138327212135772,是
13,2020/04/29 20:00,做多,8353.85,8182.49,8182.49,121.30260629006189,8303.792606290062,是,2020/04/30 00:00,8353.66,8182.49,9982.6378,8364.443909435093,2020/04/30 16:00,8955.915795638894,止损,4,6.845702797944088,否
14,2020/05/03 08:00,做多,9139.48,9020.0,9020.0,205.34672267902903,9225.346722679029,是,2020/05/06 16:00,9225.346722679029,9020.0,11004.4,9328.020084018544,2020/05/06 16:00,9019.27,止损,0,-1.0035549629936902,是
15,2020/05/07 20:00,做多,9518.55,9405.0,9405.0,201.12792943071815,9606.127929430719,是,2020/05/08 00:00,9606.127929430719,9405.0,11474.1,9706.691894146077,2020/05/09 08:00,9758.203405156213,止损,8,0.1914646115569556,否
16,2020/05/09 12:00,做空,9609.65,9726.0,9726.0,218.8456281462992,9507.154371853701,是,2020/05/10 08:00,9507.154371853701,9726.0,8558.88,9397.731557780551,2020/05/10 08:00,8558.88,止盈,0,4.6198975068298616,是
17,2020/05/11 16:00,做多,8923.21,8900.2,8900.2,279.27945624243864,9179.47945624244,是,2020/05/13 20:00,9179.47945624244,8900.2,10858.244,9319.119184363659,2020/05/15 08:00,9635.846999986627,止损,9,2.6688842557892,否
18,2020/05/17 20:00,做多,9818.43,9572.38,9529.53,239.577689998371,9769.107689998371,是,2020/05/18 00:00,9818.43,9529.53,11626.026600000001,9888.896534997557,2020/05/18 16:00,9668.253486136258,止损,4,-0.6268384750882402,否
19,2020/05/20 20:00,做空,9410.03,9555.0,9555.0,209.7950564325366,9345.204943567463,是,2020/05/21 16:00,9345.204943567463,9555.0,8408.4,9240.307415351195,2020/05/22 20:00,9196.71266638549,止损,7,0.16244239199907218,否
20,2020/05/23 08:00,做多,9280.0,9259.38,9259.38,204.31710025638802,9463.697100256388,是,2020/05/28 20:00,9463.697100256388,9259.38,11296.443599999999,9565.855650384581,2020/05/28 20:00,9258.52,止损,0,-1.0042091435269989,是
21,2020/05/29 04:00,做多,9569.59,9537.0,9280.0,162.5359111958362,9442.535911195837,是,2020/05/29 08:00,9569.58,9280.0,11321.6,9523.803866793754,2020/05/30 00:00,9407.37,止损,4,-0.9979948357662055,否
22,2020/05/31 04:00,做多,9695.0,9596.0,9596.0,144.54394325816128,9740.54394325816,是,2020/06/02 04:00,9740.54394325816,9596.0,11707.119999999999,9812.815914887242,2020/06/02 04:00,9567.5,止损,0,-5.79771053956523,是
23,2020/06/02 20:00,做空,9467.9,9486.89,9486.89,167.480314984215,9319.409685015784,是,2020/06/12 00:00,9319.409685015784,9486.89,8348.4632,9235.669527523676,2020/06/12 00:00,9525.02,止损,0,-1.2276685472175957,是
24,2020/06/15 08:00,做空,9160.68,9240.97,9240.97,123.38791991956133,9117.582080080438,是,2020/06/15 12:00,9117.582080080438,9240.97,8132.053599999999,9055.888120120657,2020/06/15 20:00,9240.97,止损,2,-1.0000000000000029,是
25,2020/06/16 08:00,做多,9559.49,9490.83,9368.32,143.67923213208138,9511.99923213208,是,2020/06/16 12:00,9559.87,9368.32,11429.3504,9583.838848198122,2020/06/17 20:00,9405.181049669065,止损,8,-1.0766270673602527,否
26,2020/06/18 00:00,做空,9293.61,9355.0,9416.0,135.64035563036683,9280.359644369633,是,2020/06/18 04:00,9280.359644369633,9416.0,8286.08,9212.53946655445,2020/06/18 04:00,9416.0,止损,0,-0.999999999999999,是
27,2020/06/19 08:00,做空,9268.73,9272.41,9272.41,126.83687553800867,9145.573124461991,是,2020/06/25 08:00,9145.573124461991,9272.41,8159.7208,9082.154686692988,2020/06/25 08:00,9298.78,止损,0,-1.207904837517846,是
28,2020/06/28 00:00,做空,8932.93,9087.42,9087.42,115.96206917504611,8971.457930824954,是,2020/06/28 04:00,8932.93,9087.42,7996.9296,8913.476896237431,2020/06/28 04:00,9087.42,止损,0,-1.3322459757663974,是
29,2020/06/30 04:00,做多,9189.48,9181.0,9146.0,112.45244936323024,9258.45244936323,是,2020/07/01 20:00,9258.45244936323,9146.0,11158.119999999999,9314.678674044846,2020/07/01 20:00,9146.0,止损,0,-1.000000000000004,是
30,2020/07/02 20:00,做空,9049.61,9137.19,9137.19,87.2432257050415,9049.946774294958,是,2020/07/03 00:00,9049.62,9137.19,8040.7272,9006.325161442439,2020/07/03 04:00,9137.19,止损,1,-1.0037455549392797,是
31,2020/07/05 00:00,做多,9131.33,9113.0,9113.0,77.8686636385428,9190.868663638543,是,2020/07/06 12:00,9190.868663638543,9113.0,11117.86,9229.802995457814,2020/07/06 12:00,9087.31,止损,0,-1.3299144842044608,是
32,2020/07/06 20:00,做多,9302.99,9238.23,9238.23,82.73082760149727,9320.960827601497,是,2020/07/07 00:00,9320.960827601497,9238.23,11270.640599999999,9362.326241402245,2020/07/07 12:00,9238.23,止损,3,-1.000000000000001,是
33,2020/07/08 20:00,做多,9410.92,9320.0,9295.55,80.03196702907992,9375.581967029078,是,2020/07/09 00:00,9410.91,9295.55,11340.570999999998,9415.597950543619,2020/07/09 20:00,9324.931250697215,止损,5,-2.4061322713160465,否
34,2020/07/10 12:00,做空,9153.71,9164.33,9164.33,82.89671478199827,9081.433285218001,是,2020/07/16 12:00,9081.433285218001,9164.33,8064.6104,9039.984927827003,2020/07/16 12:00,9202.5,止损,0,-1.4604525052697175,是
35,2020/07/20 04:00,做多,9210.51,9182.45,9182.45,51.190615385036,9233.640615385037,是,2020/07/21 12:00,9233.640615385037,9182.45,11202.589,9259.235923077555,2020/07/21 12:00,9180.91,止损,0,-3.6469695466800545,是
36,2020/07/23 04:00,做多,9518.25,9389.94,9389.94,59.582930215383016,9449.522930215384,是,2020/07/23 08:00,9518.25,9389.94,11455.7268,9479.314395323076,2020/07/24 12:00,9500.515741520214,止损,7,-0.18190641044999883,否
37,2020/07/26 00:00,做多,9674.11,9650.0,9650.0,74.31087709246403,9724.310877092465,是,2020/07/26 04:00,9724.310877092465,9650.0,11773.0,9761.466315638696,2020/07/28 16:00,10634.693299253087,止损,15,21.072631392376785,否
38,2020/07/31 16:00,做多,11231.87,11195.52,11195.52,209.90914192828743,11405.429141928287,是,2020/08/01 00:00,11405.429141928287,11195.52,13658.5344,11510.383712892432,2020/08/02 12:00,11760.247668706172,止损,9,2.1378115853446937,否
39,2020/08/03 20:00,做多,11392.33,11297.98,11297.98,274.76192705954094,11572.74192705954,是,2020/08/05 20:00,11572.74192705954,11297.98,13783.5356,11710.122890589311,2020/08/06 12:00,11592.42375525075,止损,4,-0.51096750579864,否
40,2020/08/06 20:00,做多,11850.0,11813.0,11813.0,217.24673894611905,12030.24673894612,是,2020/08/10 08:00,12030.24673894612,11813.0,14411.86,12138.870108419178,2020/08/10 08:00,11685.99,止损,0,-1.584634782626135,是
41,2020/08/11 20:00,做空,11493.15,11651.0,11712.05,195.17679546336805,11516.87320453663,是,2020/08/12 00:00,11493.15,11712.05,10306.604,11419.284806804948,2020/08/12 20:00,11548.656732100944,止损,5,-1.0696121109390346,否
42,2020/08/14 04:00,做多,11790.0,11667.96,11667.96,200.5865641066587,11868.546564106658,是,2020/08/15 08:00,11868.546564106658,11667.96,14234.911199999999,11968.839846159986,2020/08/16 04:00,11744.044010966758,止损,5,-0.6206923863240327,否
43,2020/08/17 20:00,做多,12443.99,11947.0,11947.0,164.1741756969678,12111.174175696968,是,2020/08/18 00:00,12443.99,11947.0,14575.34,12193.261263545452,2020/08/18 20:00,12016.68509084733,止损,5,-4.6320915885639256,否
44,2020/08/22 04:00,做空,11538.53,11608.08,11608.08,161.653046390624,11446.426953609376,是,2020/08/22 08:00,11446.426953609376,11608.08,10215.1104,11365.600430414064,2020/08/22 16:00,11608.08,止损,2,-0.9999999999999986,是
45,2020/08/23 16:00,做空,11532.84,11550.0,11550.0,143.70859359765439,11406.291406402346,是,2020/08/25 20:00,11406.291406402346,11550.0,10164.0,11334.43710960352,2020/08/25 20:00,11622.01,止损,0,-1.5010834647899234,是
46,2020/08/26 00:00,做空,11304.62,11344.4,11344.4,133.16413810381377,11211.235861896186,是,2020/08/28 00:00,11211.235861896186,11344.4,9983.072,11144.65379284428,2020/08/28 00:00,11344.4,止损,0,-0.9999999999999977,是
47,2020/08/29 12:00,做多,11558.99,11544.88,11544.88,134.65356015905724,11679.533560159056,是,2020/08/31 00:00,11679.533560159056,11544.88,14084.753599999998,11746.860340238585,2020/09/01 08:00,11588.813084423684,止损,8,-1.8632807852634539,否
48,2020/09/01 12:00,做多,11933.08,11784.21,11784.21,118.59718064677696,11902.807180646776,是,2020/09/01 16:00,11934.24,11784.21,14376.7362,11962.105770970165,2020/09/02 12:00,11784.21,止损,5,-3.498818418254511,否
49,2020/09/02 16:00,做空,11417.49,11730.02,11812.0,135.03774649705588,11676.962253502945,是,2020/09/02 20:00,11417.5,11812.0,10394.56,11609.443380254415,2020/09/04 04:00,10394.56,止盈,8,14.578368278997617,否
50,2020/09/06 00:00,做空,9960.16,9975.85,10306.29,255.77814532439277,10050.511854675608,是,2020/09/06 04:00,9960.76,10306.29,9069.5352,9922.622782013412,2020/09/07 04:00,10306.29,止损,6,-1.35089727686382,否
51,2020/09/07 16:00,做空,10031.6,10050.01,10125.56,235.75139072589334,9889.808609274107,是,2020/09/07 20:00,9889.808609274107,10125.56,8910.4928,9771.93291391116,2020/09/07 20:00,10125.56,止损,0,-0.999999999999997,是
52,2020/09/08 04:00,做多,10378.76,10348.97,10348.97,230.1432411236128,10579.113241123612,是,2020/09/13 12:00,10579.113241123612,10348.97,12625.7434,10694.184861685419,2020/09/13 16:00,10348.97,止损,1,-1.0000000000000002,是
53,2020/09/14 20:00,做多,10688.0,10474.99,10352.68,138.22852257661427,10490.908522576614,是,2020/09/15 00:00,10687.99,10352.68,12630.2696,10560.022783864923,2020/09/15 16:00,10598.966681921544,止损,4,-1.069508907432427,否
54,2020/09/16 20:00,做多,10998.0,10937.52,10923.42,146.95057264847537,11070.370572648475,是,2020/09/17 00:00,11070.370572648475,10923.42,13326.5724,11143.845858972712,2020/09/17 08:00,10923.42,止损,2,-0.9999999999999969,是
55,2020/09/19 16:00,做多,11130.7,11035.0,11035.0,122.98969467913503,11157.989694679134,是,2020/09/19 20:00,11157.989694679134,11035.0,13462.699999999999,11219.484542018703,2020/09/19 20:00,11035.0,止损,0,-0.9999999999999926,是
56,2020/09/20 20:00,做空,10829.0,10890.29,10890.29,123.37047216565426,10766.919527834347,是,2020/09/21 00:00,10766.919527834347,10890.29,9583.4552,10705.23429175152,2020/09/21 00:00,10890.29,止损,0,-0.9999999999999983,是
57,2020/09/21 16:00,做空,10634.48,10751.0,10751.0,123.25707793090757,10627.742922069092,是,2020/09/21 20:00,10627.742922069092,10751.0,9460.88,10566.114383103639,2020/09/23 04:00,10563.085804496213,止损,8,-0.6719183053305755,否
58,2020/09/24 00:00,做空,10288.97,10374.12,10444.09,127.38899137539643,10316.701008624605,是,2020/09/24 04:00,10288.98,10444.09,9190.7992,10253.006512936905,2020/09/24 20:00,10444.09,止损,4,-2.8361163401893412,否
59,2020/09/25 00:00,做多,10644.56,10542.66,10489.73,138.87012154729572,10628.600121547295,是,2020/09/25 04:00,10644.57,10489.73,12797.470599999999,10698.035182320944,2020/09/25 20:00,10553.574673603227,止损,4,-1.8891079655619016,否
60,2020/09/28 08:00,做多,10881.81,10793.5,10793.5,119.75811720234915,10913.25811720235,是,2020/09/28 20:00,10913.25811720235,10793.5,13168.07,10973.137175803524,2020/09/29 04:00,10793.5,止损,2,-1.0000000000000007,是
61,2020/10/01 16:00,做多,10897.75,10850.0,10850.0,109.96693653762179,10959.966936537621,是,2020/10/09 16:00,10959.966936537621,10850.0,13237.0,11014.950404806432,2020/10/12 04:00,11294.452317235606,止损,15,5.271199836828023,否
62,2020/10/12 16:00,做空,11246.32,11278.0,11278.0,110.82699973590258,11167.173000264098,否,,,,,,,,未成交,0,,否
63,2020/10/12 20:00,做多,11551.71,11450.73,11450.73,117.16764974910741,11567.897649749108,是,2020/10/13 00:00,11567.897649749108,11450.73,13969.890599999999,11626.48147462366,2020/10/13 04:00,11450.73,止损,1,-1.000000000000005,是
64,2020/10/16 00:00,做多,11518.48,11433.18,11433.18,125.94765482682179,11559.127654826822,是,2020/10/16 04:00,11559.127654826822,11433.18,13948.4796,11622.101482240232,2020/10/16 12:00,11433.18,止损,2,-0.9999999999999956,是
65,2020/10/18 12:00,做多,11452.44,11424.09,11424.09,115.14061302742601,11539.230613027426,是,2020/10/19 08:00,11539.230613027426,11424.09,13937.389799999999,11596.80091954114,2020/10/19 08:00,11424.09,止损,0,-1.0000000000000024,是
66,2020/10/19 20:00,做多,11801.12,11543.0,11543.0,106.61355727112475,11649.613557271125,是,2020/10/20 00:00,11801.12,11543.0,14082.46,11702.920335906687,2020/10/23 08:00,12886.481662280972,止损,20,20.887055845054917,否
67,2020/10/24 20:00,做多,13103.61,13015.3,13015.3,183.38874306275508,13198.688743062754,是,2020/10/25 08:00,13198.688743062754,13015.3,15878.666,13290.383114594131,2020/10/25 12:00,13015.3,止损,1,-2.555766156826587,是
68,2020/10/27 16:00,做多,13448.85,13240.0,13240.0,189.8981745554933,13429.898174555494,是,2020/10/27 20:00,13448.85,13240.0,16152.8,13524.84726183324,2020/10/28 16:00,13469.23754038778,止损,5,-0.608825858884996,否
69,2020/10/28 20:00,做空,13208.65,13301.0,13308.88,227.64827910116756,13081.231720898832,是,2020/10/29 00:00,13081.231720898832,13308.88,11711.8144,12967.407581348249,2020/10/29 12:00,13308.88,止损,3,-1.0000000000000004,是
70,2020/10/29 20:00,做多,13429.04,13371.77,13371.77,232.23935754497364,13604.009357544974,是,2020/10/30 00:00,13604.009357544974,13371.77,16313.5594,13720.129036317461,2020/10/30 08:00,13371.77,止损,2,-0.9999999999999983,是
71,2020/10/31 16:00,做多,13929.99,13735.0,13735.0,247.7785240569283,13982.778524056928,是,2020/11/04 04:00,13982.778524056928,13735.0,16756.7,14106.667786085392,2020/11/04 04:00,13712.05,止损,0,-1.0926230394153444,是
72,2020/11/05 00:00,做多,14096.63,14070.0,14070.0,248.53059005439732,14318.530590054397,是,2020/11/05 08:00,14318.530590054397,14070.0,17165.399999999998,14442.795885081596,2020/11/06 16:00,15319.18968510987,止损,8,7.4443100938214215,否
73,2020/11/08 00:00,做空,14654.74,15177.0,15177.0,330.37874915265644,14846.621250847344,是,2020/11/08 04:00,14654.73,15177.0,13355.76,14681.431876271015,2020/11/08 16:00,15177.0,止损,3,-1.5808220151553325,是
74,2020/11/09 16:00,做多,15807.88,15678.0,15678.0,342.22691490790595,16020.226914907906,是,2020/11/12 16:00,16020.226914907906,15678.0,19127.16,16191.34037236186,2020/11/12 16:00,15678.0,止损,0,-0.9999999999999992,是
75,2020/11/13 04:00,做多,16289.02,16208.78,16208.78,342.5927425510979,16551.3727425511,是,2020/11/17 00:00,16551.3727425511,16208.78,19774.7116,16722.669113826647,2020/11/18 12:00,17465.56035744559,止损,9,4.680186627423764,否
76,2020/11/20 12:00,做多,18223.0,18200.0,18200.0,400.1930979916751,18600.193097991676,是,2020/11/20 20:00,18600.193097991676,18200.0,22204.0,18800.289646987512,2020/11/20 20:00,18200.0,止损,0,-1.0000000000000024,是
77,2020/11/22 16:00,做空,17925.2,18302.08,18302.08,385.12695172756804,17916.953048272433,是,2020/11/22 20:00,17916.953048272433,18302.08,16105.8304,17724.38957240865,2020/11/22 20:00,18302.08,止损,0,-1.0000000000000016,是
78,2020/11/24 16:00,做多,19089.69,18812.65,18812.65,397.4065148765785,19210.05651487658,是,2020/11/24 20:00,19210.05651487658,18812.65,22951.433,19408.75977231487,2020/11/25 08:00,18812.65,止损,3,-1.0000000000000047,是
79,2020/11/26 08:00,做空,17930.0,18509.12,18635.01,425.10712400124635,18209.902875998752,是,2020/11/26 12:00,17930.0,18635.01,16398.8088,17997.34931399813,2020/11/26 16:00,16398.8088,止盈,1,6.536216974787406,是
80,2020/11/28 20:00,做多,17518.56,17274.97,17274.97,510.80575497853755,17785.77575497854,是,2020/11/29 00:00,17785.77575497854,17274.97,21075.4634,18041.178632467807,2020/12/01 16:00,19243.066509973207,止损,16,5.117615139394253,否
81,2020/12/03 16:00,做多,19420.01,19365.0,19365.0,513.9940038002122,19878.994003800213,是,2020/12/16 16:00,19878.994003800213,19365.0,23625.3,20135.991005700318,2020/12/17 16:00,23625.3,止盈,6,13.04510548104767,否
82,2020/12/19 20:00,做多,23569.23,23256.86,23256.86,520.6103359413949,23777.470335941394,是,2020/12/20 00:00,23777.470335941394,23256.86,28373.3692,24037.775503912093,2020/12/20 08:00,23256.86,止损,2,-0.9999999999999978,是
83,2020/12/21 16:00,做空,22663.0,23076.25,23076.25,576.8901567932512,22499.35984320675,是,2020/12/21 20:00,22499.35984320675,23076.25,20307.1,22210.914764810124,2020/12/21 20:00,23076.25,止损,0,-1.0000000000000009,是
84,2020/12/22 20:00,做多,23364.44,23330.0,23330.0,657.1394976560671,23987.139497656066,是,2020/12/23 08:00,23987.139497656066,23330.0,28462.6,24315.7092464841,2020/12/23 16:00,23330.0,止损,2,-0.9999999999999982,是
85,2020/12/25 04:00,做多,23737.44,23637.99,23637.99,615.7526215624431,24253.742621562444,是,2020/12/25 16:00,24253.742621562444,23637.99,28838.3478,24561.618932343667,2020/12/25 16:00,23637.99,止损,0,-2.5708256305034825,是
86,2020/12/26 04:00,做多,24730.0,24718.0,24718.0,622.768437275855,25340.768437275856,是,2020/12/26 20:00,25340.768437275856,24718.0,30155.96,25652.152655913782,2020/12/27 20:00,26775.196951366157,止损,6,3.6372997247018324,否
87,2020/12/30 04:00,做多,27402.83,27188.0,27188.0,728.1948137987055,27916.194813798706,是,2020/12/30 08:00,27916.194813798706,27188.0,33169.36,28280.29222069806,2020/12/31 20:00,28370.924911397502,止损,9,0.5332021069620362,否
88,2021/01/02 12:00,做多,29777.33,29668.86,29668.86,726.4242409691241,30395.284240969126,是,2021/01/02 20:00,30395.284240969126,29668.86,36196.0092,30758.496361453686,2021/01/04 00:00,32791.96252945928,止损,7,4.779067963533155,否
89,2021/01/04 12:00,做空,32186.58,32400.0,32472.0,1083.5402240720564,31388.459775927942,是,2021/01/04 16:00,31388.459775927942,32472.0,28575.36,30846.689663891917,2021/01/04 16:00,32472.0,止损,0,-2.5796460177247456,是
90,2021/01/06 00:00,做多,33747.0,32900.0,32900.0,1341.2452882685761,34241.245288268576,是,2021/01/06 04:00,34241.245288268576,32900.0,40138.0,34911.86793240286,2021/01/08 00:00,37107.7077049954,止损,11,3.712602135699066,否
91,2021/01/08 16:00,做多,41399.98,40565.62,40565.62,1648.246095655465,42213.86609565547,是,2021/02/08 20:00,42213.86609565547,40565.62,49490.0564,43037.9891434832,2021/02/08 20:00,39495.35,止损,0,-4.252384467422735,是
92,2021/02/09 04:00,做多,46451.32,45063.24,45063.24,1385.4838443779365,46448.723844377935,是,2021/02/09 08:00,46451.32,45063.24,54977.152799999996,47141.4657665669,2021/02/09 20:00,45063.24,止损,3,-2.8417797984268613,是
93,2021/02/10 20:00,做空,44397.24,45057.65,45057.65,1547.282338946112,43510.36766105389,是,2021/02/28 20:00,43510.36766105389,45057.65,39650.732,42736.726491580834,2021/02/28 20:00,45335.56,止损,0,-1.179611692711032,是
94,2021/03/01 16:00,做多,47720.0,46836.16,45573.2,1966.1257355434013,47539.325735543396,是,2021/03/01 20:00,47720.01,45573.2,55599.304,48522.3886033151,2021/03/03 00:00,47994.766620927934,止损,7,-0.46537550554530027,否
95,2021/03/03 12:00,做多,49769.54,49714.72,49714.72,1712.4363873674592,51427.15638736746,是,2021/03/03 16:00,51427.15638736746,49714.72,60651.9584,52283.37458105119,2021/03/04 08:00,49714.72,止损,4,-1.0,否
96,2021/03/05 00:00,做空,48019.76,48550.0,48550.0,1709.7346118148175,46840.26538818518,是,2021/03/05 08:00,46840.26538818518,48550.0,42724.0,45985.398082277774,2021/03/05 20:00,48550.0,止损,3,-1.0000000000000013,是
97,2021/03/07 08:00,做多,49582.55,49253.63,49174.0,1536.9300730573225,50710.93007305732,是,2021/03/07 16:00,50710.93007305732,49174.0,59992.28,51479.39510958598,2021/03/10 12:00,53127.73577854793,止损,17,2.0268400876832593,否
98,2021/03/10 20:00,做多,56373.52,55890.0,55890.0,1411.6906944699085,57301.69069446991,是,2021/03/11 00:00,57301.69069446991,55890.0,68185.8,58007.536041704865,2021/03/11 04:00,55890.0,止损,1,-0.9999999999999993,是
99,2021/03/12 04:00,做多,57844.52,57838.43,57317.0,1454.2802250521288,58771.28022505213,是,2021/03/13 16:00,58771.28022505213,57317.0,69926.74,59498.420337578194,2021/03/13 16:00,57317.0,止损,0,-2.7802071123584153,是
100,2021/03/14 00:00,做多,60804.75,60518.92,57840.0,1498.9785801135647,59338.978580113566,是,2021/03/14 04:00,60805.52,57840.0,70564.8,60088.467870170345,2021/03/15 00:00,59516.842834586794,止损,5,-2.027543536076516,否
101,2021/03/15 04:00,做空,59037.12,59344.04,59344.04,1421.3746873760176,57922.66531262398,是,2021/03/15 12:00,57922.66531262398,59344.04,52222.7552,57211.97796893597,2021/03/15 12:00,60484.28,止损,0,-1.802209304926473,是
102,2021/03/15 16:00,做空,56182.03,57210.0,57210.0,1564.6029788390128,55645.397021160985,是,2021/03/15 20:00,55645.397021160985,57210.0,50344.8,54863.09553174148,2021/03/15 20:00,57210.0,止损,0,-1.0000000000000016,是
103,2021/03/16 08:00,做空,54330.15,54517.28,54517.28,1672.6876652204933,52844.5923347795,是,2021/03/25 04:00,52844.5923347795,54517.28,47975.2064,52008.248502169256,2021/03/25 04:00,54788.87,止损,0,-1.1623674315576453,是
104,2021/03/25 20:00,做空,51024.33,51500.0,51500.0,1438.6708701151194,50061.32912988488,是,2021/04/18 08:00,50061.32912988488,51500.0,45320.0,49341.993694827324,2021/04/18 08:00,60090.14,止损,0,-6.970886168921066,是
105,2021/04/19 12:00,做多,57325.01,57260.0,56559.4,1736.9234198625873,58296.32341986259,是,2021/05/01 08:00,58296.32341986259,56559.4,69002.468,59164.78512979388,2021/05/02 08:00,57129.883391525786,止损,6,-0.6715552424464871,否
106,2021/05/03 08:00,做多,58004.55,57959.97,57959.97,1175.8513586416807,59135.82135864168,是,2021/05/08 16:00,59135.82135864168,57959.97,70711.1634,59723.74703796252,2021/05/08 20:00,57959.97,止损,1,-1.0000000000000004,是
107,2021/05/09 20:00,做空,57461.83,57529.94,57529.94,1354.2162369978653,56175.72376300213,是,2021/05/11 00:00,56175.72376300213,57529.94,50626.347200000004,55498.6156445032,2021/05/11 00:00,58359.24,止损,0,-1.6123837370599376,是
108,2021/05/12 08:00,做多,57813.05,56908.66,56500.0,1438.3300901579598,57938.33009015796,是,2021/05/12 12:00,57938.33009015796,56500.0,68930.0,58657.49513523694,2021/05/12 16:00,56500.0,止损,1,-0.9999999999999979,是
109,2021/05/13 00:00,做空,54468.36,55300.0,55800.0,1417.5813379342214,54382.41866206578,是,2021/05/13 04:00,54382.41866206578,55800.0,49104.0,53673.62799309867,2021/05/13 04:00,49104.0,止盈,0,4.070439210546047,是
110,2021/05/14 20:00,做多,51241.26,51000.0,50878.95,1811.618751068285,52690.568751068284,是,2021/09/07 04:00,52690.568751068284,50878.95,62072.318999999996,53596.37812660242,2021/09/07 16:00,50878.95,止损,3,-1.0000000000000009,是
111,2021/09/07 20:00,做空,46644.0,50500.0,51040.0,825.1209944555687,50214.87900554443,是,2021/09/08 00:00,46640.55,51040.0,44915.2,49802.318508316646,2021/09/08 16:00,44915.2,止盈,4,4.2700283033335555,否
112,2021/09/09 20:00,做多,46989.14,46834.31,46834.31,1183.8079776829431,48018.11797768294,是,2021/09/15 20:00,48018.11797768294,46834.31,57137.858199999995,48610.021966524415,2021/09/16 12:00,47614.56,止损,4,-0.3408981737670162,否
113,2021/09/18 12:00,做多,48621.6,48150.0,48150.0,848.3535359690044,48998.35353596901,是,2021/10/04 00:00,48998.35353596901,48150.0,58743.0,49422.53030395351,2021/10/04 00:00,47863.51,止损,0,-1.3377011916061226,是
114,2021/10/05 00:00,做多,49374.94,49304.12,49304.12,941.824258595493,50245.9442585955,是,2021/10/05 16:00,50245.9442585955,49304.12,60151.0264,50716.85638789324,2021/10/06 16:00,50733.0037894865,止损,6,0.05862380361687208,否
115,2021/10/06 20:00,做多,55014.04,51888.0,51888.0,963.7067236400064,52851.70672364,是,2021/10/07 00:00,55014.04,51888.0,63303.36,53333.56008546001,2021/10/07 16:00,54481.71896721827,止损,4,-1.1716864040322434,否
116,2021/10/08 16:00,做多,55300.99,55046.88,54826.87,1113.9483745789964,55940.818374579,是,2021/10/10 12:00,55940.818374579,54826.87,66888.7814,56497.7925618685,2021/10/10 16:00,54826.87,止损,1,-1.0000000000000018,是
117,2021/10/11 20:00,做多,57500.0,57164.92,57164.92,1154.3746649913999,58319.2946649914,是,2021/10/14 08:00,58319.2946649914,57164.92,69741.2024,58896.4819974871,2021/10/14 20:00,57164.92,止损,3,-1.0000000000000027,是
118,2021/10/15 08:00,做多,59445.04,58586.67,58586.67,1192.5068293488334,59779.176829348835,是,2021/10/15 12:00,59779.176829348835,58586.67,71475.7374,60375.43024402325,2021/10/16 20:00,60587.833261200234,止损,8,-0.09318211368990181,否
119,2021/10/18 04:00,做多,61571.45,61547.56,61547.56,1164.7460992916715,62712.30609929167,是,2021/10/18 12:00,62712.30609929167,61547.56,75088.0232,63294.6791489375,2021/10/18 16:00,61547.56,止损,1,-1.0000000000000029,是
120,2021/10/20 00:00,做多,64219.99,63349.67,63088.0,1307.471943710458,64395.47194371046,是,2021/10/20 04:00,64395.47194371046,63088.0,76967.36,65049.20791556569,2021/10/21 08:00,64228.36436874689,止损,7,-2.1824431644160764,否
121,2021/10/21 20:00,做空,63040.21,63828.0,63828.0,1368.3700522588185,62459.62994774118,是,2021/10/22 04:00,62459.62994774118,63828.0,56168.64,61775.44492161177,2021/10/25 08:00,61799.98642307934,止损,19,-0.288973657209729,否
122,2021/10/25 12:00,做多,62683.86,62288.61,61350.0,1275.5995519503465,62625.59955195035,是,2021/10/25 16:00,62683.87,61350.0,74847.0,63263.39932792552,2021/10/26 12:00,62308.70367098362,止损,5,-1.3490618238314924,否
123,2021/10/27 04:00,做空,60358.75,61851.37,61851.37,1124.2520979626895,60727.11790203732,是,2021/10/27 08:00,60358.74,61851.37,54429.2056,60164.991853055966,2021/10/28 16:00,59629.90155451528,止损,8,0.9765931439746139,否
124,2021/10/31 16:00,做空,60523.94,60631.23,60631.23,1211.8526040501913,59419.377395949814,是,2021/11/01 12:00,59419.377395949814,60631.23,53355.4824,58813.45109392472,2021/11/01 12:00,60631.23,止损,0,-0.9999999999999983,是
125,2021/11/02 16:00,做多,62989.67,62543.58,62543.58,1215.7872747752729,63759.36727477527,是,2021/11/02 20:00,63759.36727477527,62543.58,76303.1676,64367.260912162914,2021/11/03 20:00,62543.58,止损,6,-0.9999999999999976,否
126,2021/11/06 16:00,做空,60391.29,60517.38,60762.0,1091.7238059184738,59670.276194081525,是,2021/11/16 16:00,59670.276194081525,60762.0,53470.56,59124.41429112229,2021/11/16 16:00,60840.6,止损,0,-1.0719962316236868,是
127,2021/11/18 20:00,做空,58142.13,59002.27,59355.0,1315.3285163686942,58039.671483631304,是,2021/11/19 00:00,58039.671483631304,59355.0,52232.4,57382.007225446956,2021/11/19 20:00,57804.153959733456,止损,5,-0.4923381708650514,否
128,2021/11/20 08:00,做多,58532.75,58333.0,57560.0,1341.6780616019996,58901.678061602,是,2021/11/21 00:00,58901.678061602,57560.0,70223.2,59572.517092403,2021/11/21 00:00,57560.0,止损,0,-0.999999999999998,是
129,2021/11/21 04:00,做多,59716.29,59664.97,58980.0,1301.0528891420784,60281.052889142076,是,2024/02/28 20:00,60281.052889142076,58980.0,71955.59999999999,60931.57933371312,2024/02/28 20:00,58980.0,止损,0,-2.552588689405238,是
130,2024/03/04 00:00,做多,62797.1,62720.0,62276.6,1023.5891457380184,63300.18914573802,是,2024/03/04 04:00,63300.18914573802,62276.6,75977.45199999999,63811.98371860703,2024/03/05 12:00,67361.5690456184,止损,8,7.134062505355802,否
131,2024/03/06 00:00,做空,61510.2,65021.1,66100.0,1404.2785957999538,64695.72140420005,是,2024/03/06 04:00,61497.3,66100.0,58168.0,63993.58210630007,2024/03/06 12:00,66100.0,止损,2,-4.952934567829026,是
132,2024/03/10 08:00,做多,69208.1,68608.7,68608.7,1329.2354181652977,69937.93541816529,是,2024/03/10 16:00,69937.93541816529,68608.7,83702.614,70602.55312724794,2024/03/11 04:00,68608.7,止损,3,-0.9999999999999956,是
133,2024/03/11 12:00,做多,71223.8,69999.8,69999.8,1276.3592077025828,71276.15920770259,是,2024/03/11 16:00,71276.15920770259,69999.8,85399.75600000001,71914.33881155388,2024/03/12 20:00,70998.08937561356,止损,7,-1.0509427505834408,否
134,2024/03/14 20:00,做空,70904.5,71671.1,71671.1,1277.98245323172,70393.11754676829,是,2024/03/15 00:00,70393.11754676829,71671.1,63070.56800000001,69754.12632015243,2024/03/15 04:00,71671.1,止损,1,-2.6985366227140375,是
135,2024/03/15 08:00,做空,68266.0,68600.0,72540.5,1470.5667683395457,71069.93323166046,是,2024/03/15 12:00,68266.0,72540.5,63835.64,70334.64984749068,2024/03/18 04:00,68921.77685383502,止损,16,-0.7413153425879249,否
136,2024/03/19 08:00,做空,65930.5,66601.6,66814.6,1651.011159508184,65163.58884049182,是,2024/03/19 12:00,65163.58884049182,66814.6,58796.848000000005,64338.08326073773,2024/03/21 00:00,64381.86868696374,止损,9,-0.28046359999988907,否
137,2024/03/21 04:00,做多,67876.4,66062.4,64549.2,1935.6461560243138,66484.84615602432,是,2024/03/21 08:00,67876.4,64549.2,78750.02399999999,67452.66923403647,2024/03/22 00:00,65232.616910763914,止损,4,-1.3658400741312304,否
138,2024/03/22 16:00,做空,64268.0,64550.1,64550.1,1771.882509920083,62778.217490079915,是,2024/03/22 20:00,62778.217490079915,64550.1,56804.087999999996,61892.276235119876,2024/03/22 20:00,64550.1,止损,0,-1.0000000000000004,是
139,2024/03/23 20:00,做多,65147.5,64887.6,64729.1,1693.8088797694909,66422.90887976949,是,2024/03/25 04:00,66422.90887976949,64729.1,78969.502,67269.81331965423,2024/03/26 20:00,69554.2072652627,止损,10,3.115880258860221,否
140,2024/03/27 20:00,做空,68922.0,69320.0,69320.0,1364.0879180737886,67955.91208192622,是,2024/04/02 08:00,67955.91208192622,69320.0,61001.6,67273.86812288931,2024/04/02 08:00,69700.0,止损,0,-3.4528477641856776,是
141,2024/04/02 20:00,做空,64928.3,65108.0,65108.0,1172.7883934185907,63935.21160658141,是,2024/04/14 00:00,63935.21160658141,65108.0,57295.04,63348.817409872114,2024/04/14 00:00,67683.2,止损,0,-3.1957925355088816,是
142,2024/04/15 12:00,做多,66224.8,65842.8,64891.6,1624.216355564896,66515.8163555649,是,2024/04/15 16:00,66515.8163555649,64891.6,79167.752,67327.92453334734,2024/04/15 20:00,64891.6,止损,1,-0.9999999999999993,是
143,2024/04/17 20:00,做空,60272.0,61680.0,61680.0,1602.905223020138,60077.09477697986,是,2024/04/18 00:00,60077.09477697986,61680.0,54278.4,59275.64216546979,2024/04/18 00:00,61680.0,止损,0,-1.0000000000000022,是
144,2024/04/18 20:00,做多,63474.0,63049.9,62957.2,1671.6715317575604,64628.871531757555,是,2024/04/19 12:00,64628.871531757555,62957.2,76807.784,65464.70729763634,2024/04/19 12:00,61757.1,止损,0,-1.7179041918230409,是
145,2024/04/23 00:00,做多,66495.6,66449.0,66449.0,1272.4949363991063,67721.4949363991,是,2024/05/19 16:00,67721.4949363991,66449.0,81067.78,68357.74240459866,2024/05/20 00:00,66449.0,止损,2,-0.9999999999999979,是
146,2024/05/20 20:00,做多,67382.1,67341.4,67303.4,771.5113755243849,68074.91137552437,是,2024/05/21 00:00,68074.91137552437,67303.4,82110.14799999999,68460.66706328657,2024/05/22 00:00,69630.55002270054,止损,6,1.542153113514404,否
147,2024/05/23 04:00,做空,69219.1,69241.5,69242.0,997.1485164662736,68244.85148353373,是,2024/05/23 20:00,68244.85148353373,69242.0,60932.96,67746.27722530058,2024/05/23 20:00,70019.4,止损,0,-1.7796230823819192,是
148,2024/05/24 00:00,做空,67239.0,67612.8,68736.8,1017.7453595855065,67719.0546404145,是,2024/05/24 04:00,67239.1,68736.8,60488.384000000005,67210.18196062175,2024/05/25 00:00,68702.50555353574,止损,5,-2.9228441859788723,否
149,2024/05/27 04:00,做空,68524.3,68678.5,68830.0,822.6020698270988,68007.3979301729,是,2024/05/28 08:00,68007.3979301729,68830.0,60570.4,67596.09689525935,2024/05/28 08:00,69461.5,止损,0,-1.7676858874579993,是
150,2024/05/28 12:00,做空,67712.0,67760.0,68268.7,952.1272931110591,67316.57270688894,是,2024/05/29 00:00,67316.57270688894,68268.7,60076.456,66840.50906033341,2024/05/29 00:00,68399.8,止损,0,-1.1376916731077393,是
151,2024/05/30 20:00,做多,68566.4,68479.0,68330.6,902.1328766050387,69232.73287660505,是,2024/05/31 00:00,69232.73287660505,68330.6,83363.33200000001,69683.79931490756,2024/05/31 04:00,68330.6,止损,1,-1.0000000000000044,是
152,2024/05/31 20:00,做空,67252.7,67792.4,67792.4,857.2095538976298,66935.19044610237,是,2024/06/01 00:00,66935.19044610237,67792.4,59657.312,66506.58566915354,2024/06/01 00:00,67792.4,止损,0,-0.9999999999999981,是
153,2024/06/02 16:00,做多,68284.1,67951.7,67936.0,684.1592584855828,68620.15925848558,是,2024/06/03 08:00,68620.15925848558,67936.0,82881.92,68962.23888772838,2024/06/03 08:00,67805.9,止损,0,-1.1901604025471901,是
154,2024/06/03 12:00,做多,68949.9,68848.0,68545.9,723.273045524028,69269.17304552402,是,2024/06/03 16:00,69269.17304552402,68545.9,83625.99799999999,69630.80956828603,2024/06/04 08:00,68716.27441191171,止损,4,-2.0554121723470273,否
155,2024/06/04 20:00,做多,70492.0,70372.9,70372.9,763.8931710299869,71136.79317102997,是,2024/06/05 00:00,71136.79317102997,70372.9,85854.938,71518.73975654498,2024/06/05 00:00,70372.9,止损,0,-0.9999999999999913,是
156,2024/06/05 20:00,做多,71625.1,71430.0,71430.0,788.2915641420227,72218.29156414203,是,2024/10/29 20:00,72218.29156414203,71430.0,87144.59999999999,72612.43734621303,2024/10/29 20:00,71430.0,止损,0,-1.000000000000004,是
157,2024/10/30 00:00,做多,72528.6,72490.0,71607.0,825.2234121732452,72432.22341217325,是,2024/10/30 04:00,72534.6,71607.0,87360.54,72844.83511825987,2024/10/30 20:00,71994.9,止损,4,-0.6540047119830241,否
158,2024/10/31 20:00,做空,70638.7,71444.2,71444.2,805.2130213023172,70638.98697869768,是,2024/11/01 00:00,70638.6,71444.2,62870.896,70236.38046804653,2024/11/01 20:00,70583.1262436863,止损,5,-0.4962071859274906,否
159,2024/11/03 08:00,做空,68367.5,69022.8,69022.8,857.5016535715076,68165.29834642849,是,2024/11/03 20:00,68165.29834642849,69022.8,60740.064000000006,67736.54751964274,2024/11/04 04:00,69022.8,止损,2,-1.0000000000000042,是
160,2024/11/05 20:00,做多,69615.3,69243.8,69243.8,899.8517321278001,70143.65173212781,是,2024/11/06 00:00,70143.65173212781,69243.8,84477.436,70593.57759819171,2024/11/06 00:00,69243.8,止损,0,-1.0000000000000053,是
161,2024/11/06 08:00,做多,74367.1,70537.4,70537.4,990.4096163330727,71527.80961633306,是,2024/11/06 12:00,74367.1,70537.4,86055.628,72023.0144244996,2024/11/12 00:00,86055.628,止盈,33,24.543638913765534,否
162,2024/11/12 04:00,做多,88728.9,86971.0,86971.0,1437.020706279176,88408.02070627917,是,2024/11/12 08:00,88729.0,86971.0,106104.62,89126.53105941876,2024/11/12 08:00,86971.0,止损,0,-1.2233644180061425,是
163,2024/11/13 20:00,做多,92608.1,89920.0,89920.0,1880.8004787789116,91800.80047877891,是,2024/11/14 00:00,92608.0,89920.0,109702.4,92741.20071816837,2024/11/14 04:00,89920.0,止损,1,-1.429178708921402,是
164,2024/11/15 04:00,做空,87382.7,87555.0,88005.1,2165.542363188813,85839.5576368112,是,2025/02/26 20:00,85839.5576368112,88005.1,77444.48800000001,84756.78645521679,2025/02/26 20:00,88570.1,止损,0,-1.2609046166005373,是
165,2025/02/27 00:00,做空,83832.0,85377.2,86125.9,1546.0764524156439,84579.82354758435,是,2025/02/27 04:00,83832.0,86125.9,75790.792,83806.78532137653,2025/02/27 12:00,86125.9,止损,2,-1.4836911825517585,是
166,2025/02/28 08:00,做空,80429.2,82667.0,84000.0,1798.0474750881058,82201.95252491189,是,2025/02/28 12:00,80429.2,84000.0,73920.0,81302.92878736784,2025/02/28 20:00,84000.0,止损,2,-4.677796396665148,是
167,2025/03/01 08:00,做多,85279.3,85084.5,84858.6,2075.6833085116473,86934.28330851166,是,2025/03/02 20:00,86934.28330851166,84858.6,103527.492,87972.12496276747,2025/03/03 16:00,91176.1872463435,止损,5,0.9398308384404446,否
168,2025/03/04 00:00,做空,85552.0,87236.0,87236.0,2169.830000142857,85066.16999985714,是,2025/03/04 04:00,85066.16999985714,87236.0,76767.68000000001,83981.25499978571,2025/03/05 00:00,87236.0,止损,5,-2.524082531710906,否
169,2025/03/05 16:00,做多,89777.6,88931.0,88931.0,2458.9381700878785,91389.93817008787,是,2025/03/06 08:00,91389.93817008787,88931.0,108495.81999999999,92619.40725513182,2025/03/07 00:00,89442.1620423809,止损,4,-0.7921208232890847,否
170,2025/03/07 08:00,做空,86958.5,87790.5,89955.0,2383.8560226214795,87571.14397737852,是,2025/03/07 12:00,86958.4,89955.0,79160.4,86379.21596606779,2025/03/07 20:00,89955.0,止损,2,-1.2570390038508719,是
171,2025/03/09 16:00,做空,84990.1,85605.5,85605.5,1970.3819229152436,83635.11807708476,是,2025/03/09 20:00,83635.11807708476,85605.5,75332.84,82649.92711562713,2025/03/10 16:00,83158.56688513936,止损,5,-0.03913743437103154,否
172,2025/03/11 00:00,做空,79037.1,79142.8,79933.4,2173.896335816107,77759.50366418388,是,2025/03/11 08:00,77759.50366418388,79933.4,70341.39199999999,76672.55549627583,2025/03/11 12:00,79933.4,止损,1,-1.0000000000000027,是
173,2025/03/12 00:00,做多,83060.1,82240.0,80217.6,2207.3853468693837,82424.98534686939,是,2025/03/12 04:00,83060.1,80217.6,97865.47200000001,83528.67802030408,2025/03/12 20:00,81639.78681448796,止损,4,-0.6434369003701137,否
174,2025/03/14 00:00,做空,80177.9,80914.4,81575.6,1977.15722123438,79598.44277876563,是,2025/04/07 00:00,79598.44277876563,81575.6,71786.528,78609.86416814843,2025/04/07 00:00,82497.4,止损,0,-1.466224936540193,是
175,2025/04/07 04:00,做空,78390.0,78635.0,82781.5,1288.5475670044752,81492.95243299553,是,2025/04/07 08:00,78390.1,82781.5,72847.72,80848.67864949329,2025/04/08 00:00,78563.58377010847,止损,4,-0.8284269572589367,否
176,2025/04/09 00:00,做空,76830.0,77262.6,77262.6,1764.2242704426808,75498.37572955733,是,2025/04/09 08:00,75498.37572955733,77262.6,67991.088,74616.26359433598,2025/04/09 12:00,77262.6,止损,1,-0.9999999999999969,是
177,2025/04/10 00:00,做多,82291.4,78500.0,78500.0,1869.4507261180966,80369.4507261181,是,2025/04/10 04:00,82291.4,78500.0,95770.0,81304.17608917714,2025/04/10 20:00,79029.41819964192,止损,4,-3.6484318658021078,否
178,2025/04/12 00:00,做多,83809.5,83297.9,83297.9,1891.492669790148,85189.39266979015,是,2025/04/12 20:00,85189.39266979015,83297.9,101623.438,86135.13900468522,2025/04/13 20:00,83683.34580024115,止损,6,-0.7962213618919742,否
179,2025/04/16 04:00,做空,83608.7,83888.0,84303.0,1401.5300207879502,82901.46997921205,是,2025/11/21 12:00,82901.46997921205,84303.0,74186.64,82200.70496881807,2025/11/21 12:00,85782.4,止损,0,-2.0555606929976875,是
180,2025/11/23 08:00,做多,86261.0,85599.9,85599.9,1913.4011533052533,87513.30115330525,是,2025/11/24 00:00,87513.30115330525,85599.9,104431.878,88470.00172995788,2025/11/24 16:00,86550.86983903626,止损,4,-0.5029950528703651,否
181,2025/11/25 00:00,做多,88277.0,88100.0,88100.0,1704.8159681771324,89804.81596817714,是,2025/11/27 00:00,89804.81596817714,88100.0,107482.0,90657.2239522657,2025/11/27 00:00,86926.3,止损,0,-1.6884614069253319,是
182,2025/11/27 04:00,做多,90438.1,90362.7,88200.0,1632.9467885048853,89832.94678850488,是,2025/11/27 08:00,90438.0,88200.0,107604.0,90649.42018275733,2025/11/29 00:00,90733.67757154812,止损,10,-0.012214027452801757,否
183,2025/12/01 04:00,做空,90320.6,90363.0,90363.0,1071.1218293037282,89291.87817069628,是,2025/12/01 08:00,89291.87817069628,90363.0,79519.44,88756.3172560444,2025/12/01 08:00,90363.0,止损,0,-4.775294172305898,是
184,2025/12/01 20:00,做空,84650.0,85563.7,85563.7,1206.0018226043198,84357.69817739568,是,2025/12/02 00:00,84357.69817739568,85563.7,75296.056,83754.69726609351,2025/12/02 04:00,85563.7,止损,1,-0.9999999999999981,是
185,2025/12/02 20:00,做多,90809.2,87640.0,87640.0,1282.076169484779,88922.07616948478,是,2025/12/03 00:00,90809.2,87640.0,106920.8,89563.11425422717,2025/12/04 20:00,92670.12363918424,止损,11,2.091254281284977,否
186,2025/12/05 20:00,做空,90414.0,90822.5,90822.5,1371.6820858529113,89450.81791414709,是,2025/12/06 00:00,89450.81791414709,90822.5,79923.8,88764.97687122063,2025/12/06 20:00,89993.78652354876,止损,5,-0.39584143804287386,否
187,2025/12/08 00:00,做多,91379.7,89940.3,89940.3,1158.7317215301675,91099.03172153018,是,2025/12/08 04:00,91379.8,89940.3,109727.166,91678.39758229525,2025/12/08 04:00,89940.3,止损,0,-1.2423065436571141,是
188,2025/12/08 16:00,做多,91923.5,91868.0,91722.0,1306.2658242595812,93028.26582425958,是,2025/12/10 00:00,93028.26582425958,91722.0,111900.84,93681.39873638937,2025/12/10 16:00,91722.0,止损,4,-2.5616270150497504,否
189,2025/12/11 08:00,做空,89833.1,91520.0,91520.0,1374.844123360133,90145.15587663987,是,2025/12/11 12:00,89833.1,91520.0,80537.6,89457.7338149598,2025/12/12 04:00,90863.96126447115,止损,4,-0.7498022844594949,否
190,2025/12/14 16:00,做空,89308.2,89711.9,89711.9,1055.9868046878573,88655.91319531214,是,2025/12/15 00:00,88655.91319531214,89711.9,78946.472,88127.91979296821,2025/12/15 08:00,89711.9,止损,2,-2.50863627549863,是
191,2025/12/15 20:00,做空,86996.6,87504.3,87504.3,1068.352022327022,86435.94797767299,是,2025/12/16 00:00,86435.94797767299,87504.3,77003.784,85901.77196650946,2025/12/16 20:00,87504.3,止损,5,-2.559972710464768,否
192,2025/12/18 00:00,做空,85982.7,86158.4,87015.8,1307.8322108518803,85707.96778914813,是,2025/12/18 04:00,85707.96778914813,87015.8,76573.90400000001,85054.05168372218,2025/12/18 16:00,87015.8,止损,3,-0.9999999999999974,是
193,2025/12/19 00:00,做空,84447.0,85261.3,85261.3,1312.9893322453818,83948.31066775462,是,2026/01/30 00:00,83948.31066775462,85261.3,75029.944,83291.81600163193,2026/01/30 00:00,85261.3,止损,0,-1.0000000000000036,是
194,2026/01/30 08:00,做空,82640.9,83338.3,87650.1,1197.6531150791973,86452.4468849208,是,2026/01/30 12:00,82640.9,87650.1,77132.088,85853.62032738121,2026/01/31 04:00,84199.9,止损,4,-2.4955473019433914,否
195,2026/01/31 20:00,做空,81268.6,81832.0,81832.0,1285.8798505792204,80546.12014942078,是,2026/02/01 00:00,80546.12014942078,81832.0,72012.16,79903.18022413117,2026/02/01 00:00,81832.0,止损,0,-4.207220330999292,是
196,2026/02/02 20:00,做多,78800.6,78732.0,78732.0,1704.9114320893764,80436.91143208937,是,2026/05/04 12:00,80436.91143208937,78732.0,96053.04,81289.36714813407,2026/05/04 16:00,78732.0,止损,1,-0.9999999999999971,是
197,2026/05/05 08:00,做多,80836.9,80771.7,80590.2,876.5186014152847,81466.71860141528,是,2026/05/05 20:00,81466.71860141528,80590.2,98320.044,81904.97790212292,2026/05/07 16:00,80653.53157090307,止损,11,-3.0176832018604713,否
198,2026/05/07 20:00,做空,79861.6,80521.8,80521.8,902.1186450030997,79619.68135499691,是,2026/05/08 00:00,79619.68135499691,80521.8,70859.18400000001,79168.62203249535,2026/05/08 16:00,80284.83422356658,止损,4,-0.7373230475326037,否
199,2026/05/10 00:00,做多,80896.9,80641.8,80641.8,771.6896464872972,81413.4896464873,是,2026/05/10 20:00,81413.4896464873,80641.8,98382.996,81799.33446973095,2026/05/11 04:00,80641.8,止损,2,-2.99030790032153,是
200,2026/05/12 20:00,做空,80301.6,80394.0,80394.0,761.8729041037155,79632.12709589629,是,2026/05/13 20:00,79632.12709589629,80394.0,70746.72,79251.19064384443,2026/05/13 20:00,80460.0,止损,0,-3.2724262677864133,是
201,2026/05/14 20:00,做多,81245.5,80558.0,80558.0,811.4042477755946,81369.4042477756,是,2026/05/15 00:00,81369.4042477756,80558.0,98280.76,81775.1063716634,2026/05/15 12:00,80558.0,止损,3,-1.000000000000008,是
202,2026/05/15 20:00,做空,79118.0,79196.4,79196.4,842.5293206241431,78353.87067937585,是,2026/05/16 12:00,78353.87067937585,79196.4,69692.832,77932.60601906378,2026/05/17 12:00,78229.75685597582,止损,6,0.14731098415433355,否
203,2026/05/18 04:00,做空,77430.4,77675.4,77675.4,720.8086245128397,76954.59137548716,是,2026/05/18 08:00,76954.59137548716,77675.4,68354.352,76594.18706323074,2026/05/18 20:00,77675.4,止损,3,-2.778419342396695,是
204,2026/05/21 08:00,做多,78039.1,77825.8,77825.8,739.5864232336613,78565.38642323366,是,2026/08/21 16:00,78565.38642323366,77825.8,94947.476,78935.1796348505,2026/08/21 16:00,76310.3,止损,0,-3.0491181995659753,是
