序号,信号时间,方向,成交价,ATR,ATR%,EMA70偏离度%,前3K涨幅%,是否确认,出场时间,出场价,持仓K数,R值,出场原因,年份
1,2026-08-19 20:00,做多,64705.7,388.77,0.603,-1.05,-0.33,确认,2026-08-21 16:00,78940.95,11,63.743,止盈,2026
2,2026-08-18 20:00,做多,64541.5,386.62,0.601,-1.1,-0.28,确认,2026-08-19 12:00,64541.5,4,0.0,KAMA跟踪止损,2026
3,2026-08-18 00:00,做多,64199.9,373.84,0.583,-1.35,1.2,弱突破,2026-08-18 00:00,64281.87,0,0.219,弱突破平仓,2026
4,2026-08-12 20:00,做空,63518.3,432.19,0.673,-1.68,-1.0,弱突破,2026-08-12 20:00,63422.46,0,0.222,弱突破平仓,2026
5,2026-08-11 20:00,做空,63828.0,421.38,0.655,-1.53,-0.66,确认,2026-08-12 12:00,63828.0,4,0.0,KAMA跟踪止损,2026
6,2026-08-11 00:00,做空,64180.7,441.27,0.687,-1.74,1.04,弱突破,2026-08-11 00:00,64017.73,0,0.369,弱突破平仓,2026
7,2026-08-07 16:00,做多,64518.2,525.6,0.818,-1.82,-0.19,确认,2026-08-10 20:00,64733.06,19,0.409,KAMA跟踪止损,2026
8,2026-08-06 00:00,做多,64714.4,580.19,0.902,-1.81,0.32,弱突破,2026-08-06 00:00,64801.15,0,0.15,弱突破平仓,2026
9,2026-07-31 08:00,做空,64572.5,615.73,0.951,-1.74,0.02,弱突破,2026-07-31 08:00,64344.68,0,0.37,弱突破平仓,2026
10,2026-07-27 20:00,做空,64876.08,474.59,0.729,-1.48,0.46,确认,2026-07-29 12:00,64387.76,10,-0.369,KAMA跟踪止损,2026
11,2026-07-24 20:00,做空,64733.3,584.43,0.898,-1.73,0.03,确认,2026-07-26 12:00,64562.36,10,0.292,KAMA跟踪止损,2026
12,2026-07-23 20:00,做空,65314.18,587.09,0.896,-1.1,0.84,确认,2026-07-24 12:00,65314.18,4,0.0,KAMA跟踪止损,2026
13,2026-07-23 12:00,做空,65552.03,604.58,0.921,-0.94,0.59,弱突破,2026-07-23 12:00,65405.89,0,0.242,弱突破平仓,2026
14,2026-07-20 20:00,做多,65084.6,601.23,0.925,-1.97,0.44,确认,2026-07-22 20:00,65612.95,12,-0.049,KAMA跟踪止损,2026
15,2026-05-28 04:00,做空,74658.0,760.98,1.014,-1.66,1.2,弱突破,2026-05-28 04:00,74418.0,0,0.315,弱突破平仓,2026
16,2026-05-27 00:00,做空,76240.7,773.72,1.012,0.17,0.19,弱突破,2026-05-27 00:00,76024.4,0,0.28,弱突破平仓,2026
17,2026-05-24 04:00,做多,75970.33,753.85,0.993,-0.48,1.85,确认,2026-05-26 08:00,76633.36,13,0.009,KAMA跟踪止损,2026
18,2026-05-22 20:00,做空,77147.4,692.99,0.895,1.43,0.25,确认,2026-05-24 00:00,75815.0,7,1.934,KAMA跟踪止损,2026
19,2026-05-21 16:00,做空,77191.4,720.05,0.925,1.99,-0.28,弱突破,2026-05-21 16:00,77157.3,0,0.047,弱突破平仓,2026
20,2026-05-21 08:00,做多,77820.24,727.17,0.938,1.6,0.2,弱突破,2026-05-21 08:00,78039.67,0,0.302,弱突破平仓,2026
21,2026-05-18 04:00,做空,77815.25,705.84,0.901,2.82,-0.3,确认,2026-05-20 12:00,77416.57,14,-0.897,KAMA跟踪止损,2026
22,2026-05-17 16:00,做多,78288.8,719.13,0.92,2.52,-0.11,弱突破,2026-05-17 16:00,78375.06,0,0.12,弱突破平仓,2026
23,2026-05-15 20:00,做空,80269.59,829.08,1.029,5.85,0.58,确认,2026-05-17 12:00,78231.44,10,2.588,KAMA跟踪止损,2026
24,2026-05-13 20:00,做空,80377.5,739.03,0.918,6.01,-0.0,确认,2026-05-14 20:00,80377.5,6,-1.849,KAMA跟踪止损,2026
25,2026-05-13 08:00,做多,80968.6,744.19,0.925,6.15,-0.35,弱突破,2026-05-13 08:00,81217.1,0,0.334,弱突破平仓,2026
26,2026-05-06 16:00,做多,81745.51,835.22,1.027,8.66,-0.28,确认,2026-05-07 08:00,81745.51,4,0.0,KAMA跟踪止损,2026
27,2026-05-04 08:00,做多,79426.88,638.87,0.814,5.65,-0.12,确认,2026-05-04 16:00,78788.01,2,-1.0,前3K止损,2026
28,2026-05-03 04:00,做多,78558.3,680.74,0.868,5.71,0.33,弱突破,2026-05-03 04:00,78654.91,0,0.142,弱突破平仓,2026
29,2026-05-01 08:00,做多,76623.1,773.25,1.013,3.16,0.35,确认,2026-05-02 04:00,77734.89,5,0.538,KAMA跟踪止损,2026
30,2026-04-30 20:00,做多,76417.07,825.6,1.086,2.8,0.37,弱突破,2026-04-30 20:00,76429.2,0,0.015,弱突破平仓,2026
31,2026-04-30 00:00,做空,75679.74,828.27,1.092,2.68,1.41,弱突破,2026-04-30 00:00,75528.45,0,0.183,弱突破平仓,2026
32,2026-04-29 20:00,做空,76142.69,772.9,0.997,4.96,-1.65,弱突破,2026-04-29 20:00,75875.02,0,0.346,弱突破平仓,2026
33,2026-04-29 16:00,做多,77430.9,763.96,0.992,4.22,0.93,弱突破,2026-04-29 16:00,77555.8,0,0.163,弱突破平仓,2026
34,2026-04-27 20:00,做空,77414.4,786.37,1.011,5.47,1.03,确认,2026-04-29 08:00,77061.1,9,-0.647,KAMA跟踪止损,2026
35,2026-04-26 12:00,做多,77608.3,761.56,0.985,5.0,0.07,确认,2026-04-27 12:00,77699.73,6,-1.674,KAMA跟踪止损,2026
36,2026-04-22 12:00,做多,77701.88,1013.88,1.308,5.94,2.23,弱突破,2026-04-22 12:00,77979.8,0,0.274,弱突破平仓,2026
37,2026-04-22 00:00,做空,75462.0,936.6,1.236,3.84,-0.17,确认,2026-04-22 08:00,76398.6,2,-1.0,前3K止损,2026
38,2026-04-21 00:00,做多,75716.6,945.22,1.249,3.81,1.45,确认,2026-04-21 20:00,75716.6,5,0.0,KAMA跟踪止损,2026
39,2026-04-20 20:00,做多,75534.66,939.4,1.25,3.1,1.91,弱突破,2026-04-20 20:00,75677.21,0,0.152,弱突破平仓,2026
40,2026-04-20 04:00,做空,74576.5,900.76,1.202,2.9,0.36,确认,2026-04-20 12:00,75477.26,2,-1.0,前3K止损,2026
41,2026-04-19 12:00,做空,75314.0,895.92,1.187,3.65,0.85,弱突破,2026-04-19 12:00,75205.7,0,0.121,弱突破平仓,2026
42,2026-04-19 00:00,做空,75726.2,959.76,1.261,4.58,1.08,弱突破,2026-04-19 00:00,75610.79,0,0.12,弱突破平仓,2026
43,2026-04-17 20:00,做多,76335.41,950.57,1.258,3.9,0.57,确认,2026-04-18 16:00,76335.41,5,0.0,KAMA跟踪止损,2026
44,2026-04-17 16:00,做多,75496.4,928.1,1.237,3.2,-0.36,弱突破,2026-04-17 16:00,75542.1,0,0.049,弱突破平仓,2026
45,2026-04-17 00:00,做多,75134.66,951.02,1.274,2.86,-0.26,弱突破,2026-04-17 00:00,75309.88,0,0.184,弱突破平仓,2026
46,2026-04-16 00:00,做多,74465.9,926.5,1.255,1.79,-0.66,确认,2026-04-16 16:00,74465.9,4,0.0,KAMA跟踪止损,2026
47,2026-04-15 12:00,做空,73789.7,948.2,1.276,2.47,1.3,弱突破,2026-04-15 12:00,73705.1,0,0.089,弱突破平仓,2026
48,2026-04-14 00:00,做多,72423.4,841.77,1.172,-0.79,1.24,确认,2026-04-15 00:00,73994.61,6,1.409,KAMA跟踪止损,2026
49,2026-04-12 20:00,做空,71268.62,861.74,1.206,-1.24,2.15,弱突破,2026-04-12 20:00,70856.2,0,0.479,弱突破平仓,2026
50,2026-04-12 00:00,做多,72945.0,862.86,1.185,0.6,-0.02,确认,2026-04-12 08:00,72082.14,2,-1.0,前3K止损,2026
51,2026-04-10 20:00,做多,72349.9,974.14,1.351,-0.38,0.47,弱突破,2026-04-10 20:00,72411.6,0,0.063,弱突破平仓,2026
52,2026-04-09 20:00,做多,71518.7,934.79,1.315,-1.72,0.09,确认,2026-04-10 12:00,71518.7,4,0.0,KAMA跟踪止损,2026
53,2026-01-19 04:00,做空,94852.28,747.85,0.784,1.74,-0.37,确认,2026-01-21 20:00,89740.72,16,10.734,KAMA跟踪止损,2026
54,2026-01-19 00:00,做多,95326.1,762.95,0.802,1.46,-0.09,弱突破,2026-01-19 00:00,95337.29,0,0.015,弱突破平仓,2026
55,2026-01-16 20:00,做空,95111.66,1035.11,1.085,1.83,0.19,确认,2026-01-17 12:00,95111.66,4,0.0,KAMA跟踪止损,2026
56,2026-01-13 20:00,做多,92644.88,876.84,0.953,-1.6,0.78,确认,2026-01-15 20:00,95881.39,12,5.632,KAMA跟踪止损,2026
57,2026-01-07 00:00,做空,93104.68,852.11,0.91,-0.28,0.13,确认,2026-01-09 20:00,91542.61,17,1.548,KAMA跟踪止损,2026
58,2026-01-05 20:00,做多,93345.69,783.92,0.842,-0.82,1.73,确认,2026-01-06 12:00,93345.69,4,0.0,KAMA跟踪止损,2026
59,2025-11-02 16:00,做多,110988.0,1210.04,1.092,-1.76,0.54,弱突破,2025-11-02 16:00,111145.3,0,0.13,弱突破平仓,2025
60,2025-10-30 00:00,做空,111350.35,1230.65,1.104,-1.55,0.9,确认,2025-10-30 16:00,111350.35,4,0.0,KAMA跟踪止损,2025
61,2025-10-29 04:00,做空,113501.2,1200.72,1.056,0.31,0.42,确认,2025-10-29 20:00,113501.2,4,-1.699,KAMA跟踪止损,2025
62,2025-10-26 16:00,做多,111862.7,1165.94,1.044,-1.43,0.09,确认,2025-10-28 04:00,114546.34,9,3.069,KAMA跟踪止损,2025
63,2025-10-14 12:00,做空,113212.2,1863.11,1.642,-1.17,0.71,确认,2025-10-15 04:00,113212.2,4,0.0,KAMA跟踪止损,2025
64,2025-10-14 08:00,做空,113756.75,1848.11,1.605,0.24,-0.86,弱突破,2025-10-14 08:00,113440.9,0,0.171,弱突破平仓,2025
65,2025-10-14 00:00,做多,115505.88,1911.14,1.673,-0.51,-0.45,弱突破,2025-10-14 00:00,115745.29,0,0.125,弱突破平仓,2025
66,2025-10-13 16:00,做空,114200.0,1930.39,1.674,0.44,-0.92,弱突破,2025-10-13 16:00,114129.2,0,0.037,弱突破平仓,2025
67,2025-10-13 04:00,做多,114632.5,2033.17,1.779,-0.47,2.53,弱突破,2025-10-13 04:00,114894.4,0,0.129,弱突破平仓,2025
68,2025-10-13 00:00,做多,113677.59,2060.52,1.821,-1.48,2.25,弱突破,2025-10-13 00:00,114288.8,0,0.297,弱突破平仓,2025
69,2025-10-10 20:00,做空,120815.78,1328.94,1.094,5.71,0.06,确认,2025-10-11 04:00,106317.89,2,18.65,止盈,2025
70,2025-10-08 16:00,做多,122244.0,1243.95,1.023,5.86,-0.01,弱突破,2025-10-08 16:00,122825.7,0,0.468,弱突破平仓,2025
71,2025-10-03 20:00,做多,120508.37,1006.05,0.836,5.93,-0.14,确认,2025-10-06 00:00,122412.22,13,1.685,KAMA跟踪止损,2025
72,2025-10-01 16:00,做多,114720.49,867.41,0.758,1.21,0.16,确认,2025-10-03 12:00,119863.31,11,8.806,KAMA跟踪止损,2025
73,2025-09-30 16:00,做空,113531.7,832.48,0.732,0.62,0.48,确认,2025-10-01 00:00,114364.18,2,-1.0,前3K止损,2025
74,2025-09-29 20:00,做多,112379.2,780.44,0.697,-0.78,-0.06,确认,2025-09-30 12:00,113592.91,4,0.771,KAMA跟踪止损,2025
75,2025-09-25 12:00,做空,112174.71,907.98,0.807,-0.51,0.67,确认,2025-09-27 00:00,110047.92,9,1.51,KAMA跟踪止损,2025
76,2025-09-25 08:00,做空,112763.7,887.98,0.784,0.02,-0.24,弱突破,2025-09-25 08:00,112534.03,0,0.259,弱突破平仓,2025
77,2025-09-24 20:00,做多,113126.88,908.87,0.804,-0.22,0.93,弱突破,2025-09-24 20:00,113297.0,0,0.187,弱突破平仓,2025
78,2025-09-24 16:00,做多,112732.8,916.29,0.814,-0.61,0.83,弱突破,2025-09-24 16:00,112982.85,0,0.273,弱突破平仓,2025
79,2025-09-24 00:00,做空,111821.53,851.96,0.755,-0.35,-0.47,弱突破,2025-09-24 00:00,111611.8,0,0.246,弱突破平仓,2025
80,2025-09-22 08:00,做空,115137.6,646.5,0.561,1.69,0.31,确认,2025-09-23 12:00,112903.19,7,2.77,KAMA跟踪止损,2025
81,2025-09-20 20:00,做多,115928.0,810.15,0.699,2.3,0.23,弱突破,2025-09-20 20:00,115928.5,0,0.001,弱突破平仓,2025
82,2025-09-20 00:00,做空,115417.17,888.53,0.767,2.36,0.94,弱突破,2025-09-20 00:00,115082.4,0,0.377,弱突破平仓,2025
83,2025-09-19 20:00,做空,116254.32,878.85,0.755,2.82,0.57,弱突破,2025-09-19 20:00,115827.0,0,0.486,弱突破平仓,2025
84,2025-09-19 16:00,做空,116570.0,882.86,0.756,3.26,0.48,弱突破,2025-09-19 16:00,116348.1,0,0.251,弱突破平仓,2025
85,2025-09-18 08:00,做多,116940.0,915.26,0.786,3.03,0.17,确认,2025-09-19 04:00,116940.0,5,0.0,KAMA跟踪止损,2025
86,2025-09-17 00:00,做多,115972.12,808.9,0.698,2.66,0.54,确认,2025-09-17 20:00,115972.12,5,0.0,KAMA跟踪止损,2025
87,2025-09-16 12:00,做多,115549.9,774.39,0.672,2.11,0.38,弱突破,2025-09-16 12:00,115783.3,0,0.301,弱突破平仓,2025
88,2025-09-10 12:00,做多,111694.69,937.04,0.841,-0.77,0.58,确认,2025-09-14 20:00,115202.29,26,5.25,KAMA跟踪止损,2025
89,2025-09-09 20:00,做空,111065.9,923.4,0.822,0.09,-0.33,弱突破,2025-09-09 20:00,110830.1,0,0.255,弱突破平仓,2025
90,2025-09-09 12:00,做多,112634.9,892.06,0.799,-0.55,-0.81,弱突破,2025-09-09 12:00,112952.4,0,0.356,弱突破平仓,2025
91,2025-09-08 16:00,做多,111563.7,903.65,0.812,-0.96,0.01,确认,2025-09-09 08:00,111687.12,4,0.137,KAMA跟踪止损,2025
92,2025-09-07 16:00,做多,110869.5,1008.85,0.911,-1.43,0.66,弱突破,2025-09-07 16:00,111249.6,0,0.377,弱突破平仓,2025
93,2025-09-07 12:00,做多,110700.0,1038.0,0.939,-1.55,0.23,弱突破,2025-09-07 12:00,110710.7,0,0.01,弱突破平仓,2025
94,2025-09-07 00:00,做空,110293.3,1141.3,1.034,-1.81,0.64,弱突破,2025-09-07 00:00,109988.76,0,0.267,弱突破平仓,2025
95,2025-09-06 20:00,做空,110504.9,1166.45,1.053,-1.44,-0.11,弱突破,2025-09-06 20:00,110324.2,0,0.155,弱突破平仓,2025
96,2025-09-05 12:00,做多,111726.7,1163.7,1.046,-1.02,1.65,确认,2025-09-05 20:00,110563.0,2,-1.0,前3K止损,2025
97,2025-09-04 12:00,做空,111089.85,1131.15,1.018,-1.22,0.96,确认,2025-09-05 04:00,110799.34,4,0.257,KAMA跟踪止损,2025
98,2025-09-03 20:00,做多,111732.8,1158.22,1.04,-1.01,0.18,弱突破,2025-09-03 20:00,112171.6,0,0.379,弱突破平仓,2025
99,2025-08-29 12:00,做空,111275.3,1228.29,1.1,-1.14,0.88,确认,2025-08-31 08:00,109069.62,11,1.21,KAMA跟踪止损,2025
100,2025-08-29 08:00,做空,111829.4,1223.34,1.087,-0.49,0.32,弱突破,2025-08-29 08:00,111650.97,0,0.146,弱突破平仓,2025
101,2025-08-29 00:00,做空,111892.4,1249.55,1.109,-0.38,-0.61,弱突破,2025-08-29 00:00,111869.39,0,0.018,弱突破平仓,2025
102,2025-08-28 12:00,做多,112550.0,1290.21,1.152,-0.98,-0.01,弱突破,2025-08-28 12:00,113079.2,0,0.41,弱突破平仓,2025
103,2025-08-27 20:00,做多,111771.31,1284.16,1.154,-1.6,-0.39,弱突破,2025-08-27 20:00,111965.1,0,0.151,弱突破平仓,2025
104,2025-08-25 00:00,做空,114327.3,1006.23,0.88,0.98,0.55,确认,2025-08-27 04:00,111173.17,13,3.434,KAMA跟踪止损,2025
105,2025-08-24 20:00,做空,114576.3,1031.94,0.9,1.26,0.59,弱突破,2025-08-24 20:00,114375.0,0,0.195,弱突破平仓,2025
106,2025-08-24 16:00,做空,114814.2,1061.99,0.925,1.4,0.22,弱突破,2025-08-24 16:00,114701.9,0,0.106,弱突破平仓,2025
107,2025-08-22 20:00,做多,113486.12,1045.96,0.932,-0.82,-0.16,确认,2025-08-23 20:00,114734.63,6,-0.603,KAMA跟踪止损,2025
108,2025-08-22 00:00,做空,112579.24,1068.74,0.948,-0.31,1.02,弱突破,2025-08-22 00:00,112154.9,0,0.397,弱突破平仓,2025
109,2025-08-21 20:00,做空,112980.57,1053.56,0.931,0.02,0.97,弱突破,2025-08-21 20:00,112748.8,0,0.22,弱突破平仓,2025
110,2025-08-21 16:00,做空,113522.86,1058.11,0.93,0.66,0.34,弱突破,2025-08-21 16:00,113113.27,0,0.387,弱突破平仓,2025
111,2025-08-19 20:00,做空,114319.9,1070.98,0.928,2.1,0.62,确认,2025-08-21 00:00,114319.9,7,0.0,KAMA跟踪止损,2025
112,2025-08-19 08:00,做空,114783.65,1034.52,0.89,2.74,-1.1,弱突破,2025-08-19 08:00,114768.29,0,0.015,弱突破平仓,2025
113,2025-08-18 08:00,做空,117254.19,967.66,0.825,3.86,0.76,确认,2025-08-19 04:00,116884.87,5,-1.408,KAMA跟踪止损,2025
114,2025-08-18 00:00,做空,117627.35,983.81,0.832,4.6,-0.48,弱突破,2025-08-18 00:00,117527.1,0,0.102,弱突破平仓,2025
115,2025-08-17 16:00,做多,118187.0,1031.6,0.875,4.38,0.28,弱突破,2025-08-17 16:00,118253.9,0,0.065,弱突破平仓,2025
116,2025-08-15 20:00,做空,117974.95,1270.71,1.068,5.52,-0.61,确认,2025-08-17 12:00,117974.95,10,0.0,KAMA跟踪止损,2025
117,2025-08-13 16:00,做多,120268.1,1093.51,0.915,6.31,-0.05,弱突破,2025-08-13 16:00,120546.8,0,0.255,弱突破平仓,2025
118,2025-08-12 20:00,做多,119246.4,1091.65,0.922,5.65,-0.15,确认,2025-08-13 12:00,119246.4,4,0.0,KAMA跟踪止损,2025
119,2025-08-10 08:00,做多,117190.82,904.86,0.777,4.42,-0.55,确认,2025-08-12 00:00,119135.76,10,2.55,KAMA跟踪止损,2025
120,2025-08-10 04:00,做空,116469.03,919.1,0.789,4.49,0.17,弱突破,2025-08-10 04:00,116422.0,0,0.051,弱突破平仓,2025
121,2025-08-09 16:00,做多,116950.1,953.9,0.817,4.68,0.27,弱突破,2025-08-09 16:00,117065.0,0,0.12,弱突破平仓,2025
122,2025-08-07 16:00,做多,115228.5,997.91,0.87,3.2,-0.4,确认,2025-08-08 20:00,116079.0,7,-0.489,KAMA跟踪止损,2025
123,2025-08-06 20:00,做多,114390.1,1027.46,0.9,2.86,0.1,确认,2025-08-07 12:00,114390.1,4,0.0,KAMA跟踪止损,2025
124,2025-08-05 20:00,做空,113681.44,1008.4,0.879,3.5,0.19,确认,2025-08-06 12:00,113681.44,4,0.0,KAMA跟踪止损,2025
125,2025-08-05 12:00,做空,114214.51,1010.49,0.885,2.99,0.49,弱突破,2025-08-05 12:00,113924.7,0,0.287,弱突破平仓,2025
126,2025-08-04 00:00,做多,114203.12,1105.14,0.97,2.91,0.31,弱突破,2025-08-04 00:00,114259.1,0,0.051,弱突破平仓,2025
127,2025-08-03 16:00,做多,113691.82,1159.48,1.02,2.68,1.31,弱突破,2025-08-03 16:00,113814.94,0,0.106,弱突破平仓,2025
128,2025-08-01 04:00,做空,116695.6,1087.46,0.932,5.68,1.6,确认,2025-08-03 08:00,113494.75,13,4.363,KAMA跟踪止损,2025
129,2025-07-29 20:00,做空,117415.2,1008.85,0.851,7.7,-0.44,弱突破,2025-07-29 20:00,117351.44,0,0.063,弱突破平仓,2025
130,2025-07-21 12:00,做多,118856.6,1192.56,1.007,9.68,-0.25,弱突破,2025-07-21 12:00,119344.28,0,0.409,弱突破平仓,2025
131,2025-07-21 04:00,做空,117706.96,1108.74,0.938,9.75,-0.14,弱突破,2025-07-21 04:00,117230.1,0,0.43,弱突破平仓,2025
132,2025-07-18 20:00,做空,118395.11,1448.14,1.215,11.3,-0.0,弱突破,2025-07-18 20:00,117851.82,0,0.375,弱突破平仓,2025
133,2025-07-10 00:00,做多,109737.9,772.77,0.709,5.0,0.65,确认,2025-07-12 20:00,117271.42,17,17.606,KAMA跟踪止损,2025
134,2025-07-08 16:00,做多,108475.0,751.65,0.693,4.66,0.43,弱突破,2025-07-08 16:00,108713.1,0,0.317,弱突破平仓,2025
135,2025-07-07 20:00,做空,108525.1,734.48,0.676,4.97,0.5,弱突破,2025-07-07 20:00,108252.0,0,0.372,弱突破平仓,2025
136,2025-07-06 20:00,做多,108211.0,684.95,0.634,4.54,-0.13,确认,2025-07-07 16:00,108595.46,5,-0.539,KAMA跟踪止损,2025
137,2025-07-05 00:00,做空,107447.09,914.69,0.851,4.39,1.52,弱突破,2025-07-05 00:00,107429.97,0,0.019,弱突破平仓,2025
138,2025-07-02 12:00,做多,106241.62,870.03,0.82,3.38,0.22,确认,2025-07-04 20:00,108453.2,14,2.264,KAMA跟踪止损,2025
139,2025-07-02 00:00,做空,105597.0,854.98,0.807,3.33,1.17,弱突破,2025-07-02 00:00,105340.1,0,0.3,弱突破平仓,2025
140,2025-07-01 20:00,做空,106261.27,818.74,0.768,3.95,0.52,弱突破,2025-07-01 20:00,105905.3,0,0.435,弱突破平仓,2025
141,2025-07-01 16:00,做空,106564.6,815.83,0.762,4.51,0.55,弱突破,2025-07-01 16:00,106550.0,0,0.018,弱突破平仓,2025
142,2025-06-29 16:00,做多,107464.0,839.22,0.782,4.95,0.16,确认,2025-06-30 12:00,107581.26,5,0.14,KAMA跟踪止损,2025
143,2025-06-24 04:00,做多,103242.5,1427.78,1.385,1.74,1.22,确认,2025-06-26 16:00,107265.15,15,3.976,KAMA跟踪止损,2025
144,2025-06-24 00:00,做多,102573.9,1310.27,1.293,0.02,0.27,弱突破,2025-06-24 00:00,103114.1,0,0.412,弱突破平仓,2025
145,2025-06-22 00:00,做空,103247.87,1021.24,0.987,2.24,-0.08,确认,2025-06-23 12:00,101653.36,9,-1.164,KAMA跟踪止损,2025
146,2025-06-21 16:00,做多,103789.5,1067.32,1.032,2.13,0.1,弱突破,2025-06-21 16:00,103832.4,0,0.04,弱突破平仓,2025
147,2025-06-20 12:00,做多,104855.8,1038.35,0.993,3.3,0.49,确认,2025-06-21 00:00,103817.45,3,-1.0,前3K止损,2025
148,2025-06-19 20:00,做空,104402.27,1109.77,1.06,3.51,0.11,弱突破,2025-06-19 20:00,104055.1,0,0.313,弱突破平仓,2025
149,2025-06-17 20:00,做空,105463.41,1141.65,1.081,4.59,1.08,确认,2025-06-18 12:00,105463.41,4,0.0,KAMA跟踪止损,2025
150,2025-06-17 16:00,做空,106075.8,1131.99,1.061,5.7,1.74,弱突破,2025-06-17 16:00,105597.58,0,0.422,弱突破平仓,2025
151,2025-06-16 12:00,做多,105934.67,992.73,0.938,4.97,0.32,确认,2025-06-17 08:00,106583.92,5,-1.377,KAMA跟踪止损,2025
152,2025-06-16 08:00,做多,105794.9,992.22,0.94,4.83,0.59,弱突破,2025-06-16 08:00,105868.4,0,0.074,弱突破平仓,2025
153,2025-06-15 04:00,做多,105088.0,1054.26,1.008,4.06,-0.38,弱突破,2025-06-15 04:00,105359.8,0,0.258,弱突破平仓,2025
154,2025-06-14 04:00,做多,105911.9,1183.51,1.127,4.63,0.21,弱突破,2025-06-14 04:00,106031.88,0,0.101,弱突破平仓,2025
155,2025-06-13 08:00,做空,105613.34,1062.89,1.006,5.37,1.16,确认,2025-06-14 00:00,105613.34,4,0.0,KAMA跟踪止损,2025
156,2025-06-09 16:00,做多,106449.6,853.64,0.809,6.01,-0.68,确认,2025-06-12 00:00,108847.44,14,3.202,KAMA跟踪止损,2025
157,2025-06-06 20:00,做多,103941.5,1136.5,1.094,5.07,2.37,确认,2025-06-09 08:00,105463.11,15,1.136,KAMA跟踪止损,2025
158,2025-06-06 00:00,做空,103850.02,1006.89,0.964,5.87,0.48,确认,2025-06-06 16:00,103517.92,4,-1.715,KAMA跟踪止损,2025
159,2025-06-03 20:00,做多,106471.35,1055.81,1.003,6.91,-0.53,弱突破,2025-06-03 20:00,106556.0,0,0.08,弱突破平仓,2025
160,2025-06-02 16:00,做空,104520.0,1076.08,1.021,7.23,-0.26,弱突破,2025-06-02 16:00,104005.5,0,0.478,弱突破平仓,2025
161,2025-05-31 20:00,做多,104260.67,1242.62,1.201,5.79,-0.47,弱突破,2025-05-31 20:00,104499.67,0,0.192,弱突破平仓,2025
162,2025-05-27 00:00,做空,109327.4,1323.32,1.204,13.9,-0.33,弱突破,2025-05-27 00:00,109087.04,0,0.182,弱突破平仓,2025
163,2025-05-24 16:00,做多,108677.2,1540.75,1.433,12.28,-1.01,弱突破,2025-05-24 16:00,109146.5,0,0.305,弱突破平仓,2025
164,2025-05-21 20:00,做多,107950.0,1279.29,1.201,12.55,-0.28,确认,2025-05-22 00:00,106670.71,1,-1.0,前3K止损,2025
165,2025-05-21 00:00,做多,106363.3,1264.71,1.201,11.77,-0.42,弱突破,2025-05-21 00:00,106988.8,0,0.495,弱突破平仓,2025
166,2025-05-19 04:00,做多,105964.32,1032.48,0.994,11.1,-0.03,弱突破,2025-05-19 04:00,106415.66,0,0.437,弱突破平仓,2025
167,2025-05-08 08:00,做多,97446.8,970.05,1.0,8.18,-0.01,确认,2025-05-12 20:00,103037.39,27,9.703,KAMA跟踪止损,2025
168,2025-05-08 00:00,做空,96274.75,938.62,0.969,8.07,-0.45,弱突破,2025-05-08 00:00,96122.02,0,0.163,弱突破平仓,2025
169,2025-05-07 00:00,做多,94688.9,886.38,0.938,5.67,0.11,弱突破,2025-05-07 00:00,94910.9,0,0.25,弱突破平仓,2025
170,2025-05-06 16:00,做空,93823.9,871.38,0.924,5.49,-0.08,弱突破,2025-05-06 16:00,93770.4,0,0.061,弱突破平仓,2025
171,2025-05-05 08:00,做空,94118.9,838.76,0.89,5.8,1.19,弱突破,2025-05-05 08:00,94001.1,0,0.14,弱突破平仓,2025
172,2025-05-04 04:00,做空,95821.25,891.11,0.925,8.31,-0.02,弱突破,2025-05-04 04:00,95820.0,0,0.001,弱突破平仓,2025
173,2025-04-30 20:00,做空,94081.4,978.94,1.029,7.78,-0.97,弱突破,2025-04-30 20:00,93961.61,0,0.122,弱突破平仓,2025
174,2025-04-30 04:00,做空,94495.92,975.4,1.024,8.14,-0.4,弱突破,2025-04-30 04:00,94212.63,0,0.29,弱突破平仓,2025
175,2025-04-28 12:00,做多,94515.2,952.53,1.015,6.7,-0.06,弱突破,2025-04-28 12:00,94641.6,0,0.133,弱突破平仓,2025
176,2025-04-28 00:00,做多,94292.7,953.79,1.016,7.02,-0.28,弱突破,2025-04-28 00:00,94388.8,0,0.101,弱突破平仓,2025
177,2025-04-21 08:00,做多,85258.6,763.55,0.897,-1.57,1.26,确认,2025-04-23 20:00,92292.38,15,15.618,KAMA跟踪止损,2025
178,2025-04-19 12:00,做多,84942.4,949.54,1.119,-1.96,0.6,弱突破,2025-04-19 12:00,85174.6,0,0.245,弱突破平仓,2025
179,2025-04-15 12:00,做多,85392.1,1442.47,1.69,-1.64,1.53,弱突破,2025-04-15 12:00,85691.3,0,0.207,弱突破平仓,2025
180,2025-04-13 12:00,做空,84400.11,1622.99,1.901,-1.77,-0.5,弱突破,2025-04-13 12:00,84383.62,0,0.01,弱突破平仓,2025
181,2025-02-22 00:00,做空,97151.8,1009.19,1.029,1.5,0.05,确认,2025-02-26 20:00,85493.58,29,21.361,止盈,2025
182,2025-02-21 00:00,做多,98004.02,986.35,1.018,0.24,-0.17,弱突破,2025-02-21 00:00,98376.79,0,0.378,弱突破平仓,2025
183,2025-02-20 08:00,做多,96851.4,1018.55,1.054,0.03,0.22,弱突破,2025-02-20 08:00,97017.4,0,0.163,弱突破平仓,2025
184,2025-02-19 00:00,做空,95057.02,933.91,0.978,-1.1,0.68,确认,2025-02-19 16:00,95057.02,4,0.0,KAMA跟踪止损,2025
185,2025-02-18 00:00,做空,95515.83,912.87,0.955,-1.02,0.58,弱突破,2025-02-18 00:00,95499.09,0,0.018,弱突破平仓,2025
186,2025-02-17 04:00,做空,96609.29,918.49,0.947,0.41,0.19,确认,2025-02-17 20:00,96547.76,4,0.067,KAMA跟踪止损,2025
187,2025-02-16 20:00,做空,97011.82,953.73,0.98,0.69,0.25,弱突破,2025-02-16 20:00,96859.05,0,0.16,弱突破平仓,2025
188,2025-02-16 12:00,做空,97279.04,1013.0,1.039,0.91,0.09,弱突破,2025-02-16 12:00,97207.3,0,0.071,弱突破平仓,2025
189,2025-02-15 00:00,做多,97544.9,1186.69,1.225,0.29,-0.21,弱突破,2025-02-15 00:00,97893.7,0,0.294,弱突破平仓,2025
190,2025-02-14 08:00,做多,96726.3,1272.3,1.318,-0.03,0.7,弱突破,2025-02-14 08:00,97093.2,0,0.288,弱突破平仓,2025
191,2025-02-14 04:00,做多,96432.4,1277.9,1.337,-1.04,-0.45,弱突破,2025-02-14 04:00,96560.5,0,0.1,弱突破平仓,2025
192,2025-02-13 04:00,做多,97659.4,1335.66,1.375,0.58,1.16,弱突破,2025-02-13 04:00,97830.65,0,0.128,弱突破平仓,2025
193,2025-02-13 00:00,做多,96589.0,1269.97,1.326,-0.85,0.53,弱突破,2025-02-13 00:00,97148.9,0,0.441,弱突破平仓,2025
194,2025-02-12 00:00,做空,96539.5,1190.43,1.228,0.42,0.65,确认,2025-02-12 20:00,96539.5,5,0.0,KAMA跟踪止损,2025
195,2025-02-11 20:00,做空,97378.09,1170.31,1.193,1.6,-0.73,弱突破,2025-02-11 20:00,96960.0,0,0.357,弱突破平仓,2025
196,2025-02-11 12:00,做多,98100.0,1222.43,1.253,1.07,0.42,弱突破,2025-02-11 12:00,98230.7,0,0.107,弱突破平仓,2025
197,2025-02-10 16:00,做多,97610.6,1350.65,1.387,0.84,1.44,弱突破,2025-02-10 16:00,97627.2,0,0.012,弱突破平仓,2025
198,2025-02-10 12:00,做多,97091.7,1368.2,1.414,0.2,0.34,弱突破,2025-02-10 12:00,97393.1,0,0.22,弱突破平仓,2025
199,2025-02-10 08:00,做多,96728.53,1341.07,1.391,-0.14,-0.09,弱突破,2025-02-10 08:00,96769.9,0,0.031,弱突破平仓,2025
200,2025-02-09 08:00,做多,96712.8,1453.34,1.507,-0.16,0.35,弱突破,2025-02-09 08:00,97278.4,0,0.389,弱突破平仓,2025
201,2025-02-08 04:00,做空,96572.6,1755.76,1.813,0.29,-0.14,弱突破,2025-02-08 04:00,96456.02,0,0.066,弱突破平仓,2025
202,2025-02-07 20:00,做多,97832.1,1697.05,1.737,1.19,1.24,弱突破,2025-02-07 20:00,98257.2,0,0.25,弱突破平仓,2025
203,2025-02-07 00:00,做空,96889.48,1791.58,1.842,0.73,0.04,确认,2025-02-07 16:00,96889.48,4,0.0,KAMA跟踪止损,2025
204,2025-02-06 16:00,做多,98388.1,1805.62,1.839,1.65,0.86,弱突破,2025-02-06 16:00,98832.16,0,0.246,弱突破平仓,2025
205,2025-02-03 20:00,做多,97745.1,1767.79,1.859,-1.51,-2.66,确认,2025-02-05 04:00,97745.1,8,-2.312,KAMA跟踪止损,2025
206,2025-02-01 00:00,做空,103899.14,1491.56,1.415,9.52,-1.06,确认,2025-02-03 08:00,91431.24,14,15.191,止盈,2025
207,2025-01-30 00:00,做多,102990.3,1603.07,1.573,6.4,-0.06,弱突破,2025-01-30 00:00,103525.2,0,0.334,弱突破平仓,2025
208,2025-01-27 04:00,做空,104381.8,1471.2,1.4,10.32,-0.08,确认,2025-01-27 20:00,101038.75,4,2.483,KAMA跟踪止损,2025
209,2025-01-20 04:00,做空,103474.2,1517.12,1.428,13.87,-1.02,确认,2025-01-20 12:00,104991.32,2,-1.0,前3K止损,2025
210,2025-01-17 00:00,做多,99863.3,1463.69,1.475,7.44,-0.18,弱突破,2025-01-17 00:00,100386.89,0,0.358,弱突破平仓,2025
211,2025-01-14 16:00,做多,95432.4,1435.39,1.514,3.15,2.76,确认,2025-01-16 16:00,98888.7,12,2.374,KAMA跟踪止损,2025
212,2025-01-14 08:00,做多,94681.1,1501.62,1.589,2.93,4.04,弱突破,2025-01-14 08:00,94828.27,0,0.098,弱突破平仓,2025
213,2025-01-13 16:00,做空,93239.1,1239.31,1.325,1.92,1.13,确认,2025-01-14 04:00,94478.41,3,-1.0,前3K止损,2025
214,2025-01-13 12:00,做空,93746.35,1218.28,1.293,2.63,0.86,弱突破,2025-01-13 12:00,93557.9,0,0.155,弱突破平仓,2025
215,2025-01-12 20:00,做多,94661.9,1201.19,1.275,2.72,-0.37,弱突破,2025-01-12 20:00,95036.76,0,0.312,弱突破平仓,2025
216,2025-01-11 00:00,做多,95235.4,1542.19,1.646,2.33,0.04,弱突破,2025-01-11 00:00,95276.0,0,0.026,弱突破平仓,2025
217,2025-01-10 16:00,做多,94960.9,1503.6,1.591,3.19,2.84,弱突破,2025-01-10 16:00,95035.39,0,0.05,弱突破平仓,2025
218,2025-01-09 00:00,做空,94512.61,1267.58,1.328,4.4,1.09,弱突破,2025-01-09 00:00,94210.55,0,0.238,弱突破平仓,2025
219,2025-01-08 16:00,做空,95240.81,1240.77,1.297,4.59,0.83,弱突破,2025-01-08 16:00,95097.34,0,0.116,弱突破平仓,2025
220,2025-01-08 12:00,做空,96173.94,1233.57,1.278,5.54,1.44,弱突破,2025-01-08 12:00,95628.3,0,0.442,弱突破平仓,2025
221,2025-01-06 04:00,做多,98290.8,951.81,0.971,7.93,-0.18,弱突破,2025-01-06 04:00,98336.9,0,0.048,弱突破平仓,2025
222,2025-01-05 16:00,做空,98008.36,976.1,0.994,8.12,-0.11,弱突破,2025-01-05 16:00,97611.82,0,0.406,弱突破平仓,2025
223,2025-01-03 20:00,做多,97320.9,1204.01,1.245,6.97,-0.26,弱突破,2025-01-03 20:00,97481.25,0,0.133,弱突破平仓,2025
224,2025-01-02 12:00,做多,95511.4,1272.67,1.34,5.33,0.62,弱突破,2025-01-02 12:00,95815.3,0,0.239,弱突破平仓,2025
225,2025-01-02 00:00,做多,94487.3,1327.87,1.406,4.91,0.64,弱突破,2025-01-02 00:00,94621.42,0,0.101,弱突破平仓,2025
226,2024-12-31 20:00,做多,94706.59,1388.04,1.473,4.83,1.55,弱突破,2024-12-31 20:00,95392.8,0,0.494,弱突破平仓,2024
227,2024-12-30 20:00,做空,93198.37,1174.98,1.251,4.62,-0.21,确认,2024-12-31 00:00,94373.36,1,-1.0,前3K止损,2024
228,2024-12-30 00:00,做空,93986.4,1262.15,1.336,5.36,0.7,弱突破,2024-12-30 00:00,93562.52,0,0.336,弱突破平仓,2024
229,2024-12-29 20:00,做空,94777.68,1264.96,1.332,5.93,0.29,弱突破,2024-12-29 20:00,94468.78,0,0.244,弱突破平仓,2024
230,2024-12-27 20:00,做空,94630.07,1652.3,1.705,8.41,-1.2,弱突破,2024-12-27 20:00,94529.41,0,0.061,弱突破平仓,2024
231,2024-12-27 16:00,做多,96580.0,1617.22,1.701,6.37,-1.04,弱突破,2024-12-27 16:00,96904.76,0,0.201,弱突破平仓,2024
232,2024-12-27 12:00,做空,95293.63,1599.71,1.659,7.85,-0.41,弱突破,2024-12-27 12:00,95074.97,0,0.137,弱突破平仓,2024
233,2024-12-26 12:00,做空,98100.1,1714.4,1.732,10.89,-0.48,弱突破,2024-12-26 12:00,97682.42,0,0.244,弱突破平仓,2024
234,2024-12-24 00:00,做空,93075.74,1919.43,2.059,5.37,2.89,弱突破,2024-12-24 00:00,93001.8,0,0.039,弱突破平仓,2024
235,2024-11-05 20:00,做多,69086.0,880.87,1.281,5.91,1.4,确认,2024-11-11 20:00,84284.92,36,28.54,止盈,2024
236,2024-11-05 12:00,做多,68770.4,909.0,1.332,5.05,-0.58,弱突破,2024-11-05 12:00,68871.68,0,0.111,弱突破平仓,2024
237,2024-11-05 00:00,做空,68193.13,864.08,1.259,5.86,0.59,弱突破,2024-11-05 00:00,67845.8,0,0.402,弱突破平仓,2024
238,2024-11-02 20:00,做空,69419.08,900.77,1.294,7.71,-0.15,弱突破,2024-11-02 20:00,69396.8,0,0.025,弱突破平仓,2024
239,2024-10-27 20:00,做多,67299.87,684.77,1.021,5.69,0.04,确认,2024-10-30 16:00,72071.57,17,12.336,KAMA跟踪止损,2024
240,2024-10-24 08:00,做多,66873.73,733.41,1.1,5.78,0.37,弱突破,2024-10-24 08:00,67199.51,0,0.444,弱突破平仓,2024
241,2024-10-21 16:00,做空,68442.24,644.54,0.941,9.15,-0.04,弱突破,2024-10-21 16:00,68250.8,0,0.297,弱突破平仓,2024
242,2024-10-16 16:00,做多,67544.0,904.49,1.351,8.07,-0.01,弱突破,2024-10-16 16:00,67877.84,0,0.369,弱突破平仓,2024
243,2024-10-14 08:00,做多,63109.0,686.49,1.092,2.17,0.5,确认,2024-10-15 20:00,65027.25,9,3.408,KAMA跟踪止损,2024
244,2024-10-13 20:00,做空,62492.66,689.0,1.102,1.67,1.02,弱突破,2024-10-13 20:00,62195.2,0,0.432,弱突破平仓,2024
245,2024-10-11 20:00,做多,61229.42,761.78,1.246,-0.45,1.4,确认,2024-10-13 16:00,62548.21,11,1.069,KAMA跟踪止损,2024
246,2024-10-10 00:00,做空,61616.78,716.33,1.15,1.42,0.13,确认,2024-10-11 16:00,61031.02,10,-1.04,KAMA跟踪止损,2024
247,2024-10-08 04:00,做空,62622.23,757.17,1.195,3.12,0.27,确认,2024-10-08 20:00,62622.23,4,0.0,KAMA跟踪止损,2024
248,2024-10-06 20:00,做多,62139.8,658.97,1.062,1.1,0.06,确认,2024-10-08 00:00,62728.86,7,-0.275,KAMA跟踪止损,2024
249,2024-10-05 00:00,做多,61981.5,874.83,1.415,0.82,1.5,弱突破,2024-10-05 00:00,62343.3,0,0.414,弱突破平仓,2024
250,2024-10-04 20:00,做多,61615.9,857.29,1.396,0.14,1.15,弱突破,2024-10-04 20:00,61840.0,0,0.261,弱突破平仓,2024
251,2024-10-04 12:00,做多,61247.4,899.25,1.476,-0.66,0.53,弱突破,2024-10-04 12:00,61405.55,0,0.176,弱突破平仓,2024
252,2024-10-01 20:00,做空,63000.0,651.53,1.023,3.83,-0.62,确认,2024-10-03 00:00,62324.71,7,0.129,KAMA跟踪止损,2024
253,2024-09-30 16:00,做空,64177.9,623.09,0.965,5.17,2.11,确认,2024-10-01 12:00,64014.48,5,0.262,KAMA跟踪止损,2024
254,2024-09-26 16:00,做多,63843.1,758.39,1.188,4.77,1.07,确认,2024-09-30 08:00,65293.37,22,2.041,KAMA跟踪止损,2024
255,2024-09-26 12:00,做多,63642.4,770.56,1.214,4.21,0.02,弱突破,2024-09-26 12:00,63823.5,0,0.235,弱突破平仓,2024
256,2024-09-26 00:00,做空,63295.13,779.15,1.228,4.39,1.49,弱突破,2024-09-26 00:00,63145.63,0,0.192,弱突破平仓,2024
257,2024-09-25 00:00,做多,63919.9,774.89,1.227,3.95,0.04,弱突破,2024-09-25 00:00,64294.23,0,0.483,弱突破平仓,2024
258,2024-09-23 04:00,做多,63199.9,705.8,1.118,4.27,0.35,确认,2024-09-23 20:00,63199.9,4,-1.591,KAMA跟踪止损,2024
259,2024-09-22 16:00,做空,62802.44,728.3,1.158,3.9,0.42,弱突破,2024-09-22 16:00,62751.5,0,0.07,弱突破平仓,2024
260,2024-09-19 20:00,做多,62680.0,947.6,1.513,3.84,1.43,弱突破,2024-09-19 20:00,63129.89,0,0.475,弱突破平仓,2024
261,2024-09-19 16:00,做多,62554.9,954.18,1.538,2.91,3.38,弱突破,2024-09-19 16:00,62612.79,0,0.061,弱突破平仓,2024
262,2024-09-19 08:00,做多,61764.6,983.85,1.594,2.5,3.2,弱突破,2024-09-19 08:00,62086.5,0,0.327,弱突破平仓,2024
263,2024-09-19 04:00,做多,61296.1,915.27,1.525,-0.33,-0.63,弱突破,2024-09-19 04:00,61728.59,0,0.473,弱突破平仓,2024
264,2024-09-17 20:00,做多,59272.4,741.84,1.256,-1.87,1.49,确认,2024-09-19 00:00,59272.4,7,-1.643,KAMA跟踪止损,2024
265,2024-09-16 04:00,做空,59688.5,675.85,1.129,-0.63,0.53,确认,2024-09-17 12:00,58575.2,8,1.605,KAMA跟踪止损,2024
266,2024-09-15 20:00,做多,60241.01,686.78,1.145,-0.42,0.02,弱突破,2024-09-15 20:00,60304.7,0,0.093,弱突破平仓,2024
267,2024-09-15 08:00,做多,60096.8,759.54,1.267,-0.5,0.47,弱突破,2024-09-15 08:00,60130.2,0,0.044,弱突破平仓,2024
268,2024-09-14 04:00,做多,59969.6,870.95,1.459,-0.97,2.78,确认,2024-09-14 20:00,59969.6,4,0.0,KAMA跟踪止损,2024
269,2024-09-14 00:00,做多,59688.8,881.01,1.477,-1.07,3.12,弱突破,2024-09-14 00:00,59691.9,0,0.004,弱突破平仓,2024
270,2024-08-27 20:00,做空,62213.07,754.68,1.21,0.58,0.67,确认,2024-08-29 16:00,59816.26,11,2.596,KAMA跟踪止损,2024
271,2024-08-27 16:00,做空,62633.32,753.68,1.199,1.36,0.68,弱突破,2024-08-27 16:00,62392.5,0,0.32,弱突破平仓,2024
272,2024-08-27 04:00,做空,63047.77,781.2,1.234,1.93,0.46,弱突破,2024-08-27 04:00,62814.36,0,0.299,弱突破平仓,2024
273,2024-08-24 00:00,做多,62285.97,948.12,1.542,-0.75,1.55,确认,2024-08-26 12:00,63556.37,15,0.851,KAMA跟踪止损,2024
274,2024-08-02 20:00,做空,63650.69,1114.31,1.724,0.8,1.05,弱突破,2024-08-02 20:00,63406.52,0,0.219,弱突破平仓,2024
275,2024-08-01 08:00,做空,64508.72,990.14,1.533,0.68,2.22,确认,2024-08-02 04:00,64508.72,5,-1.636,KAMA跟踪止损,2024
276,2024-08-01 04:00,做空,64948.2,995.75,1.526,1.67,1.45,弱突破,2024-08-01 04:00,64603.6,0,0.346,弱突破平仓,2024
277,2024-08-01 00:00,做空,65475.1,949.64,1.431,3.4,-0.47,弱突破,2024-08-01 00:00,65239.3,0,0.248,弱突破平仓,2024
278,2024-07-29 20:00,做空,68134.54,919.13,1.321,8.51,-1.96,弱突破,2024-07-29 20:00,68069.42,0,0.071,弱突破平仓,2024
279,2024-07-26 04:00,做多,65170.0,941.83,1.456,1.6,0.89,确认,2024-07-28 00:00,68045.3,11,4.146,KAMA跟踪止损,2024
280,2024-07-25 08:00,做空,65107.74,914.47,1.399,2.76,1.48,确认,2024-07-26 00:00,65107.74,4,0.0,KAMA跟踪止损,2024
281,2024-07-25 04:00,做空,65541.2,912.72,1.391,3.17,0.65,弱突破,2024-07-25 04:00,65362.14,0,0.196,弱突破平仓,2024
282,2024-07-24 16:00,做多,66107.02,909.48,1.377,3.84,0.8,弱突破,2024-07-24 16:00,66346.0,0,0.263,弱突破平仓,2024
283,2024-07-24 00:00,做空,65947.26,950.72,1.428,4.74,1.29,弱突破,2024-07-24 00:00,65528.1,0,0.441,弱突破平仓,2024
284,2024-07-23 12:00,做空,66795.44,923.8,1.37,6.11,-0.59,弱突破,2024-07-23 12:00,66548.4,0,0.267,弱突破平仓,2024
285,2024-07-23 00:00,做多,67966.0,915.62,1.366,5.6,-1.19,弱突破,2024-07-23 00:00,68184.2,0,0.238,弱突破平仓,2024
286,2024-07-19 20:00,做多,64469.12,978.47,1.527,1.54,0.21,确认,2024-07-22 00:00,66305.17,13,1.032,KAMA跟踪止损,2024
287,2024-07-18 20:00,做空,63877.79,986.92,1.525,2.72,-1.05,弱突破,2024-07-18 20:00,63509.57,0,0.373,弱突破平仓,2024
288,2024-07-17 08:00,做多,65365.03,1079.22,1.66,3.25,2.02,弱突破,2024-07-17 08:00,65672.9,0,0.285,弱突破平仓,2024
289,2024-07-17 00:00,做多,64967.4,1069.24,1.649,2.98,0.17,弱突破,2024-07-17 00:00,65132.39,0,0.154,弱突破平仓,2024
290,2024-07-16 04:00,做多,63776.9,923.78,1.459,0.65,0.78,确认,2024-07-16 12:00,62853.12,2,-1.0,前3K止损,2024
291,2024-07-16 00:00,做多,63284.2,921.88,1.463,0.15,0.61,弱突破,2024-07-16 00:00,63309.6,0,0.028,弱突破平仓,2024
292,2024-07-15 12:00,做多,62762.5,940.22,1.502,-0.45,4.26,弱突破,2024-07-15 12:00,62821.54,0,0.063,弱突破平仓,2024
293,2024-06-21 08:00,做空,64542.36,758.99,1.17,-1.67,1.96,弱突破,2024-06-21 08:00,64478.4,0,0.084,弱突破平仓,2024
294,2024-06-20 12:00,做多,65378.0,725.42,1.113,-1.21,0.41,确认,2024-06-20 20:00,64652.58,2,-1.0,前3K止损,2024
295,2024-06-18 00:00,做多,66547.23,656.67,1.005,-1.06,-1.29,弱突破,2024-06-18 00:00,66665.0,0,0.179,弱突破平仓,2024
296,2024-06-17 20:00,做空,65538.08,654.41,0.995,-0.37,1.28,弱突破,2024-06-17 20:00,65341.8,0,0.3,弱突破平仓,2024
297,2024-06-17 16:00,做空,65911.09,648.95,0.981,0.15,0.59,弱突破,2024-06-17 16:00,65803.0,0,0.167,弱突破平仓,2024
298,2024-06-17 08:00,做空,66444.05,643.59,0.966,0.95,-0.27,弱突破,2024-06-17 08:00,66196.1,0,0.385,弱突破平仓,2024
299,2024-06-16 16:00,做多,66350.0,696.69,1.052,0.33,0.16,弱突破,2024-06-16 16:00,66477.55,0,0.183,弱突破平仓,2024
300,2024-06-15 00:00,做空,66343.43,851.78,1.283,0.57,0.54,确认,2024-06-15 20:00,66343.43,5,0.0,KAMA跟踪止损,2024
301,2024-06-14 20:00,做空,66492.06,842.9,1.258,1.54,-0.37,弱突破,2024-06-14 20:00,66387.58,0,0.124,弱突破平仓,2024
302,2024-06-13 20:00,做空,66972.77,873.76,1.29,2.63,0.77,确认,2024-06-14 12:00,66972.77,4,0.0,KAMA跟踪止损,2024
303,2024-06-12 20:00,做多,68056.62,687.18,1.014,2.73,0.7,确认,2024-06-13 00:00,67369.44,1,-1.0,前3K止损,2024
304,2024-06-11 08:00,做空,69257.1,561.2,0.807,5.59,-0.08,确认,2024-06-12 16:00,68026.67,8,1.401,KAMA跟踪止损,2024
305,2024-06-10 20:00,做多,69827.6,541.84,0.78,5.51,-0.23,弱突破,2024-06-10 20:00,70074.61,0,0.456,弱突破平仓,2024
306,2024-06-10 12:00,做空,69450.1,556.53,0.799,5.7,-0.15,弱突破,2024-06-10 12:00,69325.2,0,0.224,弱突破平仓,2024
307,2024-06-08 00:00,做空,70670.0,732.72,1.03,8.54,-0.17,确认,2024-06-09 20:00,69774.73,11,0.679,KAMA跟踪止损,2024
308,2024-06-04 20:00,做多,69406.17,745.73,1.081,5.95,0.21,确认,2024-06-07 00:00,70806.32,13,2.181,KAMA跟踪止损,2024
309,2024-06-03 12:00,做多,68840.0,706.04,1.032,5.35,0.36,弱突破,2024-06-03 12:00,68949.84,0,0.156,弱突破平仓,2024
310,2024-06-02 16:00,做多,67946.44,667.56,0.985,4.47,-0.05,确认,2024-06-03 08:00,68172.67,4,0.339,KAMA跟踪止损,2024
311,2024-05-31 20:00,做空,67908.4,835.44,1.222,5.75,0.01,确认,2024-06-01 20:00,67908.4,6,0.0,KAMA跟踪止损,2024
312,2024-05-30 20:00,做多,68462.52,875.59,1.29,5.06,0.25,弱突破,2024-05-30 20:00,68550.9,0,0.101,弱突破平仓,2024
313,2024-05-30 00:00,做空,67360.47,900.44,1.336,4.57,2.1,弱突破,2024-05-30 00:00,67307.77,0,0.059,弱突破平仓,2024
314,2024-05-29 20:00,做空,67636.3,897.36,1.323,5.17,0.92,弱突破,2024-05-29 20:00,67420.6,0,0.24,弱突破平仓,2024
315,2024-05-29 16:00,做空,67989.6,921.04,1.355,5.45,0.67,弱突破,2024-05-29 16:00,67807.33,0,0.198,弱突破平仓,2024
316,2024-05-28 12:00,做空,67783.24,923.56,1.357,5.71,3.35,弱突破,2024-05-28 12:00,67712.1,0,0.077,弱突破平仓,2024
317,2024-05-27 20:00,做多,69323.21,775.53,1.133,6.53,-0.09,确认,2024-05-28 08:00,68547.67,3,-1.0,前3K止损,2024
318,2024-05-23 20:00,做空,69216.75,902.99,1.289,9.95,-1.18,确认,2024-05-25 00:00,68711.7,7,-1.087,KAMA跟踪止损,2024
319,2024-05-22 20:00,做多,70402.56,931.68,1.335,9.75,-0.56,弱突破,2024-05-22 20:00,70485.7,0,0.089,弱突破平仓,2024
320,2024-05-20 20:00,做多,67321.49,747.8,1.117,5.95,1.11,弱突破,2024-05-20 20:00,67388.61,0,0.09,弱突破平仓,2024
321,2024-05-17 12:00,做多,65848.43,894.7,1.365,4.45,-0.38,确认,2024-05-20 00:00,66466.2,15,-0.24,KAMA跟踪止损,2024
322,2024-05-17 00:00,做空,65357.3,908.4,1.381,5.05,0.24,弱突破,2024-05-17 00:00,65158.0,0,0.219,弱突破平仓,2024
323,2024-05-15 20:00,做多,62956.7,799.51,1.28,-0.19,1.45,确认,2024-05-16 20:00,65673.78,6,3.015,KAMA跟踪止损,2024
324,2024-05-15 16:00,做多,62245.73,786.31,1.265,-0.64,0.95,弱突破,2024-05-15 16:00,62445.7,0,0.254,弱突破平仓,2024
325,2024-05-15 12:00,做多,61998.0,803.69,1.298,-1.02,0.28,弱突破,2024-05-15 12:00,62161.81,0,0.204,弱突破平仓,2024
326,2024-05-14 12:00,做空,62383.22,819.22,1.311,0.02,0.81,弱突破,2024-05-14 12:00,62005.39,0,0.461,弱突破平仓,2024
327,2024-05-13 16:00,做多,62429.91,839.36,1.347,-0.28,1.49,弱突破,2024-05-13 16:00,62706.08,0,0.329,弱突破平仓,2024
328,2024-05-10 20:00,做空,62638.3,932.32,1.473,1.16,-0.36,确认,2024-05-13 00:00,61574.41,13,0.176,KAMA跟踪止损,2024
329,2024-05-10 04:00,做多,62633.9,989.66,1.585,-0.27,1.96,弱突破,2024-05-10 04:00,63050.1,0,0.421,弱突破平仓,2024
330,2024-05-10 00:00,做多,62254.0,993.39,1.599,-0.76,0.76,弱突破,2024-05-10 00:00,62430.0,0,0.177,弱突破平仓,2024
331,2024-05-09 04:00,做空,61758.24,997.89,1.606,-0.71,0.07,确认,2024-05-09 20:00,61758.24,4,0.0,KAMA跟踪止损,2024
332,2024-05-08 04:00,做空,62769.25,1054.72,1.673,0.65,0.96,弱突破,2024-05-08 04:00,62295.9,0,0.449,弱突破平仓,2024
333,2024-05-08 00:00,做空,63063.03,1052.03,1.651,1.73,-0.8,弱突破,2024-05-08 00:00,63038.59,0,0.023,弱突破平仓,2024
334,2024-05-06 20:00,做空,63672.1,1065.34,1.66,2.45,-0.29,弱突破,2024-05-06 20:00,63610.13,0,0.058,弱突破平仓,2024
335,2024-05-05 20:00,做多,64168.9,1102.94,1.728,1.94,-0.04,弱突破,2024-05-05 20:00,64401.3,0,0.211,弱突破平仓,2024
336,2024-05-04 04:00,做多,62135.6,1233.07,1.987,-0.8,4.89,确认,2024-05-05 08:00,63166.09,7,0.836,KAMA跟踪止损,2024
337,2024-04-30 04:00,做多,63194.39,821.2,1.304,0.21,0.95,确认,2024-04-30 16:00,62373.19,3,-1.0,前3K止损,2024
338,2024-04-29 08:00,做空,62769.31,812.0,1.287,0.46,0.59,确认,2024-04-30 00:00,62769.31,4,0.0,KAMA跟踪止损,2024
339,2024-04-29 04:00,做空,63343.32,804.87,1.263,1.45,0.27,弱突破,2024-04-29 04:00,63088.4,0,0.317,弱突破平仓,2024
340,2024-04-28 08:00,做多,63616.9,881.03,1.389,1.01,0.94,弱突破,2024-04-28 08:00,63989.9,0,0.423,弱突破平仓,2024
341,2024-04-27 08:00,做空,63300.4,953.49,1.496,1.56,0.72,弱突破,2024-04-27 08:00,63061.9,0,0.25,弱突破平仓,2024
342,2024-04-26 20:00,做空,63878.24,964.26,1.502,2.3,0.41,弱突破,2024-04-26 20:00,63481.2,0,0.412,弱突破平仓,2024
343,2024-04-24 20:00,做空,66178.06,990.04,1.488,6.15,-0.25,确认,2024-04-26 00:00,64456.72,7,1.238,KAMA跟踪止损,2024
344,2024-04-23 00:00,做多,66448.9,1229.82,1.864,5.47,0.43,弱突破,2024-04-23 00:00,66505.2,0,0.046,弱突破平仓,2024
345,2024-04-22 08:00,做多,65358.0,1293.68,1.993,4.0,-0.46,弱突破,2024-04-22 08:00,65679.9,0,0.249,弱突破平仓,2024
346,2024-04-22 00:00,做空,64754.61,1345.0,2.069,4.16,0.2,弱突破,2024-04-22 00:00,64509.05,0,0.183,弱突破平仓,2024
347,2024-04-20 20:00,做多,64232.2,1589.32,2.495,2.15,-0.16,弱突破,2024-04-20 20:00,64782.59,0,0.346,弱突破平仓,2024
348,2024-04-19 12:00,做多,63846.0,1717.75,2.781,-0.82,-2.7,弱突破,2024-04-19 12:00,64534.1,0,0.401,弱突破平仓,2024
349,2024-04-18 20:00,做多,63048.9,1615.36,2.582,0.56,2.16,弱突破,2024-04-18 20:00,63474.0,0,0.263,弱突破平仓,2024
350,2024-04-17 20:00,做空,62526.2,1543.05,2.466,0.6,1.9,确认,2024-04-18 16:00,62526.2,5,0.0,KAMA跟踪止损,2024
351,2024-04-17 04:00,做多,63643.6,1627.58,2.596,0.77,-1.24,弱突破,2024-04-17 04:00,63775.63,0,0.081,弱突破平仓,2024
352,2024-04-16 00:00,做空,63813.99,1585.96,2.457,3.81,0.86,弱突破,2024-04-16 00:00,63268.96,0,0.344,弱突破平仓,2024
353,2024-04-15 20:00,做空,64655.69,1534.92,2.331,5.91,-0.34,弱突破,2024-04-15 20:00,64542.88,0,0.074,弱突破平仓,2024
354,2024-04-15 12:00,做多,65838.6,1545.56,2.374,4.71,1.46,弱突破,2024-04-15 12:00,66235.27,0,0.257,弱突破平仓,2024
355,2024-04-15 04:00,做多,64861.9,1530.76,2.386,3.23,-0.48,弱突破,2024-04-15 04:00,65624.38,0,0.498,弱突破平仓,2024
356,2024-04-12 20:00,做空,70040.58,1061.1,1.496,14.47,-1.29,确认,2024-04-14 04:00,61635.71,8,12.835,止盈,2024
357,2024-04-11 00:00,做多,69561.19,1092.16,1.59,11.52,-0.73,弱突破,2024-04-11 00:00,70101.23,0,0.494,弱突破平仓,2024
358,2024-04-08 12:00,做多,70341.6,997.19,1.435,13.7,-0.12,弱突破,2024-04-08 12:00,70726.48,0,0.386,弱突破平仓,2024
359,2024-04-05 12:00,做空,67334.47,1161.65,1.711,12.56,-0.37,弱突破,2024-04-05 12:00,66930.45,0,0.348,弱突破平仓,2024
360,2024-02-26 20:00,做多,51836.63,491.91,0.962,12.49,-1.22,确认,2024-02-29 00:00,63240.69,13,40.888,止盈,2024
361,2024-02-22 04:00,做多,51806.17,694.19,1.359,14.95,-0.99,弱突破,2024-02-22 04:00,51877.9,0,0.103,弱突破平仓,2024
362,2024-02-12 20:00,做多,48818.91,566.31,1.182,13.27,-0.81,确认,2024-02-13 20:00,48842.52,6,-1.889,KAMA跟踪止损,2024
363,2024-02-11 00:00,做多,47417.6,542.35,1.146,12.99,-0.06,弱突破,2024-02-11 00:00,47520.54,0,0.19,弱突破平仓,2024
364,2024-02-08 00:00,做多,43310.2,432.6,1.005,3.84,0.63,确认,2024-02-10 16:00,47049.9,16,14.941,KAMA跟踪止损,2024
365,2024-02-07 00:00,做多,43254.45,460.1,1.064,4.48,0.94,弱突破,2024-02-07 00:00,43267.61,0,0.029,弱突破平仓,2024
366,2024-02-06 20:00,做多,43100.4,452.19,1.056,3.49,0.3,弱突破,2024-02-06 20:00,43232.22,0,0.292,弱突破平仓,2024
367,2024-02-05 16:00,做多,43164.8,453.71,1.054,4.19,1.02,弱突破,2024-02-05 16:00,43188.1,0,0.051,弱突破平仓,2024
368,2024-02-05 12:00,做多,42976.09,449.41,1.052,3.34,-0.5,弱突破,2024-02-05 12:00,43059.0,0,0.184,弱突破平仓,2024
369,2024-02-05 00:00,做空,42708.9,435.51,1.015,3.96,0.21,弱突破,2024-02-05 00:00,42623.9,0,0.195,弱突破平仓,2024
370,2024-02-04 12:00,做空,42876.73,454.31,1.056,4.18,0.19,弱突破,2024-02-04 12:00,42824.57,0,0.115,弱突破平仓,2024
371,2024-02-02 00:00,做多,42931.0,586.92,1.381,3.3,1.19,弱突破,2024-02-02 00:00,43206.2,0,0.469,弱突破平仓,2024
372,2024-02-01 08:00,做空,42278.07,578.09,1.358,3.59,0.17,弱突破,2024-02-01 08:00,42002.52,0,0.477,弱突破平仓,2024
373,2024-01-31 20:00,做多,43089.3,523.47,1.228,3.77,-0.68,弱突破,2024-01-31 20:00,43348.2,0,0.495,弱突破平仓,2024
374,2024-01-31 16:00,做空,42664.41,513.26,1.193,4.75,1.11,弱突破,2024-01-31 16:00,42635.81,0,0.056,弱突破平仓,2024
375,2024-01-30 00:00,做多,42628.46,509.43,1.195,4.0,0.74,确认,2024-01-31 04:00,42812.65,7,-0.994,KAMA跟踪止损,2024
376,2024-01-29 20:00,做多,42492.9,492.52,1.166,3.03,0.5,弱突破,2024-01-29 20:00,42628.46,0,0.275,弱突破平仓,2024
377,2024-01-29 00:00,做空,42147.57,493.97,1.169,3.23,-0.07,确认,2024-01-29 16:00,41958.32,4,0.383,KAMA跟踪止损,2024
378,2024-01-28 12:00,做多,42229.69,501.1,1.187,3.15,1.0,弱突破,2024-01-28 12:00,42369.9,0,0.28,弱突破平仓,2024
379,2024-01-28 08:00,做多,42182.75,511.24,1.214,2.96,0.86,弱突破,2024-01-28 08:00,42213.69,0,0.061,弱突破平仓,2024
380,2024-01-28 04:00,做多,41975.7,522.99,1.248,2.45,0.47,弱突破,2024-01-28 04:00,42102.2,0,0.242,弱突破平仓,2024
381,2024-01-28 00:00,做多,41880.0,537.84,1.287,2.21,-0.02,弱突破,2024-01-28 00:00,41894.6,0,0.027,弱突破平仓,2024
382,2024-01-27 00:00,做多,41574.53,597.25,1.442,1.35,3.37,确认,2024-01-27 16:00,41574.53,4,0.0,KAMA跟踪止损,2024
383,2024-01-26 20:00,做多,41332.0,593.38,1.438,1.0,3.29,弱突破,2024-01-26 20:00,41408.81,0,0.129,弱突破平仓,2024
384,2024-01-22 08:00,做空,41501.6,471.27,1.133,1.55,0.34,确认,2024-01-24 04:00,39609.17,11,6.473,KAMA跟踪止损,2024
385,2024-01-19 00:00,做空,42363.95,608.61,1.428,4.25,-0.05,确认,2024-01-20 04:00,42021.43,7,-0.602,KAMA跟踪止损,2024
386,2024-01-18 12:00,做多,42865.86,636.84,1.495,4.19,0.27,弱突破,2024-01-18 12:00,42915.94,0,0.079,弱突破平仓,2024
387,2024-01-17 20:00,做空,42565.8,683.19,1.601,4.43,1.07,弱突破,2024-01-17 20:00,42480.69,0,0.125,弱突破平仓,2024
388,2024-01-17 12:00,做空,42837.68,725.49,1.693,4.84,0.94,弱突破,2024-01-17 12:00,42657.93,0,0.248,弱突破平仓,2024
389,2024-01-16 20:00,做多,43155.38,741.74,1.729,5.11,0.89,弱突破,2024-01-16 20:00,43254.02,0,0.133,弱突破平仓,2024
390,2024-01-16 00:00,做多,42960.45,783.48,1.853,3.76,-0.68,弱突破,2024-01-16 00:00,42990.82,0,0.039,弱突破平仓,2024
391,2024-01-15 04:00,做空,42638.78,825.08,1.934,4.83,0.81,确认,2024-01-15 20:00,42638.78,4,0.0,KAMA跟踪止损,2024
392,2024-01-08 16:00,做多,44268.17,644.54,1.466,9.89,-0.6,确认,2024-01-09 20:00,45843.43,7,0.649,KAMA跟踪止损,2024
393,2024-01-01 04:00,做空,42381.5,499.95,1.172,9.7,-0.21,弱突破,2024-01-01 04:00,42310.0,0,0.143,弱突破平仓,2023
394,2023-12-30 20:00,做多,42245.49,544.2,1.298,8.12,-0.39,弱突破,2023-12-30 20:00,42413.41,0,0.309,弱突破平仓,2023
395,2023-12-29 16:00,做多,42822.06,516.45,1.221,9.37,-0.81,弱突破,2023-12-29 16:00,42908.8,0,0.168,弱突破平仓,2023
396,2023-12-20 12:00,做多,42671.45,596.87,1.406,13.6,-0.15,弱突破,2023-12-20 12:00,42950.1,0,0.467,弱突破平仓,2023
397,2023-12-18 04:00,做空,41565.37,562.15,1.334,14.27,-0.57,弱突破,2023-12-18 04:00,41390.59,0,0.311,弱突破平仓,2023
398,2023-12-18 00:00,做多,42079.74,551.92,1.319,13.44,-0.28,弱突破,2023-12-18 00:00,42136.4,0,0.103,弱突破平仓,2023
399,2023-12-13 20:00,做多,41523.35,657.34,1.602,13.25,-1.13,确认,2023-12-14 20:00,42201.67,6,0.216,KAMA跟踪止损,2023
400,2023-12-01 08:00,做多,37946.3,389.75,1.033,12.56,-0.42,弱突破,2023-12-01 08:00,38030.73,0,0.217,弱突破平仓,2023
401,2023-11-18 20:00,做多,36622.9,517.6,1.421,14.14,-0.56,弱突破,2023-11-18 20:00,36671.97,0,0.095,弱突破平仓,2023
402,2023-11-17 20:00,做空,36109.9,554.86,1.525,14.53,-0.58,弱突破,2023-11-17 20:00,36059.0,0,0.092,弱突破平仓,2023
403,2023-10-19 20:00,做多,28498.2,306.79,1.079,3.97,0.46,确认,2023-10-22 12:00,29705.02,16,5.503,KAMA跟踪止损,2023
404,2023-10-19 16:00,做多,28404.3,310.8,1.098,3.54,0.3,弱突破,2023-10-19 16:00,28436.1,0,0.102,弱突破平仓,2023
405,2023-10-18 20:00,做空,28242.19,340.25,1.201,3.73,0.19,弱突破,2023-10-18 20:00,28235.3,0,0.02,弱突破平仓,2023
406,2023-10-16 12:00,做多,27281.9,179.39,0.659,-0.1,1.25,确认,2023-10-17 12:00,28128.46,6,6.899,KAMA跟踪止损,2023
407,2023-10-16 04:00,做多,27073.0,174.39,0.645,-0.67,0.59,弱突破,2023-10-16 04:00,27140.01,0,0.384,弱突破平仓,2023
408,2023-10-16 00:00,做多,26950.7,173.46,0.645,-1.21,0.05,弱突破,2023-10-16 00:00,27032.56,0,0.472,弱突破平仓,2023
409,2023-10-13 20:00,做空,26726.38,222.11,0.828,-1.53,-0.23,弱突破,2023-10-13 20:00,26698.39,0,0.126,弱突破平仓,2023
410,2023-10-11 08:00,做空,27284.91,229.51,0.838,0.43,0.43,确认,2023-10-13 12:00,26922.78,13,0.913,KAMA跟踪止损,2023
411,2023-10-10 20:00,做空,27488.7,232.01,0.844,0.86,0.29,弱突破,2023-10-10 20:00,27395.5,0,0.402,弱突破平仓,2023
412,2023-10-09 16:00,做空,27784.93,226.3,0.814,1.99,0.29,确认,2023-10-10 16:00,27720.9,6,-0.989,KAMA跟踪止损,2023
413,2023-10-06 20:00,做多,27784.9,268.63,0.968,1.95,1.26,确认,2023-10-08 16:00,27858.06,11,0.272,KAMA跟踪止损,2023
414,2023-10-06 16:00,做多,27641.0,271.69,0.983,1.53,0.62,弱突破,2023-10-06 16:00,27742.7,0,0.374,弱突破平仓,2023
415,2023-10-06 12:00,做多,27607.6,276.06,1.002,1.23,0.02,弱突破,2023-10-06 12:00,27627.0,0,0.07,弱突破平仓,2023
416,2023-10-03 04:00,做空,27627.62,283.2,1.013,2.93,1.22,确认,2023-10-04 16:00,27593.93,9,0.119,KAMA跟踪止损,2023
417,2023-10-02 04:00,做多,27277.3,193.14,0.713,-0.22,-0.01,确认,2023-10-03 00:00,27889.96,5,1.995,KAMA跟踪止损,2023
418,2023-10-01 16:00,做多,27141.0,200.41,0.74,-0.21,0.31,弱突破,2023-10-01 16:00,27175.46,0,0.172,弱突破平仓,2023
419,2023-10-01 12:00,做多,27070.4,204.03,0.755,-0.44,0.17,弱突破,2023-10-01 12:00,27094.7,0,0.119,弱突破平仓,2023
420,2023-09-29 00:00,做多,27041.24,235.15,0.871,-0.48,2.44,弱突破,2023-09-29 00:00,27086.9,0,0.194,弱突破平仓,2023
421,2023-09-21 16:00,做空,26911.61,276.31,1.024,-1.13,-0.23,确认,2023-09-25 00:00,26643.09,20,0.223,KAMA跟踪止损,2023
422,2023-09-21 00:00,做空,26930.48,274.93,1.012,-0.52,-0.23,弱突破,2023-09-21 00:00,26917.04,0,0.049,弱突破平仓,2023
423,2023-09-19 16:00,做多,26869.2,241.12,0.898,-1.76,0.12,确认,2023-09-20 12:00,26938.82,5,-1.679,KAMA跟踪止损,2023
424,2023-09-18 20:00,做多,27222.02,232.51,0.855,-0.49,2.53,弱突破,2023-09-18 20:00,27258.8,0,0.158,弱突破平仓,2023
425,2023-08-16 00:00,做空,29300.28,153.92,0.525,0.67,0.25,确认,2023-08-18 04:00,25784.25,13,41.893,止盈,2023
426,2023-08-15 20:00,做空,29340.31,152.16,0.518,0.81,0.21,弱突破,2023-08-15 20:00,29316.0,0,0.16,弱突破平仓,2023
427,2023-08-14 20:00,做多,29481.9,139.88,0.476,0.97,0.36,确认,2023-08-15 00:00,29342.02,1,-1.0,前3K止损,2023
428,2023-08-14 04:00,做空,29317.37,133.67,0.454,1.09,-0.14,弱突破,2023-08-14 04:00,29293.6,0,0.178,弱突破平仓,2023
429,2023-08-14 00:00,做多,29403.95,133.04,0.453,0.87,-0.14,弱突破,2023-08-14 00:00,29426.1,0,0.166,弱突破平仓,2023
430,2023-08-13 12:00,做空,29386.9,148.39,0.505,1.01,0.08,弱突破,2023-08-13 12:00,29385.6,0,0.009,弱突破平仓,2023
431,2023-08-10 20:00,做空,29465.08,216.07,0.733,1.4,0.27,弱突破,2023-08-10 20:00,29452.9,0,0.056,弱突破平仓,2023
432,2023-08-08 16:00,做多,29313.76,180.1,0.617,0.4,0.11,确认,2023-08-10 00:00,29594.24,8,0.041,KAMA跟踪止损,2023
433,2023-08-08 04:00,做多,29177.0,186.46,0.64,0.36,0.21,弱突破,2023-08-08 04:00,29203.36,0,0.141,弱突破平仓,2023
434,2023-08-07 20:00,做空,29007.36,162.34,0.558,0.16,-0.03,确认,2023-08-08 00:00,29169.7,1,-1.0,前3K止损,2023
435,2023-08-06 20:00,做空,29025.28,170.64,0.587,0.11,-0.03,弱突破,2023-08-06 20:00,29004.86,0,0.12,弱突破平仓,2023
436,2023-08-05 00:00,做空,29120.53,219.39,0.75,0.77,-0.37,弱突破,2023-08-05 00:00,29023.7,0,0.441,弱突破平仓,2023
437,2023-08-04 20:00,做多,29248.3,220.64,0.757,0.44,-0.06,弱突破,2023-08-04 20:00,29258.8,0,0.048,弱突破平仓,2023
438,2023-08-03 00:00,做空,29169.53,234.91,0.801,0.98,1.05,弱突破,2023-08-03 00:00,29144.43,0,0.107,弱突破平仓,2023
439,2023-08-02 04:00,做多,29326.5,202.97,0.694,0.83,1.17,确认,2023-08-02 20:00,29326.5,4,0.0,KAMA跟踪止损,2023
440,2023-07-31 20:00,做空,29320.68,157.67,0.536,1.35,-0.42,确认,2023-08-02 00:00,29218.07,7,-1.854,KAMA跟踪止损,2023
441,2023-07-31 00:00,做空,29227.48,155.96,0.532,1.17,-0.13,弱突破,2023-07-31 00:00,29187.4,0,0.257,弱突破平仓,2023
442,2023-07-30 04:00,做多,29338.7,176.14,0.601,1.17,0.15,弱突破,2023-07-30 04:00,29340.39,0,0.01,弱突破平仓,2023
443,2023-07-29 16:00,做空,29270.1,193.53,0.661,1.01,0.09,弱突破,2023-07-29 16:00,29254.0,0,0.083,弱突破平仓,2023
444,2023-07-28 20:00,做多,29295.0,202.27,0.693,0.75,-0.06,弱突破,2023-07-28 20:00,29378.4,0,0.412,弱突破平仓,2023
445,2023-07-28 00:00,做空,29224.57,219.12,0.748,1.08,0.35,弱突破,2023-07-28 00:00,29151.9,0,0.332,弱突破平仓,2023
446,2023-07-27 20:00,做空,29286.37,216.43,0.734,1.8,-0.53,弱突破,2023-07-27 20:00,29284.11,0,0.01,弱突破平仓,2023
447,2023-07-27 00:00,做多,29339.8,215.09,0.734,1.19,0.27,弱突破,2023-07-27 00:00,29389.9,0,0.233,弱突破平仓,2023
448,2023-07-24 16:00,做空,29646.19,226.67,0.76,3.01,0.89,确认,2023-07-26 08:00,29343.92,10,0.194,KAMA跟踪止损,2023
449,2023-07-24 00:00,做多,29972.6,203.45,0.681,3.27,0.17,确认,2023-07-24 08:00,29769.15,2,-1.0,前3K止损,2023
450,2023-07-23 12:00,做多,29893.35,220.77,0.74,3.1,-0.16,弱突破,2023-07-23 12:00,29902.9,0,0.043,弱突破平仓,2023
451,2023-07-23 04:00,做空,29788.05,224.12,0.752,3.16,0.38,弱突破,2023-07-23 04:00,29787.4,0,0.003,弱突破平仓,2023
452,2023-07-20 20:00,做空,29868.3,269.71,0.891,4.93,-1.27,弱突破,2023-07-20 20:00,29794.44,0,0.274,弱突破平仓,2023
453,2023-07-20 16:00,做多,30226.4,270.38,0.895,4.66,0.54,弱突破,2023-07-20 16:00,30274.1,0,0.176,弱突破平仓,2023
454,2023-07-20 12:00,做多,30087.1,268.07,0.895,3.76,-0.01,弱突破,2023-07-20 12:00,30195.6,0,0.405,弱突破平仓,2023
455,2023-07-19 08:00,做多,30006.48,283.93,0.951,3.67,-0.08,弱突破,2023-07-19 08:00,30047.9,0,0.146,弱突破平仓,2023
456,2023-07-18 16:00,做空,29872.98,279.91,0.935,4.03,-0.23,弱突破,2023-07-18 16:00,29872.0,0,0.003,弱突破平仓,2023
457,2023-07-18 00:00,做空,29982.5,269.4,0.893,4.87,0.45,弱突破,2023-07-18 00:00,29882.51,0,0.371,弱突破平仓,2023
458,2023-07-16 20:00,做多,30338.3,293.58,0.969,5.47,0.06,弱突破,2023-07-16 20:00,30367.36,0,0.099,弱突破平仓,2023
459,2023-07-16 08:00,做空,30240.84,313.32,1.035,5.57,0.07,弱突破,2023-07-16 08:00,30174.0,0,0.213,弱突破平仓,2023
460,2023-07-12 12:00,做多,30680.9,284.93,0.932,7.3,-0.01,弱突破,2023-07-12 12:00,30730.0,0,0.172,弱突破平仓,2023
461,2023-07-05 16:00,做空,30660.89,298.96,0.972,9.47,-0.25,确认,2023-07-06 12:00,30655.02,5,0.02,KAMA跟踪止损,2023
462,2023-06-30 20:00,做空,30344.04,379.15,1.227,11.55,-1.52,确认,2023-07-01 12:00,30344.04,4,0.0,KAMA跟踪止损,2023
463,2023-06-24 20:00,做空,30414.81,443.8,1.446,12.8,-0.02,弱突破,2023-06-24 20:00,30394.54,0,0.046,弱突破平仓,2023
464,2023-06-21 00:00,做多,27118.8,284.35,1.051,0.86,0.65,确认,2023-06-22 16:00,29985.24,10,16.036,KAMA跟踪止损,2023
465,2023-06-20 00:00,做多,26568.8,252.65,0.956,-1.32,0.14,弱突破,2023-06-20 00:00,26671.5,0,0.406,弱突破平仓,2023
466,2023-06-19 04:00,做空,26435.3,266.41,1.0,-0.53,-0.26,弱突破,2023-06-19 04:00,26329.88,0,0.396,弱突破平仓,2023
467,2023-06-07 20:00,做空,26349.16,361.0,1.343,-0.64,1.22,弱突破,2023-06-07 20:00,26331.5,0,0.049,弱突破平仓,2023
468,2023-06-07 04:00,做多,27203.11,334.02,1.234,-0.02,5.32,弱突破,2023-06-07 04:00,27219.0,0,0.048,弱突破平仓,2023
469,2023-06-05 08:00,做空,27041.38,239.42,0.883,-0.03,0.31,确认,2023-06-06 20:00,25851.31,9,5.725,KAMA跟踪止损,2023
470,2023-06-05 04:00,做空,27111.47,231.21,0.85,0.33,-0.23,弱突破,2023-06-05 04:00,27108.69,0,0.012,弱突破平仓,2023
471,2023-06-04 16:00,做多,27154.0,251.11,0.925,0.09,0.21,弱突破,2023-06-04 16:00,27192.22,0,0.152,弱突破平仓,2023
472,2023-06-04 00:00,做空,27100.9,264.89,0.97,0.67,-0.62,弱突破,2023-06-04 00:00,27085.0,0,0.06,弱突破平仓,2023
473,2023-06-03 20:00,做多,27233.85,268.01,0.988,0.01,-0.41,弱突破,2023-06-03 20:00,27299.62,0,0.245,弱突破平仓,2023
474,2023-06-03 00:00,做多,27226.22,303.22,1.12,-0.13,0.33,弱突破,2023-06-03 00:00,27226.5,0,0.001,弱突破平仓,2023
475,2023-05-31 12:00,做空,27546.18,278.2,1.006,1.92,0.07,确认,2023-06-02 12:00,27138.67,12,1.282,KAMA跟踪止损,2023
476,2023-05-30 16:00,做多,27930.0,273.32,0.986,2.22,0.36,弱突破,2023-05-30 16:00,28015.35,0,0.312,弱突破平仓,2023
477,2023-05-28 08:00,做多,26882.25,232.11,0.865,-0.8,0.58,确认,2023-05-29 20:00,27727.86,9,5.641,KAMA跟踪止损,2023
478,2023-05-28 04:00,做多,26830.64,235.64,0.882,-1.25,0.02,弱突破,2023-05-28 04:00,26843.58,0,0.055,弱突破平仓,2023
479,2023-05-24 08:00,做空,27096.9,236.02,0.867,0.34,0.45,确认,2023-05-25 20:00,26407.73,9,4.012,KAMA跟踪止损,2023
480,2023-05-23 08:00,做多,27092.22,232.9,0.868,-1.01,0.08,确认,2023-05-24 00:00,27100.27,4,0.035,KAMA跟踪止损,2023
481,2023-05-21 16:00,做空,26956.44,246.09,0.91,-0.29,0.03,确认,2023-05-22 20:00,26956.44,7,0.0,KAMA跟踪止损,2023
482,2023-05-21 08:00,做多,27141.33,253.92,0.937,-0.15,0.83,弱突破,2023-05-21 08:00,27166.4,0,0.099,弱突破平仓,2023
483,2023-05-21 00:00,做多,26962.7,259.31,0.963,-0.73,0.31,弱突破,2023-05-21 00:00,27054.2,0,0.353,弱突破平仓,2023
484,2023-05-20 20:00,做多,26908.9,267.66,0.996,-0.98,-0.0,弱突破,2023-05-20 20:00,26936.0,0,0.101,弱突破平仓,2023
485,2023-05-19 00:00,做空,27043.55,310.87,1.148,-0.24,1.01,确认,2023-05-19 20:00,26972.34,5,0.229,KAMA跟踪止损,2023
486,2023-05-18 00:00,做多,27092.4,309.08,1.154,-1.34,-0.98,确认,2023-05-18 20:00,27092.4,5,0.0,KAMA跟踪止损,2023
487,2023-05-17 16:00,做空,26755.03,310.06,1.155,-1.17,0.32,弱突破,2023-05-17 16:00,26627.8,0,0.41,弱突破平仓,2023
488,2023-05-17 12:00,做空,26871.6,308.62,1.141,-0.37,-0.09,弱突破,2023-05-17 12:00,26834.91,0,0.119,弱突破平仓,2023
489,2023-05-14 20:00,做多,26888.7,334.82,1.249,-1.3,0.12,确认,2023-05-16 08:00,27050.15,9,-0.558,KAMA跟踪止损,2023
490,2023-05-12 08:00,做空,26714.1,407.03,1.51,-0.82,1.59,弱突破,2023-05-12 08:00,26573.8,0,0.345,弱突破平仓,2023
491,2023-05-12 00:00,做空,26959.1,410.96,1.512,-0.03,0.96,弱突破,2023-05-12 00:00,26825.9,0,0.324,弱突破平仓,2023
492,2023-05-11 20:00,做空,27282.99,397.98,1.453,0.78,0.7,弱突破,2023-05-11 20:00,27171.38,0,0.28,弱突破平仓,2023
493,2023-05-10 20:00,做多,27829.83,350.67,1.268,1.76,0.18,确认,2023-05-11 00:00,27479.16,1,-1.0,前3K止损,2023
494,2023-05-08 08:00,做空,28383.3,377.17,1.327,4.68,1.42,确认,2023-05-10 04:00,27760.39,11,0.508,KAMA跟踪止损,2023
495,2023-05-04 04:00,做多,28774.35,411.97,1.455,5.12,-1.13,确认,2023-05-04 20:00,28774.35,4,0.0,KAMA跟踪止损,2023
496,2023-05-02 20:00,做多,28148.6,412.48,1.469,4.47,0.08,确认,2023-05-03 20:00,28424.15,6,0.668,KAMA跟踪止损,2023
497,2023-05-02 00:00,做空,28071.52,432.43,1.536,4.97,1.36,确认,2023-05-02 16:00,28071.52,4,0.0,KAMA跟踪止损,2023
498,2023-04-30 20:00,做多,29336.3,388.28,1.33,8.95,-0.11,确认,2023-05-01 08:00,28948.02,3,-1.0,前3K止损,2023
499,2023-04-26 04:00,做多,27757.5,354.83,1.286,4.43,1.27,确认,2023-04-27 00:00,28604.2,5,3.25,KAMA跟踪止损,2023
500,2023-04-26 00:00,做多,27465.6,349.75,1.28,3.42,-0.02,弱突破,2023-04-26 00:00,27598.87,0,0.381,弱突破平仓,2023
501,2023-04-24 08:00,做多,27728.0,346.28,1.256,4.69,-0.2,弱突破,2023-04-24 08:00,27780.0,0,0.15,弱突破平仓,2023
502,2023-04-23 04:00,做多,27763.0,361.07,1.308,4.94,1.24,弱突破,2023-04-23 04:00,27804.7,0,0.115,弱突破平仓,2023
503,2023-04-23 00:00,做多,27548.1,364.79,1.328,4.45,0.61,弱突破,2023-04-23 00:00,27606.44,0,0.16,弱突破平仓,2023
504,2023-04-22 20:00,做多,27384.9,367.36,1.347,3.69,0.08,弱突破,2023-04-22 20:00,27477.0,0,0.251,弱突破平仓,2023
505,2023-04-10 20:00,做多,28417.9,251.28,0.888,12.91,-0.05,弱突破,2023-04-10 20:00,28427.7,0,0.039,弱突破平仓,2023
506,2023-04-10 00:00,做多,28055.0,254.82,0.914,11.83,-0.49,弱突破,2023-04-10 00:00,28128.8,0,0.29,弱突破平仓,2023
507,2023-04-04 16:00,做多,28130.1,404.13,1.443,14.59,-0.21,弱突破,2023-04-04 16:00,28274.6,0,0.358,弱突破平仓,2023
508,2023-03-13 20:00,做多,22571.3,424.18,1.92,1.52,0.5,确认,2023-03-15 00:00,24508.57,7,5.052,KAMA跟踪止损,2023
509,2023-03-13 08:00,做多,22089.07,400.91,1.823,1.33,7.58,弱突破,2023-03-13 08:00,22222.87,0,0.334,弱突破平仓,2023
510,2023-03-09 04:00,做空,21898.2,237.69,1.081,0.84,-0.14,确认,2023-03-10 20:00,20190.69,10,9.939,KAMA跟踪止损,2023
511,2023-03-07 20:00,做空,22322.66,210.3,0.941,2.4,0.27,弱突破,2023-03-07 20:00,22310.43,0,0.058,弱突破平仓,2023
512,2023-03-06 20:00,做多,22496.41,232.55,1.04,2.6,-0.22,弱突破,2023-03-06 20:00,22543.6,0,0.203,弱突破平仓,2023
513,2023-03-03 08:00,做空,23191.37,305.63,1.303,7.93,-0.2,确认,2023-03-05 08:00,22370.67,12,2.616,KAMA跟踪止损,2023
514,2023-03-02 00:00,做空,23416.04,327.52,1.382,9.31,-1.16,弱突破,2023-03-02 00:00,23342.0,0,0.226,弱突破平仓,2023
515,2023-03-01 12:00,做多,23592.2,324.34,1.384,8.06,-0.34,弱突破,2023-03-01 12:00,23709.6,0,0.362,弱突破平仓,2023
516,2023-03-01 04:00,做空,23197.64,316.75,1.362,7.5,-0.12,弱突破,2023-03-01 04:00,23119.4,0,0.247,弱突破平仓,2023
517,2023-02-28 00:00,做空,23326.62,319.2,1.356,9.07,-0.0,弱突破,2023-02-28 00:00,23266.14,0,0.189,弱突破平仓,2023
518,2023-02-26 04:00,做多,23147.6,356.51,1.552,7.01,-0.57,弱突破,2023-02-26 04:00,23147.9,0,0.001,弱突破平仓,2023
519,2023-02-15 16:00,做多,22272.59,235.07,1.064,7.17,-0.45,确认,2023-02-17 04:00,24633.0,9,17.837,KAMA跟踪止损,2023
520,2023-02-10 00:00,做空,22361.97,262.38,1.161,11.31,-0.41,确认,2023-02-12 04:00,21808.39,13,2.044,KAMA跟踪止损,2023
521,2023-01-12 00:00,做多,17462.5,98.84,0.57,-0.63,-0.47,确认,2023-01-14 08:00,21304.25,14,72.946,止盈,2023
522,2023-01-11 00:00,做多,17366.85,96.45,0.557,-0.6,0.68,确认,2023-01-11 20:00,17366.85,5,0.0,KAMA跟踪止损,2023
523,2023-01-10 20:00,做多,17275.9,93.0,0.539,-1.02,0.43,弱突破,2023-01-10 20:00,17317.73,0,0.45,弱突破平仓,2023
524,2023-01-10 04:00,做空,17180.79,91.62,0.53,-0.76,-0.57,弱突破,2023-01-10 04:00,17170.53,0,0.112,弱突破平仓,2023
525,2023-01-09 08:00,做多,17161.2,84.32,0.492,-1.75,1.21,弱突破,2023-01-09 08:00,17188.1,0,0.319,弱突破平仓,2023
526,2022-12-14 20:00,做多,17863.55,138.71,0.778,-1.56,0.26,确认,2022-12-15 00:00,17724.83,1,-1.0,前3K止损,2022
527,2022-11-07 04:00,做空,21147.9,210.67,0.994,4.04,-0.01,确认,2022-11-09 00:00,20020.64,11,8.234,KAMA跟踪止损,2022
528,2022-11-04 12:00,做多,20315.63,217.06,1.069,-0.05,0.34,确认,2022-11-06 08:00,21225.69,11,5.955,KAMA跟踪止损,2022
529,2022-11-03 00:00,做空,20338.83,211.42,1.036,0.5,0.54,弱突破,2022-11-03 00:00,20247.1,0,0.434,弱突破平仓,2022
530,2022-11-01 20:00,做空,20436.82,237.05,1.156,1.03,-0.15,弱突破,2022-11-01 20:00,20436.49,0,0.001,弱突破平仓,2022
531,2022-11-01 12:00,做多,20577.0,241.51,1.179,0.86,0.45,弱突破,2022-11-01 12:00,20590.2,0,0.055,弱突破平仓,2022
532,2022-10-31 20:00,做空,20422.19,240.34,1.16,2.08,-0.52,弱突破,2022-10-31 20:00,20386.9,0,0.147,弱突破平仓,2022
533,2022-10-29 08:00,做多,20736.67,260.94,1.268,1.56,2.09,弱突破,2022-10-29 08:00,20745.4,0,0.033,弱突破平仓,2022
534,2022-10-29 00:00,做多,20576.9,264.71,1.293,1.0,0.93,弱突破,2022-10-29 00:00,20598.35,0,0.081,弱突破平仓,2022
535,2022-10-28 04:00,做空,20433.17,246.76,1.197,1.78,0.4,确认,2022-10-28 20:00,20349.87,4,0.338,KAMA跟踪止损,2022
536,2022-10-26 16:00,做多,20367.9,211.98,1.042,0.38,0.36,确认,2022-10-27 16:00,20558.03,6,-0.412,KAMA跟踪止损,2022
537,2022-09-13 20:00,做空,22061.44,377.78,1.678,1.2,-0.6,确认,2022-09-17 00:00,19414.06,19,9.287,止盈,2022
538,2022-08-17 20:00,做空,23686.93,384.3,1.619,-1.94,0.45,确认,2022-08-20 04:00,20844.5,14,12.38,止盈,2022
539,2022-08-17 16:00,做空,23755.09,393.06,1.653,-1.76,0.58,弱突破,2022-08-17 16:00,23737.6,0,0.045,弱突破平仓,2022
540,2022-08-15 08:00,做多,24578.5,358.22,1.475,0.19,-1.06,确认,2022-08-15 12:00,24220.28,1,-1.0,前3K止损,2022
541,2022-08-14 12:00,做多,24627.05,364.11,1.483,1.27,0.21,确认,2022-08-15 00:00,24262.93,3,-1.0,前3K止损,2022
542,2022-08-13 08:00,做多,24437.8,387.82,1.59,0.61,3.07,确认,2022-08-14 00:00,24437.8,4,0.0,KAMA跟踪止损,2022
543,2022-08-13 04:00,做多,24246.6,387.24,1.602,-0.31,0.91,弱突破,2022-08-13 04:00,24390.2,0,0.371,弱突破平仓,2022
544,2022-08-13 00:00,做多,24129.0,391.6,1.634,-1.13,-0.12,弱突破,2022-08-13 00:00,24166.15,0,0.095,弱突破平仓,2022
545,2022-08-12 16:00,做空,23753.38,386.2,1.613,-1.21,1.06,弱突破,2022-08-12 16:00,23664.86,0,0.229,弱突破平仓,2022
546,2022-08-12 04:00,做空,24078.83,397.74,1.643,-0.14,0.91,弱突破,2022-08-12 04:00,23922.16,0,0.394,弱突破平仓,2022
547,2022-08-12 00:00,做空,24280.41,401.38,1.649,0.42,-0.1,弱突破,2022-08-12 00:00,24204.8,0,0.188,弱突破平仓,2022
548,2022-08-11 08:00,做多,24208.91,384.45,1.606,-1.24,3.61,弱突破,2022-08-11 08:00,24313.6,0,0.272,弱突破平仓,2022
549,2022-08-09 16:00,做空,23630.29,318.73,1.335,-1.61,0.24,确认,2022-08-10 20:00,23280.5,7,0.424,KAMA跟踪止损,2022
550,2022-08-08 16:00,做多,23839.27,328.8,1.381,-2.0,2.81,确认,2022-08-09 08:00,23839.27,4,0.0,KAMA跟踪止损,2022
551,2022-04-21 16:00,做多,41922.0,585.65,1.4,-1.15,1.6,确认,2022-04-22 00:00,41336.35,2,-1.0,前3K止损,2022
552,2022-04-21 12:00,做多,41748.58,589.15,1.414,-1.51,1.03,弱突破,2022-04-21 12:00,41825.36,0,0.13,弱突破平仓,2022
553,2022-04-11 16:00,做空,41768.69,600.04,1.419,-1.39,2.15,确认,2022-04-13 20:00,40449.67,13,2.414,KAMA跟踪止损,2022
554,2022-04-11 00:00,做多,42847.76,565.73,1.324,-0.59,-0.09,确认,2022-04-11 04:00,42282.03,1,-1.0,前3K止损,2022
555,2022-04-10 04:00,做多,42609.9,640.76,1.508,-1.18,0.07,弱突破,2022-04-10 04:00,42730.95,0,0.189,弱突破平仓,2022
556,2022-04-09 04:00,做空,42413.32,731.83,1.713,-0.66,2.33,弱突破,2022-04-09 04:00,42246.89,0,0.227,弱突破平仓,2022
557,2022-04-09 00:00,做空,42755.74,702.25,1.609,1.46,-0.11,弱突破,2022-04-09 00:00,42728.1,0,0.039,弱突破平仓,2022
558,2022-04-05 20:00,做空,46418.43,633.99,1.358,8.52,-0.2,确认,2022-04-07 20:00,43855.06,12,6.162,KAMA跟踪止损,2022
559,2022-04-05 04:00,做多,46336.2,666.05,1.451,6.9,-0.54,弱突破,2022-04-05 04:00,46588.81,0,0.379,弱突破平仓,2022
560,2022-04-04 08:00,做空,46176.26,672.09,1.449,8.3,-0.35,弱突破,2022-04-04 08:00,45993.0,0,0.273,弱突破平仓,2022
561,2022-03-31 20:00,做空,46904.88,589.02,1.249,10.82,-0.21,确认,2022-04-01 20:00,45326.6,6,3.128,KAMA跟踪止损,2022
562,2022-03-24 20:00,做多,43458.16,664.54,1.548,2.85,0.16,确认,2022-03-29 04:00,47157.75,26,9.479,KAMA跟踪止损,2022
563,2022-03-24 04:00,做多,42753.3,670.97,1.59,1.22,0.23,弱突破,2022-03-24 04:00,42872.75,0,0.178,弱突破平仓,2022
564,2022-03-23 20:00,做多,42516.7,659.54,1.569,0.82,-0.76,弱突破,2022-03-23 20:00,42595.03,0,0.119,弱突破平仓,2022
565,2022-03-22 08:00,做多,41527.22,611.65,1.492,-1.55,-0.57,确认,2022-03-23 12:00,41791.36,7,-1.505,KAMA跟踪止损,2022
566,2022-03-21 08:00,做空,40915.7,630.36,1.528,-0.94,0.8,弱突破,2022-03-21 08:00,40809.53,0,0.168,弱突破平仓,2022
567,2022-03-19 00:00,做多,41030.0,774.91,1.894,-1.77,0.99,确认,2022-03-20 20:00,41462.91,11,-0.387,KAMA跟踪止损,2022
568,2022-03-18 08:00,做空,40576.1,811.38,1.984,-1.78,-0.38,弱突破,2022-03-18 08:00,40506.61,0,0.086,弱突破平仓,2022
569,2022-03-10 08:00,做空,41669.51,962.52,2.295,-0.59,0.49,确认,2022-03-11 16:00,40042.19,8,0.836,KAMA跟踪止损,2022
570,2022-03-09 20:00,做多,42419.5,996.88,2.365,-0.09,8.91,弱突破,2022-03-09 20:00,42509.0,0,0.09,弱突破平仓,2022
571,2022-03-09 16:00,做多,41850.66,1007.14,2.411,-0.98,7.78,弱突破,2022-03-09 16:00,42152.67,0,0.3,弱突破平仓,2022
572,2022-03-04 08:00,做空,41842.01,1032.41,2.432,-0.66,2.16,弱突破,2022-03-04 08:00,41449.9,0,0.38,弱突破平仓,2022
573,2022-03-04 00:00,做空,42357.39,1060.4,2.492,-0.45,1.77,弱突破,2022-03-04 00:00,42221.78,0,0.128,弱突破平仓,2022
574,2022-03-03 20:00,做空,42927.3,1025.72,2.364,1.52,1.14,弱突破,2022-03-03 20:00,42544.34,0,0.373,弱突破平仓,2022
575,2022-03-03 08:00,做空,43338.98,1080.31,2.461,2.68,0.48,弱突破,2022-03-03 08:00,43311.31,0,0.026,弱突破平仓,2022
576,2022-02-17 20:00,做空,42933.09,731.02,1.694,-1.95,1.58,确认,2022-02-20 00:00,40332.52,13,4.709,KAMA跟踪止损,2022
577,2022-02-17 16:00,做空,43336.02,713.5,1.625,-0.27,0.67,弱突破,2022-02-17 16:00,43165.73,0,0.239,弱突破平仓,2022
578,2022-02-16 20:00,做空,43684.68,718.45,1.626,0.11,0.8,弱突破,2022-02-16 20:00,43589.7,0,0.132,弱突破平仓,2022
579,2022-02-15 16:00,做多,43755.0,782.01,1.791,-1.06,3.7,确认,2022-02-16 12:00,43755.0,5,0.0,KAMA跟踪止损,2022
580,2022-02-15 12:00,做多,43657.29,802.97,1.844,-1.35,2.3,弱突破,2022-02-15 12:00,43664.2,0,0.009,弱突破平仓,2022
581,2022-02-12 00:00,做空,42802.7,936.97,2.146,-1.43,-0.79,弱突破,2022-02-12 00:00,42722.01,0,0.086,弱突破平仓,2022
582,2022-02-10 16:00,做多,44789.28,845.54,1.919,-0.62,-0.88,弱突破,2022-02-10 16:00,44822.08,0,0.039,弱突破平仓,2022
583,2022-02-10 00:00,做多,44424.27,871.38,1.987,-1.13,1.25,弱突破,2022-02-10 00:00,44457.1,0,0.038,弱突破平仓,2022
584,2022-02-08 20:00,做空,43529.9,821.11,1.866,-0.84,-0.38,弱突破,2022-02-08 20:00,43414.26,0,0.141,弱突破平仓,2022
585,2022-02-08 12:00,做多,44473.98,760.02,1.721,-0.47,0.82,弱突破,2022-02-08 12:00,44844.65,0,0.488,弱突破平仓,2022
586,2022-02-08 00:00,做多,43875.0,760.05,1.735,-1.3,2.34,弱突破,2022-02-08 00:00,44247.41,0,0.49,弱突破平仓,2022
587,2021-12-04 00:00,做空,55800.44,1163.51,2.076,-1.46,0.56,确认,2021-12-04 12:00,49104.39,3,9.66,止盈,2021
588,2021-12-03 20:00,做空,56115.02,1128.1,1.978,0.25,-0.9,弱突破,2021-12-03 20:00,56045.44,0,0.062,弱突破平仓,2021
589,2021-12-02 08:00,做空,56506.71,1227.76,2.146,0.4,-0.09,弱突破,2021-12-02 08:00,56326.85,0,0.146,弱突破平仓,2021
590,2021-12-01 20:00,做多,57851.03,1166.87,2.041,0.31,0.38,确认,2021-12-02 04:00,56684.16,2,-1.0,前3K止损,2021
591,2021-11-30 12:00,做空,56804.53,1114.99,1.952,0.25,0.03,弱突破,2021-11-30 12:00,56516.11,0,0.259,弱突破平仓,2021
592,2021-11-30 00:00,做多,57699.38,1090.55,1.909,0.29,-0.47,弱突破,2021-11-30 00:00,57919.21,0,0.202,弱突破平仓,2021
593,2021-11-26 12:00,做空,57917.91,1131.69,1.952,1.7,1.88,确认,2021-11-29 04:00,55431.01,16,0.719,KAMA跟踪止损,2021
594,2021-11-25 20:00,做多,58513.27,1162.99,2.003,1.68,1.56,弱突破,2021-11-25 20:00,59084.49,0,0.491,弱突破平仓,2021
595,2021-11-25 08:00,做多,57495.2,1184.15,2.071,0.21,0.9,弱突破,2021-11-25 08:00,57777.97,0,0.239,弱突破平仓,2021
596,2021-11-24 00:00,做多,57734.08,1329.12,2.335,-0.22,-0.1,弱突破,2021-11-24 00:00,57814.59,0,0.061,弱突破平仓,2021
597,2021-11-22 08:00,做空,58549.67,1133.13,1.933,2.76,0.14,确认,2021-11-23 16:00,57679.61,8,-0.727,KAMA跟踪止损,2021
598,2021-11-21 00:00,做多,58827.28,1205.9,2.092,1.1,-1.55,确认,2021-11-21 16:00,58827.28,4,0.0,KAMA跟踪止损,2021
599,2021-11-20 20:00,做空,57960.0,1201.34,2.048,2.88,-1.0,弱突破,2021-11-20 20:00,57630.48,0,0.274,弱突破平仓,2021
600,2021-11-20 08:00,做多,58317.96,1293.05,2.227,2.01,1.86,弱突破,2021-11-20 08:00,58535.79,0,0.168,弱突破平仓,2021
601,2021-11-18 20:00,做空,59023.19,1268.65,2.142,4.11,1.88,确认,2021-11-19 20:00,57836.85,6,0.211,KAMA跟踪止损,2021
602,2021-11-18 16:00,做空,59542.14,1284.84,2.149,5.08,0.73,弱突破,2021-11-18 16:00,59228.43,0,0.244,弱突破平仓,2021
603,2021-11-17 08:00,做空,59143.11,1262.05,2.1,5.84,0.79,弱突破,2021-11-17 08:00,59056.05,0,0.069,弱突破平仓,2021
604,2021-11-15 04:00,做多,64834.9,1051.66,1.638,13.67,-0.71,确认,2021-11-15 20:00,65083.67,4,0.237,KAMA跟踪止损,2021
605,2021-10-06 20:00,做多,51802.69,919.29,1.792,13.72,-0.3,确认,2021-10-07 12:00,54338.52,4,1.957,KAMA跟踪止损,2021
606,2021-10-04 00:00,做多,48148.75,856.19,1.789,7.6,-0.07,确认,2021-10-04 12:00,47292.56,3,-1.0,前3K止损,2021
607,2021-10-01 12:00,做多,44099.67,971.45,2.227,-1.52,1.11,确认,2021-10-03 08:00,47558.15,11,3.632,KAMA跟踪止损,2021
608,2021-09-24 16:00,做空,43887.96,1071.11,2.39,0.71,-0.18,确认,2021-09-26 16:00,42978.56,12,-0.116,KAMA跟踪止损,2021
609,2021-09-24 00:00,做多,44350.48,1095.66,2.504,-1.82,-0.7,弱突破,2021-09-24 00:00,44742.43,0,0.358,弱突破平仓,2021
610,2021-09-23 12:00,做多,44171.05,1144.42,2.598,-1.13,1.99,弱突破,2021-09-23 12:00,44207.54,0,0.032,弱突破平仓,2021
611,2021-09-20 08:00,做空,46849.51,740.45,1.567,5.6,0.2,确认,2021-09-21 08:00,41227.57,6,12.468,止盈,2021
612,2021-09-18 08:00,做多,47727.23,806.65,1.705,6.14,-0.25,弱突破,2021-09-18 08:00,47918.15,0,0.237,弱突破平仓,2021
613,2021-09-14 20:00,做多,46155.34,959.47,2.087,3.83,2.25,确认,2021-09-16 08:00,47637.05,9,0.895,KAMA跟踪止损,2021
614,2021-09-14 16:00,做多,45885.42,985.54,2.155,3.26,2.15,弱突破,2021-09-14 16:00,45979.62,0,0.096,弱突破平仓,2021
615,2021-09-14 12:00,做多,45521.63,994.09,2.199,2.07,1.89,弱突破,2021-09-14 12:00,45725.73,0,0.205,弱突破平仓,2021
616,2021-09-13 12:00,做空,44575.71,940.92,2.109,0.95,2.83,弱突破,2021-09-13 12:00,44492.69,0,0.088,弱突破平仓,2021
617,2021-09-12 16:00,做多,45497.73,916.52,2.02,2.68,-0.03,确认,2021-09-13 08:00,46065.2,4,0.619,KAMA跟踪止损,2021
618,2021-09-10 20:00,做空,45655.12,1047.86,2.261,5.1,0.14,弱突破,2021-09-10 20:00,45437.97,0,0.207,弱突破平仓,2021
619,2021-09-09 20:00,做多,46546.13,1107.04,2.391,5.04,0.5,弱突破,2021-09-09 20:00,46989.29,0,0.4,弱突破平仓,2021
620,2021-09-08 12:00,做空,46009.58,1145.84,2.466,5.59,0.4,确认,2021-09-09 04:00,46009.58,4,0.0,KAMA跟踪止损,2021
621,2021-09-03 16:00,做多,49880.0,816.98,1.656,14.25,-0.13,弱突破,2021-09-03 16:00,50203.16,0,0.396,弱突破平仓,2021
622,2021-09-01 16:00,做多,47498.15,796.85,1.687,10.34,-0.26,弱突破,2021-09-01 16:00,47748.64,0,0.314,弱突破平仓,2021
623,2021-08-31 04:00,做空,47414.76,772.38,1.587,14.52,-1.41,确认,2021-08-31 20:00,47414.76,4,0.0,KAMA跟踪止损,2021
624,2021-08-25 20:00,做多,48605.99,840.58,1.766,14.34,-0.3,弱突破,2021-08-25 20:00,48799.29,0,0.23,弱突破平仓,2021
625,2021-08-06 00:00,做多,39538.96,923.97,2.384,2.97,-1.76,确认,2021-08-09 00:00,43388.2,18,5.467,KAMA跟踪止损,2021
626,2021-08-04 20:00,做多,38554.26,884.18,2.318,1.61,-0.15,确认,2021-08-05 16:00,38554.26,5,0.0,KAMA跟踪止损,2021
627,2021-08-03 08:00,做空,38684.84,952.81,2.434,4.51,0.98,弱突破,2021-08-03 08:00,38647.22,0,0.039,弱突破平仓,2021
628,2021-07-28 04:00,做多,38741.82,981.85,2.6,2.32,1.73,确认,2021-07-30 16:00,38935.28,15,-1.632,KAMA跟踪止损,2021
629,2021-07-27 20:00,做多,38021.73,980.06,2.578,3.03,2.14,弱突破,2021-07-27 20:00,38210.4,0,0.193,弱突破平仓,2021
630,2021-07-27 00:00,做多,39239.91,840.53,2.179,4.73,0.78,弱突破,2021-07-27 00:00,39371.41,0,0.156,弱突破平仓,2021
631,2021-05-13 00:00,做空,55318.95,1374.89,2.477,2.72,3.95,确认,2021-05-13 08:00,48680.68,2,5.546,止盈,2021
632,2021-05-12 08:00,做多,56887.81,1391.85,2.454,4.69,2.59,确认,2021-05-12 20:00,55495.97,3,-1.0,前3K止损,2021
633,2021-05-12 00:00,做多,56232.37,1450.73,2.587,3.53,1.61,弱突破,2021-05-12 00:00,56655.01,0,0.291,弱突破平仓,2021
634,2021-05-07 20:00,做多,57158.75,1364.54,2.415,5.07,0.12,弱突破,2021-05-07 20:00,57544.42,0,0.283,弱突破平仓,2021
635,2021-05-05 20:00,做多,55894.24,1362.61,2.469,2.97,3.63,确认,2021-05-07 00:00,56280.52,7,-1.017,KAMA跟踪止损,2021
636,2021-05-04 20:00,做空,54689.52,1205.45,2.145,5.07,1.75,确认,2021-05-05 12:00,54689.52,4,0.0,KAMA跟踪止损,2021
637,2021-04-30 20:00,做多,54828.01,1257.78,2.317,2.11,1.35,确认,2021-05-02 08:00,57105.48,9,1.852,KAMA跟踪止损,2021
638,2021-04-30 12:00,做多,53858.11,1307.85,2.436,0.99,-0.13,弱突破,2021-04-30 12:00,54354.0,0,0.379,弱突破平仓,2021
639,2021-04-30 00:00,做空,53358.85,1341.82,2.496,1.37,0.95,弱突破,2021-04-30 00:00,52889.17,0,0.35,弱突破平仓,2021
640,2021-04-29 00:00,做多,55316.59,1358.85,2.5,2.54,-0.79,弱突破,2021-04-29 00:00,55417.91,0,0.075,弱突破平仓,2021
641,2021-04-28 12:00,做空,54294.0,1394.48,2.545,3.36,0.37,弱突破,2021-04-28 12:00,54282.36,0,0.008,弱突破平仓,2021
642,2021-04-27 16:00,做多,54859.91,1555.07,2.851,2.99,0.97,弱突破,2021-04-27 16:00,55115.2,0,0.164,弱突破平仓,2021
643,2021-04-27 12:00,做多,54339.47,1551.92,2.902,0.98,-0.17,弱突破,2021-04-27 12:00,54540.99,0,0.13,弱突破平仓,2021
644,2021-04-27 00:00,做多,53906.96,1596.99,2.981,1.27,2.22,弱突破,2021-04-27 00:00,54017.49,0,0.069,弱突破平仓,2021
645,2021-04-26 16:00,做多,53040.47,1661.52,3.146,-0.15,7.0,弱突破,2021-04-26 16:00,53595.2,0,0.334,弱突破平仓,2021
646,2021-04-26 12:00,做多,52536.69,1697.1,3.238,-0.93,4.25,弱突破,2021-04-26 12:00,52815.88,0,0.165,弱突破平仓,2021
647,2021-04-23 04:00,做空,52263.5,1692.51,3.196,-0.31,2.21,弱突破,2021-04-23 04:00,51723.66,0,0.319,弱突破平仓,2021
648,2021-04-23 00:00,做空,53151.09,1628.22,2.978,2.92,-2.18,弱突破,2021-04-23 00:00,52949.78,0,0.124,弱突破平仓,2021
649,2021-04-22 08:00,做空,53632.29,1626.37,3.023,1.2,1.4,弱突破,2021-04-22 08:00,53503.28,0,0.079,弱突破平仓,2021
650,2021-04-22 04:00,做空,54282.45,1615.68,2.913,4.34,-0.31,弱突破,2021-04-22 04:00,53794.03,0,0.302,弱突破平仓,2021
651,2021-04-21 16:00,做空,54992.07,1627.59,2.944,4.01,2.28,弱突破,2021-04-21 16:00,54558.51,0,0.266,弱突破平仓,2021
652,2021-04-21 00:00,做多,56457.43,1718.36,3.106,4.13,1.45,弱突破,2021-04-21 00:00,56579.24,0,0.071,弱突破平仓,2021
653,2021-04-10 08:00,做多,58808.29,932.14,1.603,14.77,-0.7,弱突破,2021-04-10 08:00,59269.8,0,0.495,弱突破平仓,2021
654,2020-10-29 20:00,做多,13318.44,209.5,1.606,14.25,-1.59,确认,2020-10-30 12:00,13368.31,4,0.238,KAMA跟踪止损,2020
655,2020-10-19 20:00,做多,11534.6,95.55,0.833,5.44,-0.24,确认,2020-10-23 08:00,12885.59,21,26.707,KAMA跟踪止损,2020
656,2020-10-18 12:00,做多,11397.0,103.73,0.913,4.66,0.25,确认,2020-10-19 08:00,11413.54,5,0.159,KAMA跟踪止损,2020
657,2020-10-16 00:00,做多,11419.82,114.87,1.008,5.43,0.16,确认,2020-10-16 12:00,11304.95,3,-1.0,前3K止损,2020
658,2020-10-15 16:00,做空,11337.84,112.2,0.985,5.42,-0.52,弱突破,2020-10-15 16:00,11313.42,0,0.218,弱突破平仓,2020
659,2020-10-14 20:00,做空,11360.13,114.29,1.006,5.31,0.49,弱突破,2020-10-14 20:00,11317.53,0,0.373,弱突破平仓,2020
660,2020-10-14 16:00,做空,11366.83,115.81,1.015,5.76,-0.2,弱突破,2020-10-14 16:00,11363.21,0,0.031,弱突破平仓,2020
661,2020-10-12 20:00,做多,11412.82,106.66,0.948,4.59,-1.08,确认,2020-10-13 16:00,11412.82,5,0.0,KAMA跟踪止损,2020
662,2020-10-12 16:00,做空,11284.62,102.32,0.899,5.8,-0.36,弱突破,2020-10-12 16:00,11247.14,0,0.366,弱突破平仓,2020
663,2020-10-08 20:00,做多,10664.77,80.83,0.763,-0.81,-0.59,确认,2020-10-12 04:00,11296.03,20,13.04,KAMA跟踪止损,2020
664,2020-10-08 12:00,做空,10600.49,80.31,0.755,-0.47,-0.11,弱突破,2020-10-08 12:00,10587.75,0,0.159,弱突破平仓,2020
665,2020-10-08 00:00,做多,10643.31,85.2,0.802,-0.51,0.51,弱突破,2020-10-08 00:00,10647.59,0,0.05,弱突破平仓,2020
666,2020-10-07 00:00,做空,10616.24,86.95,0.81,0.48,0.25,确认,2020-10-07 16:00,10616.24,4,0.0,KAMA跟踪止损,2020
667,2020-10-06 16:00,做空,10701.35,83.8,0.783,0.27,0.19,弱突破,2020-10-06 16:00,10693.11,0,0.098,弱突破平仓,2020
668,2020-10-06 04:00,做多,10768.87,86.72,0.808,0.44,0.47,弱突破,2020-10-06 04:00,10784.99,0,0.186,弱突破平仓,2020
669,2020-10-05 00:00,做多,10630.5,91.87,0.868,-0.86,0.42,弱突破,2020-10-05 00:00,10667.36,0,0.401,弱突破平仓,2020
670,2020-10-01 20:00,做空,10772.99,102.31,0.939,1.98,-1.16,确认,2020-10-04 12:00,10607.63,16,1.657,KAMA跟踪止损,2020
671,2020-10-01 16:00,做多,10850.94,102.44,0.947,1.25,1.01,弱突破,2020-10-01 16:00,10897.74,0,0.457,弱突破平仓,2020
672,2020-09-30 04:00,做多,10791.87,109.1,1.016,0.47,0.14,弱突破,2020-09-30 04:00,10836.99,0,0.414,弱突破平仓,2020
673,2020-09-28 08:00,做多,10776.2,112.33,1.043,0.81,1.37,确认,2020-09-29 04:00,10776.2,5,0.0,KAMA跟踪止损,2020
674,2020-09-27 16:00,做空,10627.57,116.58,1.093,-0.12,0.44,弱突破,2020-09-27 16:00,10622.43,0,0.044,弱突破平仓,2020
675,2020-09-25 00:00,做多,10542.0,132.41,1.257,-1.31,2.32,确认,2020-09-27 12:00,10673.61,15,0.214,KAMA跟踪止损,2020
676,2020-09-23 12:00,做空,10445.97,124.95,1.193,-1.92,-0.21,弱突破,2020-09-23 12:00,10423.49,0,0.18,弱突破平仓,2020
677,2020-09-21 16:00,做空,10813.56,116.18,1.066,1.9,-0.31,确认,2020-09-23 04:00,10560.5,9,0.935,KAMA跟踪止损,2020
678,2020-09-20 20:00,做空,10896.48,116.07,1.06,2.28,1.16,确认,2020-09-21 12:00,10896.48,4,0.0,KAMA跟踪止损,2020
679,2020-09-19 16:00,做多,10974.47,116.53,1.069,1.87,0.34,确认,2020-09-20 08:00,10974.47,4,0.0,KAMA跟踪止损,2020
680,2020-09-19 00:00,做空,10870.54,125.89,1.156,1.97,0.22,弱突破,2020-09-19 00:00,10858.53,0,0.095,弱突破平仓,2020
681,2020-09-18 04:00,做多,10920.68,134.61,1.234,2.19,0.31,弱突破,2020-09-18 04:00,10934.18,0,0.1,弱突破平仓,2020
682,2020-09-16 20:00,做多,10932.45,138.82,1.274,2.09,1.06,弱突破,2020-09-16 20:00,10998.0,0,0.472,弱突破平仓,2020
683,2020-09-16 12:00,做多,10870.1,138.99,1.29,0.97,-0.08,弱突破,2020-09-16 12:00,10911.3,0,0.296,弱突破平仓,2020
684,2020-09-14 20:00,做多,10467.3,130.7,1.249,-1.81,1.34,确认,2020-09-16 00:00,10702.38,7,2.079,KAMA跟踪止损,2020
685,2020-09-13 16:00,做空,10402.91,137.54,1.305,-1.12,-0.75,确认,2020-09-14 16:00,10402.91,6,0.0,KAMA跟踪止损,2020
686,2020-09-03 20:00,做空,11195.49,160.6,1.431,4.13,1.53,确认,2020-09-05 00:00,10510.42,7,5.374,KAMA跟踪止损,2020
687,2020-09-03 16:00,做空,11251.39,155.01,1.359,5.9,-0.1,弱突破,2020-09-03 16:00,11218.97,0,0.209,弱突破平仓,2020
688,2020-09-01 12:00,做多,11756.79,112.6,0.963,8.57,-0.44,确认,2020-09-02 12:00,11756.79,6,-2.596,KAMA跟踪止损,2020
689,2020-08-31 20:00,做多,11727.73,112.7,0.965,8.75,-0.29,弱突破,2020-08-31 20:00,11748.99,0,0.189,弱突破平仓,2020
690,2020-08-29 16:00,做空,11460.12,125.94,1.09,8.18,-0.49,弱突破,2020-08-29 16:00,11451.16,0,0.071,弱突破平仓,2020
691,2020-08-29 12:00,做多,11540.81,127.43,1.108,7.65,-0.26,弱突破,2020-08-29 12:00,11558.98,0,0.143,弱突破平仓,2020
692,2020-08-23 16:00,做空,11563.79,138.55,1.192,10.28,-0.23,弱突破,2020-08-23 16:00,11532.84,0,0.223,弱突破平仓,2020
693,2020-08-14 04:00,做多,11626.7,187.36,1.627,13.84,-0.05,确认,2020-08-15 20:00,11735.18,10,0.579,KAMA跟踪止损,2020
694,2020-07-26 00:00,做多,9623.42,68.98,0.719,4.59,0.14,确认,2020-07-28 16:00,10637.65,16,24.404,KAMA跟踪止损,2020
695,2020-07-25 00:00,做多,9569.46,68.32,0.715,4.28,-0.12,弱突破,2020-07-25 00:00,9581.53,0,0.177,弱突破平仓,2020
696,2020-07-23 04:00,做多,9385.07,55.46,0.592,2.63,0.77,确认,2020-07-24 12:00,9491.86,8,1.914,KAMA跟踪止损,2020
697,2020-07-23 00:00,做多,9366.45,55.39,0.593,2.23,-0.25,弱突破,2020-07-23 00:00,9373.65,0,0.13,弱突破平仓,2020
698,2020-07-21 12:00,做多,9202.71,47.16,0.514,0.63,0.07,确认,2020-07-22 12:00,9296.6,6,0.99,KAMA跟踪止损,2020
699,2020-07-20 04:00,做多,9172.29,48.21,0.526,0.56,0.1,确认,2020-07-20 20:00,9172.29,4,0.0,KAMA跟踪止损,2020
700,2020-07-20 00:00,做多,9160.27,47.97,0.526,0.09,-0.37,弱突破,2020-07-20 00:00,9164.62,0,0.091,弱突破平仓,2020
701,2020-07-19 16:00,做空,9140.77,49.02,0.535,0.46,0.09,弱突破,2020-07-19 16:00,9124.67,0,0.328,弱突破平仓,2020
702,2020-07-18 00:00,做多,9162.86,58.7,0.642,0.43,0.3,弱突破,2020-07-18 00:00,9164.74,0,0.032,弱突破平仓,2020
703,2020-07-16 12:00,做空,9164.42,62.01,0.674,1.06,0.05,确认,2020-07-17 20:00,9156.76,8,0.123,KAMA跟踪止损,2020
704,2020-07-16 00:00,做空,9189.51,63.76,0.692,1.11,0.3,弱突破,2020-07-16 00:00,9185.35,0,0.065,弱突破平仓,2020
705,2020-07-15 16:00,做空,9220.48,64.9,0.703,1.36,0.41,弱突破,2020-07-15 16:00,9219.43,0,0.016,弱突破平仓,2020
706,2020-07-15 00:00,做多,9242.68,70.1,0.76,1.27,0.01,弱突破,2020-07-15 00:00,9268.7,0,0.371,弱突破平仓,2020
707,2020-07-14 12:00,做空,9202.41,68.3,0.741,1.25,0.79,弱突破,2020-07-14 12:00,9182.53,0,0.291,弱突破平仓,2020
708,2020-07-14 00:00,做空,9247.56,68.91,0.742,2.11,-0.21,弱突破,2020-07-14 00:00,9234.68,0,0.187,弱突破平仓,2020
709,2020-07-12 20:00,做空,9232.79,66.35,0.718,1.65,-0.13,弱突破,2020-07-12 20:00,9216.38,0,0.247,弱突破平仓,2020
710,2020-07-12 08:00,做多,9252.63,70.29,0.761,1.59,0.35,弱突破,2020-07-12 08:00,9271.85,0,0.273,弱突破平仓,2020
711,2020-07-11 16:00,做空,9211.5,73.72,0.795,1.98,-0.37,弱突破,2020-07-11 16:00,9201.76,0,0.132,弱突破平仓,2020
712,2020-07-11 04:00,做多,9251.36,77.07,0.834,1.65,0.88,弱突破,2020-07-11 04:00,9287.34,0,0.467,弱突破平仓,2020
713,2020-07-10 20:00,做多,9237.28,78.54,0.857,0.87,-0.75,弱突破,2020-07-10 20:00,9245.39,0,0.103,弱突破平仓,2020
714,2020-07-10 12:00,做空,9189.72,78.98,0.856,1.51,-0.13,弱突破,2020-07-10 12:00,9154.66,0,0.444,弱突破平仓,2020
715,2020-07-08 20:00,做多,9322.0,75.5,0.811,2.59,0.57,确认,2020-07-09 20:00,9323.36,6,-1.464,KAMA跟踪止损,2020
716,2020-07-08 08:00,做多,9289.38,77.25,0.835,2.12,-0.15,弱突破,2020-07-08 08:00,9310.73,0,0.276,弱突破平仓,2020
717,2020-07-06 12:00,做多,9118.49,74.93,0.825,0.3,0.63,确认,2020-07-07 16:00,9230.31,7,0.503,KAMA跟踪止损,2020
718,2020-07-05 16:00,做空,9042.41,72.04,0.795,0.16,0.67,弱突破,2020-07-05 16:00,9035.41,0,0.097,弱突破平仓,2020
719,2020-07-02 20:00,做空,9174.24,80.95,0.88,1.64,0.38,确认,2020-07-05 00:00,9112.4,13,0.764,KAMA跟踪止损,2020
720,2020-07-01 20:00,做多,9189.9,87.45,0.955,1.26,0.25,确认,2020-07-02 12:00,9189.9,4,0.0,KAMA跟踪止损,2020
721,2020-06-30 04:00,做多,9179.25,104.78,1.144,1.32,0.69,弱突破,2020-06-30 04:00,9186.9,0,0.073,弱突破平仓,2020
722,2020-06-30 00:00,做多,9140.51,106.35,1.166,0.95,0.26,弱突破,2020-06-30 00:00,9157.74,0,0.162,弱突破平仓,2020
723,2020-06-28 00:00,做空,9113.04,108.5,1.188,1.12,0.31,确认,2020-06-28 20:00,9113.04,5,0.0,KAMA跟踪止损,2020
724,2020-06-26 12:00,做空,9189.75,115.0,1.244,2.39,-0.12,弱突破,2020-06-26 12:00,9138.9,0,0.442,弱突破平仓,2020
725,2020-06-24 16:00,做空,9502.71,95.58,1.005,5.42,1.37,确认,2020-06-25 16:00,9329.53,6,0.976,KAMA跟踪止损,2020
726,2020-06-23 00:00,做多,9507.22,93.31,0.983,5.5,1.11,确认,2020-06-24 04:00,9598.13,7,0.037,KAMA跟踪止损,2020
727,2020-06-22 20:00,做多,9471.14,95.04,1.005,5.15,1.77,弱突破,2020-06-22 20:00,9490.97,0,0.209,弱突破平仓,2020
728,2020-06-22 16:00,做多,9449.69,96.51,1.025,4.71,0.74,弱突破,2020-06-22 16:00,9459.59,0,0.103,弱突破平仓,2020
729,2020-06-22 12:00,做多,9399.96,97.88,1.043,4.35,0.16,弱突破,2020-06-22 12:00,9419.52,0,0.2,弱突破平仓,2020
730,2020-06-22 04:00,做空,9305.37,98.18,1.05,4.17,0.19,弱突破,2020-06-22 04:00,9294.9,0,0.107,弱突破平仓,2020
731,2020-06-19 08:00,做空,9280.25,117.28,1.249,4.94,0.48,弱突破,2020-06-19 08:00,9275.03,0,0.044,弱突破平仓,2020
732,2020-06-18 00:00,做空,9376.82,125.32,1.333,5.22,0.65,确认,2020-06-18 16:00,9376.82,4,0.0,KAMA跟踪止损,2020
733,2020-06-16 08:00,做多,9495.24,132.96,1.411,5.9,3.39,确认,2020-06-17 00:00,9495.24,4,0.0,KAMA跟踪止损,2020
734,2020-06-15 08:00,做空,9250.45,113.24,1.212,5.14,0.94,确认,2020-06-16 00:00,9250.45,4,0.0,KAMA跟踪止损,2020
735,2020-06-08 00:00,做多,9714.85,129.82,1.366,8.77,-1.92,确认,2020-06-08 16:00,9714.85,4,0.0,KAMA跟踪止损,2020
736,2020-06-04 20:00,做多,9687.02,156.16,1.622,11.29,-0.4,确认,2020-06-05 12:00,9749.11,4,0.398,KAMA跟踪止损,2020
737,2020-05-30 12:00,做多,9455.07,142.55,1.517,10.76,-0.15,确认,2020-05-31 04:00,9455.07,4,-1.69,KAMA跟踪止损,2020
738,2020-05-27 16:00,做多,8895.29,150.85,1.706,5.45,0.53,确认,2020-05-29 16:00,9417.57,12,5.251,KAMA跟踪止损,2020
739,2020-05-26 00:00,做多,8878.67,173.52,1.976,5.16,-0.06,弱突破,2020-05-26 00:00,8928.92,0,0.29,弱突破平仓,2020
740,2020-05-24 16:00,做空,9123.16,164.96,1.782,11.07,-0.81,弱突破,2020-05-24 16:00,9122.06,0,0.007,弱突破平仓,2020
741,2020-04-26 16:00,做多,7582.27,109.43,1.45,3.0,0.03,确认,2020-04-30 08:00,9250.37,22,28.74,止盈,2020
742,2020-04-25 12:00,做多,7549.54,121.02,1.611,2.67,0.11,弱突破,2020-04-25 12:00,7560.04,0,0.087,弱突破平仓,2020
743,2020-04-20 16:00,做空,7087.58,110.12,1.533,-1.83,-0.68,确认,2020-04-22 12:00,6950.53,11,-0.374,KAMA跟踪止损,2020
744,2020-04-19 12:00,做空,7160.37,120.17,1.662,-1.4,0.15,弱突破,2020-04-19 12:00,7145.8,0,0.121,弱突破平仓,2020
745,2020-04-09 16:00,做空,7242.0,145.33,1.983,-1.72,-0.33,弱突破,2020-04-09 16:00,7189.86,0,0.359,弱突破平仓,2020
746,2020-03-08 00:00,做空,9052.31,111.54,1.224,2.49,-0.26,确认,2020-03-09 12:00,7966.04,9,16.756,止盈,2020
747,2020-03-05 08:00,做多,8780.16,132.2,1.511,-1.5,0.36,确认,2020-03-06 20:00,9009.62,9,1.041,KAMA跟踪止损,2020
748,2020-03-03 12:00,做空,8806.8,149.5,1.686,-0.21,-0.46,弱突破,2020-03-03 12:00,8755.4,0,0.344,弱突破平仓,2020
749,2020-03-02 20:00,做多,8771.73,156.41,1.786,-1.49,2.6,弱突破,2020-03-02 20:00,8828.45,0,0.363,弱突破平仓,2020
750,2020-02-26 08:00,做空,9257.56,152.01,1.631,4.4,3.25,确认,2020-02-27 20:00,8872.91,9,3.343,KAMA跟踪止损,2020
751,2020-02-26 00:00,做空,9364.68,149.97,1.597,5.25,1.98,弱突破,2020-02-26 00:00,9359.36,0,0.035,弱突破平仓,2020
752,2020-02-24 08:00,做空,9809.73,132.48,1.333,11.81,-1.18,弱突破,2020-02-24 08:00,9758.81,0,0.384,弱突破平仓,2020
753,2020-01-29 04:00,做多,9185.17,125.93,1.397,14.12,-0.29,确认,2020-01-30 08:00,9219.26,7,-1.131,KAMA跟踪止损,2020
754,2020-01-25 08:00,做空,8374.74,118.7,1.406,8.39,-0.33,确认,2020-01-26 04:00,8374.74,5,0.0,KAMA跟踪止损,2020
755,2020-01-23 08:00,做空,8601.09,119.02,1.371,12.04,-0.21,弱突破,2020-01-23 08:00,8598.95,0,0.018,弱突破平仓,2020
756,2020-01-22 04:00,做多,8676.62,128.96,1.511,10.54,-1.14,弱突破,2020-01-22 04:00,8736.17,0,0.462,弱突破平仓,2020
757,2020-01-10 12:00,做空,7753.85,142.76,1.826,5.75,1.11,弱突破,2020-01-10 12:00,7751.19,0,0.019,弱突破平仓,2020
758,2020-01-06 08:00,做多,7483.51,83.36,1.133,0.82,-0.88,确认,2020-01-09 00:00,8138.05,16,12.409,KAMA跟踪止损,2020
759,2020-01-03 16:00,做多,7228.19,82.68,1.148,-1.27,3.12,确认,2020-01-06 04:00,7360.3,15,1.682,KAMA跟踪止损,2020
760,2020-01-02 08:00,做空,7177.95,65.63,0.912,-1.41,-0.05,确认,2020-01-03 12:00,7088.5,7,-0.228,KAMA跟踪止损,2020
761,2020-01-01 00:00,做空,7194.84,72.11,1.002,-1.49,0.56,弱突破,2020-01-01 00:00,7174.93,0,0.276,弱突破平仓,2019
762,2019-12-31 20:00,做空,7204.19,69.38,0.958,-0.87,0.04,弱突破,2019-12-31 20:00,7197.33,0,0.099,弱突破平仓,2019
763,2019-12-31 00:00,做空,7256.11,76.48,1.053,-0.66,1.21,弱突破,2019-12-31 00:00,7242.3,0,0.181,弱突破平仓,2019
764,2019-12-30 20:00,做空,7295.29,76.03,1.039,0.07,1.02,弱突破,2019-12-30 20:00,7261.01,0,0.451,弱突破平仓,2019
765,2019-12-30 16:00,做空,7315.8,75.35,1.02,1.02,1.17,弱突破,2019-12-30 16:00,7314.55,0,0.017,弱突破平仓,2019
766,2019-12-29 20:00,做多,7359.08,69.49,0.946,0.47,0.41,确认,2019-12-30 12:00,7359.08,4,-1.615,KAMA跟踪止损,2019
767,2019-12-28 08:00,做多,7267.92,77.2,1.064,-0.76,1.61,弱突破,2019-12-28 08:00,7285.68,0,0.23,弱突破平仓,2019
768,2019-12-27 16:00,做空,7159.04,71.94,1.001,-1.65,1.57,弱突破,2019-12-27 16:00,7138.83,0,0.281,弱突破平仓,2019
769,2019-12-27 00:00,做多,7240.74,59.84,0.827,-1.07,0.69,确认,2019-12-27 04:00,7180.9,1,-1.0,前3K止损,2019
770,2019-12-25 20:00,做空,7203.65,56.94,0.789,-1.33,0.57,弱突破,2019-12-25 20:00,7189.73,0,0.244,弱突破平仓,2019
771,2019-12-24 04:00,做空,7366.15,26.94,0.362,1.61,,确认,2019-12-25 12:00,7233.26,8,5.689,KAMA跟踪止损,2019
