序号,信号时间,方向,6K极值,回调线,触发线,信号收盘价,窗口内最低(未及回调线),窗口内顺向行情%,年份
1,2026-08-21 04:00,做多,72945.3,70048.2,70800.49,72998.7,72992.4,8.98,2026
2,2026-08-20 16:00,做多,70450.0,70450.0,71127.0,71896.2,71100.0,10.65,2026
3,2026-08-19 20:00,做多,65057.9,65057.9,65483.71,68523.7,67803.6,6.31,2026
4,2026-08-17 08:00,做多,63370.0,63132.2,63490.73,63409.8,63255.0,1.88,2026
5,2026-08-11 00:00,做空,64171.8,64794.4,64376.89,64017.2,64470.0,1.26,2026
6,2026-08-10 20:00,做空,64794.4,64794.4,64376.89,64268.8,64470.0,1.32,2026
7,2026-07-31 20:00,做空,63577.0,64571.4,63912.13,62695.4,63275.7,0.02,2026
8,2026-07-31 16:00,做空,63835.6,63950.0,63286.86,63779.4,63807.5,2.15,2026
9,2026-07-28 08:00,做空,63567.0,64872.0,64382.83,63310.1,64175.0,1.03,2026
10,2026-07-28 04:00,做空,64374.4,64606.3,64119.11,63720.8,64084.5,1.66,2026
11,2026-07-24 20:00,做空,64636.0,64636.0,64035.28,64065.1,64266.9,0.48,2026
12,2026-07-19 04:00,做多,64666.0,64188.2,64907.16,64806.7,64259.5,0.22,2026
13,2026-07-14 20:00,做多,62970.7,62970.7,63645.61,64727.5,64200.0,1.33,2026
14,2026-07-13 08:00,做空,63602.8,63602.8,62924.76,62780.2,63260.0,1.55,2026
15,2026-07-10 08:00,做多,63484.9,63286.5,64143.63,63917.2,63619.9,1.19,2026
16,2026-07-01 20:00,做多,59444.5,59264.4,60138.4,60118.5,59555.0,3.43,2026
17,2026-06-25 00:00,做空,60238.0,62075.6,61273.84,59923.8,61931.1,3.16,2026
18,2026-06-23 16:00,做空,62532.4,64014.9,63265.03,62478.5,63209.6,0.9,2026
19,2026-06-23 12:00,做空,63758.3,63833.4,63082.75,62849.2,63090.9,1.56,2026
20,2026-06-15 16:00,做多,65996.8,64640.6,65425.82,66192.0,65607.1,1.61,2026
21,2026-06-15 08:00,做多,65775.0,64682.2,65514.1,65894.7,65469.0,2.06,2026
22,2026-06-15 04:00,做多,64738.0,64738.0,65595.62,65702.1,65314.3,2.36,2026
23,2026-06-05 20:00,做空,61067.6,62344.1,61063.06,60400.8,61985.1,2.19,2026
24,2026-06-04 04:00,做空,65199.0,65359.1,64322.04,64117.7,64739.8,4.32,2026
25,2026-05-27 08:00,做空,75641.2,76434.0,75696.57,75635.6,76155.5,3.44,2026
26,2026-05-27 00:00,做空,76234.7,76434.0,75696.57,76028.3,76157.8,1.84,2026
27,2026-05-24 04:00,做多,76054.1,76054.1,76809.39,76715.2,76056.0,1.15,2026
28,2026-05-23 00:00,做空,76528.0,76970.0,76206.58,75827.1,76054.1,2.14,2026
29,2026-05-16 12:00,做空,78610.0,78610.0,77710.26,78334.3,78527.8,0.94,2026
30,2026-05-01 20:00,做多,77588.4,76630.3,77471.33,78395.4,77717.7,0.31,2026
31,2026-05-01 16:00,做多,77421.2,76630.3,77471.33,77429.5,77368.2,1.87,2026
32,2026-05-01 08:00,做多,76630.3,76445.0,77316.21,77082.6,76833.7,2.33,2026
33,2026-04-27 20:00,做空,77408.6,77715.0,76959.18,76760.0,77450.0,1.46,2026
34,2026-04-22 12:00,做多,77699.0,76999.0,77959.24,77979.8,77410.7,1.88,2026
35,2026-04-22 08:00,做多,76999.0,76999.0,77959.24,77488.3,77321.7,2.52,2026
36,2026-04-17 20:00,做多,76350.0,75500.0,76489.44,77736.2,75710.6,0.73,2026
37,2026-04-14 04:00,做多,73441.7,71423.9,72291.31,74385.0,73766.8,2.18,2026
38,2026-04-14 00:00,做多,72431.0,71423.9,72291.31,73272.2,72953.3,3.74,2026
39,2026-04-13 20:00,做多,71478.0,71478.0,72363.4,71823.6,71629.5,5.83,2026
40,2026-04-12 20:00,做空,71259.0,72451.9,71564.42,70856.2,72431.0,0.56,2026
41,2026-04-12 08:00,做空,72451.9,72451.9,71564.42,71563.6,71750.0,1.54,2026
42,2026-04-08 04:00,做多,69940.0,69940.0,70787.13,71890.2,70671.6,1.35,2026
43,2026-04-06 04:00,做多,67828.6,67452.7,68202.32,68997.9,68227.5,1.93,2026
44,2026-04-02 08:00,做空,67534.9,67534.9,66493.37,66538.4,67400.0,1.3,2026
45,2026-03-27 20:00,做空,66175.4,68115.8,66998.51,66092.0,67284.0,0.89,2026
46,2026-03-27 16:00,做空,68115.8,68115.8,66998.51,66663.2,66742.2,1.74,2026
47,2026-03-26 20:00,做空,69127.2,70531.4,69389.73,69054.8,69466.6,4.88,2026
48,2026-03-26 16:00,做空,69722.6,70531.4,69389.73,69239.3,69872.2,4.43,2026
49,2026-03-26 12:00,做空,70531.4,70531.4,69389.73,70053.8,70131.5,2.77,2026
50,2026-03-23 16:00,做多,69000.0,69000.0,69998.13,70097.3,69644.0,2.41,2026
51,2026-03-22 04:00,做空,69701.3,69701.3,68579.86,68881.5,69555.8,2.3,2026
52,2026-03-18 20:00,做空,72731.6,73330.3,72215.31,71436.4,71980.5,3.76,2026
53,2026-03-18 16:00,做空,73330.3,73330.3,72215.31,72906.4,72947.4,4.78,2026
54,2026-03-09 20:00,做多,68441.5,67623.0,68779.17,68832.3,68200.1,4.24,2026
55,2026-03-05 00:00,做多,73436.4,68972.9,70437.52,73580.2,70612.8,0.13,2026
56,2026-03-04 20:00,做多,71887.9,68972.9,70437.52,73339.7,71136.2,0.96,2026
57,2026-03-04 16:00,做多,69676.4,68972.9,70437.52,71082.4,70559.7,4.17,2026
58,2026-03-04 12:00,做多,68972.9,68561.9,69968.56,69464.5,69100.2,6.6,2026
59,2026-02-27 16:00,做空,66462.0,66462.0,65219.57,66094.1,66320.0,4.71,2026
60,2026-02-26 00:00,做多,67548.0,66283.1,67390.42,69005.2,66462.0,1.44,2026
61,2026-02-25 20:00,做多,66283.1,66283.1,67390.42,67362.3,66730.7,3.91,2026
62,2026-02-23 08:00,做空,67150.0,67763.7,66844.29,64894.0,66574.5,2.45,2026
63,2026-02-22 20:00,做空,67763.7,67763.7,66844.29,67659.9,67728.0,5.07,2026
64,2026-02-13 20:00,做多,68385.0,68385.0,70020.49,68652.0,68500.0,2.78,2026
65,2026-02-05 08:00,做空,71838.0,75420.0,73638.12,71198.9,71944.4,16.01,2026
66,2026-02-04 00:00,做空,77000.5,77566.5,75923.43,74893.8,76952.5,3.73,2026
67,2026-02-01 00:00,做空,80754.3,81832.0,80439.74,77707.9,79396.8,1.23,2026
68,2026-01-30 08:00,做空,83338.3,87650.1,86590.98,82640.9,84599.0,0.98,2026
69,2026-01-30 00:00,做空,84335.4,87650.1,86590.98,83979.4,84699.9,3.55,2026
70,2026-01-29 20:00,做空,87650.1,87650.1,86590.98,84898.0,85596.1,4.59,2026
71,2026-01-29 08:00,做空,88786.0,88786.0,87839.98,88003.2,88461.2,7.96,2026
72,2026-01-25 08:00,做空,89116.9,89383.5,88316.45,88920.0,89057.8,3.26,2026
73,2026-01-20 12:00,做空,92116.0,92344.5,91486.84,91136.1,91415.1,3.67,2026
74,2026-01-19 08:00,做空,93550.3,94819.5,93958.37,92656.6,93379.0,0.58,2026
75,2026-01-19 04:00,做空,94819.5,94819.5,93958.37,93614.0,93614.1,1.94,2026
76,2026-01-14 00:00,做多,93408.0,92299.0,93205.93,94179.5,94011.7,3.77,2026
77,2026-01-13 20:00,做多,92676.6,92299.0,93205.93,93407.9,93009.8,3.95,2026
78,2026-01-05 08:00,做多,91779.7,91779.7,92578.85,92835.2,92102.0,2.07,2026
79,2026-01-04 08:00,做多,90716.9,90456.0,91308.76,91192.7,90790.1,2.4,2026
80,2026-01-04 04:00,做多,90456.0,90456.0,91308.76,90595.8,90595.7,1.31,2026
81,2026-01-02 08:00,做多,88881.4,88065.0,88897.0,88899.3,88401.2,2.3,2026
82,2026-01-02 04:00,做多,88475.8,88065.0,88897.0,88800.0,88324.4,2.42,2026
83,2026-01-02 00:00,做多,88079.3,88065.0,88897.0,88354.8,88193.2,2.93,2026
84,2025-12-23 12:00,做空,87738.3,88665.3,87580.1,87531.3,88349.2,1.14,2025
85,2025-12-10 00:00,做多,92867.0,91338.2,92656.13,93761.9,91520.0,0.06,2025
86,2025-12-06 00:00,做空,89863.0,90822.5,89354.04,89590.5,90257.3,0.82,2025
87,2025-12-05 20:00,做空,90822.5,90822.5,89354.04,90414.0,90460.0,2.7,2025
88,2025-12-01 08:00,做空,90300.0,90414.0,89259.09,86319.2,87384.0,2.93,2025
89,2025-11-27 08:00,做多,90655.4,88200.0,89783.77,91049.3,90410.6,0.97,2025
90,2025-11-27 04:00,做多,90362.7,88200.0,89783.77,90438.1,90024.4,1.65,2025
91,2025-11-27 00:00,做多,88200.0,88200.0,89783.77,89923.3,89458.7,2.23,2025
92,2025-11-21 08:00,做空,86066.6,91140.2,89458.98,85782.5,86313.2,6.04,2025
93,2025-11-21 00:00,做空,88564.4,88564.4,86879.95,86880.3,88214.1,7.23,2025
94,2025-11-14 00:00,做空,100711.0,100711.0,99243.45,98643.1,100485.8,4.2,2025
95,2025-11-10 08:00,做多,105440.0,102294.9,103704.6,105990.6,104615.7,1.4,2025
96,2025-11-10 00:00,做多,104180.0,102443.9,103875.43,104764.1,103999.5,1.82,2025
97,2025-11-09 20:00,做多,102443.9,102443.9,103875.43,103715.8,103290.8,2.84,2025
98,2025-11-05 00:00,做空,102870.0,105300.0,103893.66,100507.0,104496.6,1.61,2025
99,2025-11-04 20:00,做空,103550.0,105300.0,103893.66,103157.7,103750.0,4.14,2025
100,2025-11-04 12:00,做空,105300.0,105300.0,103893.66,104442.9,104800.0,5.32,2025
101,2025-11-03 12:00,做空,107850.0,109974.1,108734.08,107420.5,108280.0,3.07,2025
102,2025-11-03 08:00,做空,109368.9,109836.7,108584.78,107886.0,108280.0,2.4,2025
103,2025-10-30 00:00,做空,111326.5,112036.1,110805.63,110605.6,111744.0,3.98,2025
104,2025-10-29 20:00,做空,112036.1,112036.1,110805.63,111460.6,111963.0,3.77,2025
105,2025-10-26 20:00,做多,113442.5,111903.9,113258.1,113648.1,112800.0,2.4,2025
106,2025-10-26 16:00,做多,111903.9,111903.9,113258.1,113235.2,112800.0,2.78,2025
107,2025-10-17 00:00,做空,108250.0,110096.9,108230.31,108151.3,109199.8,4.33,2025
108,2025-10-16 20:00,做空,109403.5,110096.9,108230.31,108474.0,109212.6,4.61,2025
109,2025-10-14 16:00,做空,111302.0,113600.5,111642.96,111241.4,113576.1,1.29,2025
110,2025-10-14 12:00,做空,113210.6,113600.5,111642.96,111665.2,113576.1,1.67,2025
111,2025-10-13 00:00,做多,113687.6,112142.0,114335.49,114288.7,113600.5,1.42,2025
112,2025-10-12 20:00,做多,112466.2,112466.2,114704.51,113119.0,113119.0,2.47,2025
113,2025-10-11 04:00,做空,115845.0,120787.9,119364.83,112714.9,113300.1,2.85,2025
114,2025-10-11 00:00,做空,118424.4,119572.8,118123.49,116605.3,117145.3,12.94,2025
115,2025-10-10 20:00,做空,119572.8,119572.8,118123.49,118965.3,119403.4,14.67,2025
116,2025-10-07 20:00,做空,123261.6,124123.3,122956.35,121788.3,123312.9,1.04,2025
117,2025-10-04 00:00,做多,122399.9,120999.0,122042.78,122609.3,121432.0,0.14,2025
118,2025-10-03 20:00,做多,120999.0,120999.0,122042.78,122238.5,121425.5,1.36,2025
119,2025-10-02 04:00,做多,118190.0,114720.0,115627.61,118552.4,118226.4,2.06,2025
120,2025-10-01 20:00,做多,116750.0,114720.0,115627.61,117366.4,116687.5,2.15,2025
121,2025-10-01 16:00,做多,114720.0,114720.0,115627.61,116736.8,116311.5,2.33,2025
122,2025-09-30 00:00,做多,114188.0,112300.0,113130.79,114204.8,112615.3,0.52,2025
123,2025-09-29 20:00,做多,112381.3,112300.0,113130.79,113752.0,112615.3,0.92,2025
124,2025-09-29 04:00,做多,110350.0,109749.9,110580.7,112119.6,111501.0,2.01,2025
125,2025-09-29 00:00,做多,109990.0,109749.9,110580.7,110281.6,110236.6,3.69,2025
126,2025-09-28 20:00,做多,109749.9,109749.9,110580.7,109990.0,109952.2,3.82,2025
127,2025-09-25 16:00,做空,111389.0,112356.4,111425.61,111316.1,111682.6,2.47,2025
128,2025-09-20 00:00,做空,115408.4,116489.7,115542.77,115082.4,116059.2,0.03,2025
129,2025-09-19 20:00,做空,116250.7,116489.7,115542.77,115826.9,116093.0,0.67,2025
130,2025-09-19 16:00,做空,116489.7,116489.7,115542.77,116343.1,116488.0,1.11,2025
131,2025-09-12 04:00,做多,114691.7,114433.2,115405.37,115427.0,114681.5,1.02,2025
132,2025-09-10 20:00,做多,112900.0,112900.0,113898.69,113801.3,113111.0,0.78,2025
133,2025-09-02 20:00,做多,110700.0,109479.2,110603.88,110789.9,110118.5,1.52,2025
134,2025-08-29 12:00,做空,111238.5,111892.4,110574.33,109969.0,111489.5,2.44,2025
135,2025-08-25 00:00,做空,114324.9,114648.7,113487.03,112556.4,113646.5,1.8,2025
136,2025-08-22 20:00,做多,113936.0,113936.0,115022.72,116319.3,114510.0,0.93,2025
137,2025-08-19 20:00,做空,114303.8,114769.2,113711.51,113730.0,114279.3,1.26,2025
138,2025-08-18 08:00,做空,117121.6,117121.6,116039.2,115264.9,116938.7,0.57,2025
139,2025-08-14 20:00,做空,120066.1,120066.1,118886.73,118185.9,119184.0,1.21,2025
140,2025-08-10 20:00,做多,118738.0,117200.0,118158.77,118766.0,118010.0,3.1,2025
141,2025-08-08 00:00,做多,116782.6,115674.2,116744.84,117407.6,115850.0,0.16,2025
142,2025-08-01 04:00,做空,116691.1,116829.8,115713.17,115697.3,116000.0,2.63,2025
143,2025-07-15 08:00,做空,118862.6,118862.6,117729.69,117209.2,118499.8,1.31,2025
144,2025-07-13 20:00,做多,118058.3,117819.8,118949.55,118610.6,118197.7,3.95,2025
145,2025-07-11 12:00,做多,117500.0,111399.7,112291.63,117522.7,116611.1,1.16,2025
146,2025-07-11 04:00,做多,113760.0,111931.5,112854.22,115979.2,115186.7,2.5,2025
147,2025-07-11 00:00,做多,112036.8,112036.8,112933.16,113246.1,113208.4,4.98,2025
148,2025-07-10 00:00,做多,109738.5,109115.4,109906.37,111718.8,110432.2,1.83,2025
149,2025-07-05 00:00,做空,107436.0,108966.0,107998.08,107429.6,108368.1,0.04,2025
150,2025-07-04 20:00,做空,108456.4,108706.0,107734.5,107534.7,108368.1,0.31,2025
151,2025-07-03 00:00,做多,108754.6,106248.6,107123.15,109621.9,108480.6,0.79,2025
152,2025-07-02 20:00,做多,107799.9,107140.7,108013.09,108695.3,108480.6,1.65,2025
153,2025-06-17 20:00,做空,105461.4,106446.6,105414.5,104199.2,105500.0,0.86,2025
154,2025-06-17 16:00,做空,106068.0,106446.6,105414.5,105592.9,105816.5,2.17,2025
155,2025-06-10 04:00,做多,108791.8,106482.6,107395.06,110227.9,108282.0,0.13,2025
156,2025-06-10 00:00,做多,107985.0,106482.6,107395.06,108515.1,108282.0,1.97,2025
157,2025-06-09 16:00,做多,106482.6,106482.6,107395.06,107707.9,106800.3,2.73,2025
158,2025-05-30 04:00,做空,105580.0,106723.9,105445.8,105539.9,106266.0,1.88,2025
159,2025-05-30 00:00,做空,106400.0,106723.9,105445.8,105699.2,106415.0,1.94,2025
160,2025-05-23 16:00,做空,110238.5,110238.5,108634.13,109033.2,109969.6,2.12,2025
161,2025-05-08 20:00,做多,99863.3,97446.8,98400.42,100730.8,100550.0,3.62,2025
162,2025-05-08 12:00,做多,99199.9,97446.8,98400.42,99212.0,99050.1,5.2,2025
163,2025-05-08 08:00,做多,97700.0,97700.0,98713.19,99097.9,98680.1,5.25,2025
164,2025-05-07 04:00,做多,95165.1,95165.1,96081.58,96798.9,95718.5,0.93,2025
165,2025-05-04 16:00,做空,95508.7,95804.8,94861.03,95376.0,95700.0,2.02,2025
166,2025-05-01 20:00,做多,96351.8,95163.6,96229.09,96793.9,96122.4,1.11,2025
167,2025-05-01 16:00,做多,95186.5,95186.5,96186.21,96129.9,95742.1,1.31,2025
168,2025-04-23 04:00,做多,91686.6,88850.0,89844.2,93404.9,91898.0,1.61,2025
169,2025-04-22 20:00,做多,88850.0,88418.2,89330.05,90881.2,90561.7,4.43,2025
170,2025-04-21 08:00,做多,85283.6,85283.6,86109.06,87166.6,86327.0,1.93,2025
171,2025-04-07 04:00,做空,78635.0,82781.5,81511.25,78390.0,81200.0,5.02,2025
172,2025-04-07 00:00,做空,82155.4,82561.8,81271.71,79572.6,81200.0,6.43,2025
173,2025-03-29 16:00,做空,83531.7,83531.7,82516.45,82255.1,83490.0,0.8,2025
174,2025-03-28 20:00,做空,84767.0,85724.5,84698.42,84011.1,84589.7,2.44,2025
175,2025-03-28 12:00,做空,85724.5,85724.5,84698.42,85175.1,85575.0,1.93,2025
176,2025-03-23 20:00,做多,85024.8,84292.0,85306.45,85148.0,84756.0,4.23,2025
177,2025-03-23 16:00,做多,84509.0,84509.0,85600.92,84651.5,84529.0,3.84,2025
178,2025-03-19 20:00,做多,84088.2,82791.3,84121.12,84693.3,83500.0,3.31,2025
179,2025-03-19 16:00,做多,83422.8,83422.8,84734.3,83848.4,83455.6,4.36,2025
180,2025-03-12 00:00,做多,82240.0,80217.6,82423.18,83060.1,80578.5,1.72,2025
181,2025-03-10 00:00,做空,82619.3,85605.5,83395.39,82604.9,84031.5,6.29,2025
182,2025-03-09 20:00,做空,84601.3,85605.5,83395.39,83030.5,84031.5,4.68,2025
183,2025-03-09 16:00,做空,85605.5,85605.5,83395.39,84990.1,85028.1,5.95,2025
184,2025-02-16 20:00,做空,97011.0,97274.5,96163.88,96849.9,97247.6,1.4,2025
185,2025-02-02 16:00,做空,98989.0,101344.0,99892.24,98811.6,99384.5,7.77,2025
186,2025-02-02 08:00,做空,100215.0,101344.0,99892.24,99160.8,100470.1,8.1,2025
187,2025-02-02 04:00,做空,101344.0,101509.0,99926.74,100603.6,101426.0,4.55,2025
188,2025-02-01 00:00,做空,103880.0,103880.0,102316.71,102275.8,102734.9,0.91,2025
189,2025-01-27 12:00,做空,100632.5,104358.3,102734.02,98996.3,103325.3,0.8,2025
190,2025-01-27 08:00,做空,102450.3,104358.3,102734.02,101349.2,102846.1,3.62,2025
191,2025-01-27 04:00,做空,104358.3,104358.3,102734.02,102560.1,103216.5,4.76,2025
192,2025-01-17 08:00,做多,100850.0,100850.0,102367.3,101005.1,100900.0,4.73,2025
193,2025-01-15 20:00,做多,97688.0,97250.0,98773.6,98943.4,97293.6,1.93,2025
194,2025-01-14 16:00,做多,95437.8,93626.1,94966.38,96508.4,95309.9,1.22,2025
195,2025-01-08 00:00,做空,97100.0,101223.0,100093.11,96433.3,97242.2,4.08,2025
196,2025-01-07 20:00,做空,98670.0,98670.0,97544.91,97915.3,98307.9,3.51,2025
197,2025-01-06 12:00,做多,99278.0,98496.3,99498.94,99280.0,98662.7,3.51,2025
198,2025-01-06 08:00,做多,98852.6,98496.3,99498.94,99005.0,98662.7,3.79,2025
199,2024-12-26 16:00,做空,97570.0,97570.0,95756.72,95662.7,97564.5,1.09,2024
200,2024-12-24 20:00,做多,96377.2,96377.2,98322.47,98243.5,97226.2,1.23,2024
201,2024-12-20 00:00,做空,98744.0,98744.0,97056.68,97172.1,98391.4,5.04,2024
202,2024-12-19 04:00,做空,102777.1,103065.6,101527.03,100181.1,102756.7,4.49,2024
203,2024-12-19 00:00,做空,103065.6,103065.6,101527.03,102782.1,102954.8,6.37,2024
204,2024-12-18 08:00,做空,105252.0,105623.0,104111.48,104716.8,105343.8,5.7,2024
205,2024-12-11 20:00,做多,98499.9,98320.6,100148.21,100352.7,99583.4,1.52,2024
206,2024-12-09 20:00,做空,98112.0,99409.3,97762.22,97856.0,98448.5,3.9,2024
207,2024-11-26 04:00,做空,94467.4,96265.1,94911.66,93064.0,95064.0,2.36,2024
208,2024-11-21 16:00,做多,97899.9,94849.0,96479.49,98014.0,95625.0,1.55,2024
209,2024-11-21 12:00,做多,95991.4,94849.0,96479.49,96950.0,95625.0,2.67,2024
210,2024-11-21 08:00,做多,94849.0,94849.0,96479.49,95790.2,95625.0,3.78,2024
211,2024-11-16 04:00,做多,90898.0,89502.6,91699.3,91074.6,90120.0,0.85,2024
212,2024-11-10 16:00,做多,79882.8,76735.0,77794.89,79926.7,78549.2,3.13,2024
213,2024-11-10 12:00,做多,77543.1,76800.0,77895.87,78858.2,78549.2,3.91,2024
214,2024-11-10 08:00,做多,76920.0,76800.0,77895.87,77204.0,77133.3,6.14,2024
215,2024-11-01 08:00,做空,69705.0,72030.5,71188.0,69397.7,71650.0,0.83,2024
216,2024-10-27 20:00,做多,67450.0,67450.0,68224.88,67759.9,67513.0,2.23,2024
217,2024-10-24 20:00,做多,67615.3,66921.7,67659.28,67672.7,67222.4,1.73,2024
218,2024-10-21 20:00,做空,68136.0,68176.7,67535.24,67354.3,67949.0,1.21,2024
219,2024-10-18 20:00,做多,68371.0,67673.9,68565.27,68710.0,68042.5,0.42,2024
220,2024-10-14 16:00,做多,64676.7,62938.1,63639.32,64899.4,64630.0,2.52,2024
221,2024-10-14 12:00,做多,64377.6,62960.0,63674.33,64599.6,64306.9,2.99,2024
222,2024-10-14 08:00,做多,63260.0,63260.0,63996.95,64281.6,63752.8,3.5,2024
223,2024-10-12 00:00,做多,62432.6,61020.0,61837.23,63042.4,62328.0,0.67,2024
224,2024-10-11 20:00,做多,61294.7,61294.7,62043.37,62218.0,62080.1,2.0,2024
225,2024-10-10 04:00,做空,60800.2,61962.8,61189.6,60606.4,61297.0,2.82,2024
226,2024-10-10 00:00,做空,61600.1,61843.6,61044.11,61013.7,61297.0,3.46,2024
227,2024-10-02 04:00,做空,61100.0,62825.0,62134.24,60776.8,62355.0,1.39,2024
228,2024-10-02 00:00,做空,61801.6,62825.0,62134.24,61739.7,62355.0,2.92,2024
229,2024-10-01 20:00,做空,62825.0,62825.0,62134.24,62613.8,62760.0,3.97,2024
230,2024-09-30 16:00,做空,64150.0,65401.0,64756.9,63794.4,64130.8,1.52,2024
231,2024-09-30 08:00,做空,65400.0,65400.0,64737.88,64539.9,64686.0,2.66,2024
232,2024-09-26 20:00,做多,64500.0,63971.0,64763.85,65200.0,64601.6,1.92,2024
233,2024-09-26 16:00,做多,63971.0,63971.0,64763.85,64373.0,64127.1,2.48,2024
234,2024-09-19 08:00,做多,61765.0,60747.7,61626.35,62086.5,61779.9,2.81,2024
235,2024-09-19 04:00,做多,61320.7,60747.7,61626.35,61735.3,61534.0,3.39,2024
236,2024-09-17 20:00,做多,59274.4,58766.0,59526.61,61103.0,59261.9,0.23,2024
237,2024-09-16 04:00,做空,59663.0,59740.0,58959.33,59100.5,59182.2,2.8,2024
238,2024-09-14 04:00,做多,59979.2,58366.8,59271.43,60456.2,59360.1,0.19,2024
239,2024-09-13 20:00,做多,58606.6,58606.6,59522.83,59623.5,59278.9,1.63,2024
240,2024-08-12 04:00,做空,59512.2,60721.0,59372.11,58693.1,60666.0,1.84,2024
241,2024-08-09 04:00,做多,59839.7,57688.8,59467.05,61659.8,59500.0,0.11,2024
242,2024-08-08 20:00,做多,57688.8,57454.0,59209.3,59391.3,59213.6,5.63,2024
243,2024-08-04 20:00,做空,59800.0,59800.0,58581.44,59070.0,59569.2,17.24,2024
244,2024-08-03 04:00,做空,62350.0,63312.0,62187.84,61483.7,62166.0,2.74,2024
245,2024-07-30 00:00,做空,67588.4,67588.4,66611.94,67276.6,67521.0,2.64,2024
246,2024-07-26 08:00,做多,66144.0,65606.3,66586.7,67014.0,66839.5,1.77,2024
247,2024-07-19 20:00,做多,65098.9,65098.9,66154.59,65791.5,65784.0,2.39,2024
248,2024-07-15 12:00,做多,62777.0,60397.2,61308.73,62816.0,62266.0,3.46,2024
249,2024-07-15 08:00,做多,61412.4,60397.2,61308.73,62617.3,62266.0,3.7,2024
250,2024-07-15 04:00,做多,60397.2,60397.2,61308.73,60766.0,60622.6,6.75,2024
251,2024-07-04 08:00,做空,59299.3,59515.1,58770.35,59092.4,59131.7,7.06,2024
252,2024-07-02 20:00,做空,62387.0,62502.2,61824.98,61945.0,62362.8,3.92,2024
253,2024-07-01 00:00,做多,61871.8,61130.0,61815.01,62016.8,61825.4,2.95,2024
254,2024-06-30 12:00,做多,61232.0,61232.0,61966.8,61533.6,61325.0,3.68,2024
255,2024-06-24 04:00,做空,63888.0,64215.9,63583.73,63194.9,63357.0,7.88,2024
256,2024-06-23 20:00,做空,64200.2,64200.2,63539.55,64071.8,64166.4,5.57,2024
257,2024-06-21 08:00,做空,64526.0,64804.7,64053.76,64473.4,64715.9,1.73,2024
258,2024-06-11 16:00,做空,67300.0,69201.2,68637.55,66919.6,68065.3,1.37,2024
259,2024-06-11 12:00,做空,67881.9,69201.2,68637.55,67582.0,67690.8,2.34,2024
260,2024-06-11 08:00,做空,69201.2,69201.2,68637.55,68472.3,68472.2,3.61,2024
261,2024-06-08 00:00,做空,70101.9,70101.9,69342.38,69287.2,69663.4,0.41,2024
262,2024-06-03 20:00,做多,69385.0,68545.9,69244.94,69650.0,68595.5,1.31,2024
263,2024-06-03 12:00,做多,68848.0,68545.9,69244.94,68949.9,68554.7,2.06,2024
264,2024-05-25 00:00,做多,68445.0,68388.0,69486.25,69127.4,68523.7,0.72,2024
265,2024-05-23 20:00,做空,68736.8,68736.8,67726.4,68103.0,68445.0,2.86,2024
266,2024-05-21 00:00,做多,67499.9,66964.7,67747.44,69996.4,68900.0,3.05,2024
267,2024-05-20 20:00,做多,67341.4,67303.4,68067.92,67382.1,67344.9,7.05,2024
268,2024-05-15 20:00,做多,62972.7,62295.9,63171.93,64685.5,64681.5,3.27,2024
269,2024-05-15 16:00,做多,62295.9,62295.9,63171.93,62447.4,62371.5,6.72,2024
270,2024-05-04 04:00,做多,62239.6,59976.9,61225.29,62853.7,62520.0,2.7,2024
271,2024-05-03 20:00,做多,59976.9,59976.9,61225.29,61662.1,61497.6,4.68,2024
272,2024-05-01 00:00,做空,60517.6,62511.1,61650.44,59276.2,61063.2,4.62,2024
273,2024-04-30 20:00,做空,61000.0,61726.2,60857.93,60764.9,61063.2,6.96,2024
274,2024-04-30 16:00,做空,61726.2,61726.2,60857.93,61182.3,61576.1,7.59,2024
275,2024-04-25 00:00,做空,64489.7,65924.7,64821.64,63960.9,64995.7,1.94,2024
276,2024-04-24 20:00,做空,65750.0,65750.0,64587.57,64594.0,65122.0,2.9,2024
277,2024-04-13 00:00,做空,69267.0,69608.1,68434.78,66867.5,67975.4,4.99,2024
278,2024-04-09 20:00,做空,69536.8,71276.0,70138.34,69322.8,69650.0,2.56,2024
279,2024-04-01 20:00,做空,68895.5,70329.6,69422.66,68281.0,69949.0,5.32,2024
280,2024-03-29 20:00,做空,69612.8,70411.0,69051.29,69240.1,70388.0,0.17,2024
281,2024-03-25 04:00,做多,66127.0,65245.3,66877.02,67260.9,66427.6,5.9,2024
282,2024-03-21 04:00,做多,66062.4,64549.2,66397.43,67876.4,64550.1,0.62,2024
283,2024-03-19 08:00,做空,66601.6,66814.6,65097.14,65930.5,66044.0,6.59,2024
284,2024-03-15 08:00,做空,68600.0,72540.5,71236.55,68266.0,70715.9,3.93,2024
285,2024-03-11 16:00,做多,71537.7,69999.8,71259.22,71558.6,71300.0,1.86,2024
286,2024-03-11 12:00,做多,69999.8,69999.8,71259.22,71223.8,71211.5,2.34,2024
287,2024-03-04 04:00,做多,63079.0,62276.6,63386.06,63178.5,62299.0,8.58,2024
288,2024-03-04 00:00,做多,62720.0,62276.6,63386.06,62797.1,62299.0,7.73,2024
289,2024-02-28 20:00,做多,59589.0,57679.5,58502.99,61000.0,59000.0,5.41,2024
290,2024-02-28 16:00,做多,58472.8,57679.5,58502.99,58997.4,58940.8,8.99,2024
291,2024-02-28 12:00,做多,57679.5,57679.5,58502.99,58300.0,58226.9,10.29,2024
292,2024-02-27 08:00,做多,54991.8,51846.1,52366.49,55774.3,55655.0,3.42,2024
293,2024-02-27 00:00,做多,52885.5,52050.0,52575.93,54531.3,54321.0,5.96,2024
294,2024-02-26 20:00,做多,52050.0,52050.0,52575.93,52872.3,52777.2,9.28,2024
295,2024-02-25 00:00,做多,51228.6,51228.6,51903.81,51590.0,51300.4,0.7,2024
296,2024-02-14 16:00,做多,50290.0,50290.0,50958.58,51601.2,51217.7,1.87,2024
297,2024-02-11 08:00,做多,48189.6,47489.9,48091.42,48517.1,47912.1,0.68,2024
298,2024-02-08 04:00,做多,43708.2,43312.3,43777.38,44326.2,44306.8,2.87,2024
299,2024-02-08 00:00,做多,43378.8,43378.8,43851.93,43596.1,43596.1,4.34,2024
300,2024-01-30 08:00,做多,43340.8,42493.0,43014.7,43502.9,42634.3,0.89,2024
301,2024-01-30 00:00,做多,42636.0,42493.0,43014.7,42986.7,42966.5,2.1,2024
302,2024-01-26 20:00,做多,41350.0,40280.0,40890.51,41399.8,41360.1,2.03,2024
303,2024-01-26 16:00,做多,40300.0,40300.0,40907.12,41272.0,40890.0,2.34,2024
304,2024-01-22 12:00,做空,41050.5,41544.0,40995.87,41042.6,41253.7,4.0,2024
305,2024-01-22 08:00,做空,41500.0,41544.0,40995.87,41199.6,41334.9,4.36,2024
306,2024-01-19 00:00,做空,42200.0,42200.0,41494.66,41014.2,42000.0,1.74,2024
307,2024-01-13 00:00,做空,44360.8,45600.0,44456.86,43497.5,44000.0,4.89,2024
308,2024-01-12 20:00,做空,45527.5,45600.0,44456.86,44495.1,44719.7,7.02,2024
309,2024-01-08 20:00,做多,44748.5,44486.9,45169.62,44969.6,44783.8,5.21,2024
310,2024-01-03 20:00,做空,43500.0,44598.0,43983.41,43014.0,44343.1,2.54,2024
311,2024-01-03 16:00,做空,44598.0,44598.0,43983.41,43728.9,43738.8,7.77,2024
312,2024-01-02 08:00,做多,44266.0,42832.0,43360.33,45435.0,44598.0,1.13,2024
313,2024-01-02 04:00,做多,43593.2,42832.0,43360.33,44230.2,44200.9,3.89,2024
314,2024-01-02 00:00,做多,42887.5,42832.0,43360.33,43556.2,43426.0,5.5,2024
315,2023-12-26 12:00,做空,43083.2,43083.2,42597.21,42798.7,42870.0,2.81,2023
316,2023-12-20 20:00,做多,43068.5,43068.5,43711.98,44079.0,43260.1,0.48,2023
317,2023-12-19 08:00,做多,42795.3,41487.5,42108.58,43100.1,41835.4,0.46,2023
318,2023-12-11 08:00,做空,43552.5,43624.0,43120.44,42312.8,42490.5,4.93,2023
319,2023-12-06 00:00,做多,42542.0,42440.0,42978.77,43834.0,43377.0,1.58,2023
320,2023-12-04 08:00,做多,40410.1,39549.0,39961.06,40720.7,40693.5,4.22,2023
321,2023-12-04 04:00,做多,39847.0,39725.0,40143.28,39979.7,39970.4,6.15,2023
322,2023-12-03 00:00,做多,38989.0,38989.0,39420.81,39416.4,39255.2,1.09,2023
323,2023-12-01 16:00,做多,38344.8,37964.6,38394.18,38578.0,38209.6,1.07,2023
324,2023-12-01 12:00,做多,38132.0,38132.0,38562.03,38234.9,38205.2,1.97,2023
325,2023-11-29 00:00,做多,37568.6,37338.0,37741.87,38105.0,37551.8,1.04,2023
326,2023-11-28 20:00,做多,37338.0,37338.0,37741.87,37502.2,37502.1,2.66,2023
327,2023-11-24 20:00,做多,38200.0,37544.9,38092.46,38217.3,37551.0,0.35,2023
328,2023-10-24 04:00,做多,31430.9,30990.0,31383.84,33074.0,32833.5,6.73,2023
329,2023-10-24 00:00,做多,30990.0,30990.0,31383.84,31339.9,31302.2,14.81,2023
330,2023-10-23 08:00,做多,30229.7,30229.7,30611.42,30724.0,30333.0,17.11,2023
331,2023-10-19 20:00,做多,28498.2,28423.4,28789.93,28659.5,28436.8,5.53,2023
332,2023-10-16 00:00,做多,26958.0,26937.9,27145.29,27030.1,27000.9,13.65,2023
333,2023-10-11 08:00,做空,27281.0,27482.0,27229.92,27000.7,27320.0,1.76,2023
334,2023-09-25 04:00,做空,26300.0,26529.6,26345.41,26232.4,26440.0,1.02,2023
335,2023-09-25 00:00,做空,26529.6,26529.6,26345.41,26432.5,26512.0,1.77,2023
336,2023-09-21 20:00,做空,26612.5,26740.0,26439.66,26567.7,26737.7,0.43,2023
337,2023-09-18 20:00,做多,27235.0,26598.7,26830.84,27258.8,26611.2,0.81,2023
338,2023-09-01 00:00,做空,26733.8,27053.0,26755.61,26148.7,26180.0,3.2,2023
339,2023-08-31 20:00,做空,26950.0,26950.0,26648.78,26909.5,26913.9,5.03,2023
340,2023-08-30 00:00,做多,27690.0,26200.0,26393.56,27820.0,26950.0,0.2,2023
341,2023-08-29 20:00,做多,26244.6,26244.6,26433.65,27411.4,26950.0,2.76,2023
342,2023-08-18 04:00,做空,27700.0,28288.6,28094.09,26609.7,26818.0,3.79,2023
343,2023-08-17 20:00,做空,28288.6,28288.6,28094.09,27920.9,28078.0,11.96,2023
344,2023-07-24 16:00,做空,29639.7,29836.2,29620.72,29259.6,29277.6,1.47,2023
345,2023-07-15 00:00,做空,30700.0,30700.0,30343.88,30099.9,30380.0,0.45,2023
346,2023-07-03 20:00,做多,30800.0,30800.0,31151.21,31068.0,30810.2,1.05,2023
347,2023-06-21 08:00,做多,28397.8,27177.3,27476.31,28704.6,28668.5,7.38,2023
348,2023-06-21 04:00,做多,28145.0,27177.3,27476.31,28290.6,28236.4,8.95,2023
349,2023-06-21 00:00,做多,27177.3,27177.3,27476.31,27973.8,27855.6,10.18,2023
350,2023-06-17 00:00,做多,25896.0,25750.0,26081.82,26371.2,26170.8,2.01,2023
351,2023-06-16 20:00,做多,25750.0,25750.0,26081.82,25832.4,25756.0,4.13,2023
352,2023-06-15 04:00,做空,25750.0,25790.6,25477.14,25115.9,25750.0,1.35,2023
353,2023-06-10 12:00,做空,26250.0,26411.4,26059.07,25637.2,26144.0,1.32,2023
354,2023-06-07 00:00,做多,26139.0,26072.2,26374.11,27073.2,26220.0,1.19,2023
355,2023-06-05 08:00,做空,26935.3,26935.3,26661.44,26835.9,26861.4,5.5,2023
356,2023-05-31 20:00,做空,26942.0,27530.0,27228.43,26900.1,27347.9,1.12,2023
357,2023-05-31 12:00,做空,27530.0,27530.0,27228.43,27150.4,27347.9,2.03,2023
358,2023-05-28 08:00,做多,26890.0,26776.4,27037.13,27174.4,27081.7,4.66,2023
359,2023-05-08 12:00,做空,28000.0,28691.2,28286.35,27957.8,28074.9,2.53,2023
360,2023-05-08 08:00,做空,28370.0,28691.2,28286.35,28188.0,28249.0,3.33,2023
361,2023-05-01 08:00,做空,29067.4,29067.4,28631.05,28545.6,28700.0,3.14,2023
362,2023-04-26 00:00,做多,27583.6,27583.6,27974.59,27596.1,27596.2,8.89,2023
363,2023-04-22 00:00,做空,27800.0,27983.0,27559.72,27273.6,27780.0,0.64,2023
364,2023-04-21 00:00,做空,28300.0,28520.2,28113.31,28091.2,28368.9,3.22,2023
365,2023-04-19 16:00,做空,29678.2,29678.2,29343.19,29299.9,29490.0,2.66,2023
366,2023-04-17 08:00,做空,30102.0,30102.0,29785.94,29966.5,29994.6,2.96,2023
367,2023-04-11 08:00,做多,29840.0,28420.0,28701.14,30105.8,29752.1,1.52,2023
368,2023-04-11 04:00,做多,29300.0,28539.1,28825.04,29623.1,29573.9,3.18,2023
369,2023-04-11 00:00,做多,28590.0,28539.1,28825.04,29164.9,29058.0,4.8,2023
370,2023-04-10 04:00,做多,28290.6,28078.1,28359.23,28309.4,28153.6,5.41,2023
371,2023-03-29 16:00,做多,28210.7,27500.0,28016.42,28347.5,28066.0,2.95,2023
372,2023-03-29 12:00,做多,27500.0,27500.0,28016.42,28077.7,28025.5,3.94,2023
373,2023-03-27 20:00,做空,27590.6,27590.6,27056.18,26887.3,27300.0,1.03,2023
374,2023-03-13 20:00,做多,22598.0,22598.0,23036.71,24009.0,23777.0,10.33,2023
375,2023-03-13 08:00,做多,22184.0,20490.0,20852.87,22221.7,21804.0,10.33,2023
376,2023-03-13 04:00,做多,21350.0,20531.0,20902.88,21986.2,21804.0,11.51,2023
377,2023-03-13 00:00,做多,20531.0,20531.0,20902.88,20770.5,20750.8,18.04,2023
378,2023-03-10 04:00,做空,20750.0,21540.5,21269.06,20348.3,20351.8,4.06,2023
379,2023-03-10 00:00,做空,21511.1,21540.5,21269.06,20845.6,20858.4,6.35,2023
380,2023-03-03 08:00,做空,23183.0,23183.0,22855.19,22306.3,22495.2,0.83,2023
381,2023-02-25 00:00,做空,23310.5,23711.5,23264.45,23172.3,23333.0,1.41,2023
382,2023-02-24 20:00,做空,23590.0,23590.0,23137.1,23337.2,23339.3,2.3,2023
383,2023-02-16 04:00,做多,23345.7,22275.0,22538.29,24332.6,23518.0,3.93,2023
384,2023-02-16 00:00,做多,22924.9,22275.0,22538.29,23310.6,23285.9,8.49,2023
385,2023-02-15 20:00,做多,22500.0,22320.0,22585.74,22798.1,22730.1,10.12,2023
386,2023-02-15 16:00,做多,22320.0,22320.0,22585.74,22433.0,22432.9,11.15,2023
387,2023-02-14 20:00,做多,21880.0,21840.0,22089.25,22033.3,21910.2,4.05,2023
388,2023-02-10 04:00,做空,21862.1,22341.1,22054.9,21793.4,21933.8,1.78,2023
389,2023-02-10 00:00,做空,22341.1,22341.1,22054.9,22027.3,22074.5,2.47,2023
390,2023-02-06 00:00,做空,23000.0,23211.0,22929.87,22889.5,23159.4,1.26,2023
391,2023-02-05 20:00,做空,23211.0,23211.0,22929.87,23094.2,23155.5,2.14,2023
392,2023-02-02 04:00,做多,23495.0,23330.0,23662.06,23730.0,23365.0,2.32,2023
393,2023-01-31 00:00,做空,22930.0,23473.7,23146.55,22783.7,23221.6,1.31,2023
394,2023-01-21 04:00,做多,21535.0,21223.2,21559.12,22661.1,22422.0,3.22,2023
395,2023-01-21 00:00,做多,21250.0,21223.2,21559.12,21494.2,21493.8,8.82,2023
396,2023-01-14 04:00,做多,19398.0,19120.0,19335.34,19924.2,19882.6,8.13,2023
397,2023-01-14 00:00,做多,19299.2,19120.0,19335.34,19354.2,19307.4,11.31,2023
398,2023-01-13 00:00,做多,18400.0,18400.0,18547.77,18877.2,18711.0,2.76,2023
399,2023-01-12 08:00,做多,18013.2,17500.0,17605.19,18217.2,17907.3,4.96,2023
400,2023-01-12 04:00,做多,17550.9,17500.0,17605.19,17935.7,17902.4,6.6,2023
401,2023-01-12 00:00,做多,17500.0,17500.0,17605.19,17540.6,17501.4,8.68,2023
402,2023-01-07 00:00,做多,16867.8,16867.8,16963.05,16932.6,16881.0,0.58,2023
403,2023-01-02 08:00,做多,16618.8,16557.1,16654.53,16654.6,16612.8,0.87,2023
404,2022-12-28 00:00,做空,16723.2,16792.0,16693.14,16681.3,16778.3,0.84,2022
405,2022-12-17 04:00,做空,16700.0,17258.0,17067.1,16624.1,16790.0,0.31,2022
406,2022-12-17 00:00,做空,16870.6,17258.0,17067.1,16856.5,16945.6,1.99,2022
407,2022-12-16 16:00,做空,17258.0,17258.0,17067.1,17018.6,17076.9,2.92,2022
408,2022-12-15 20:00,做空,17560.0,17560.0,17365.95,17424.0,17528.0,3.18,2022
409,2022-12-13 20:00,做多,17512.9,17237.9,17355.17,17749.6,17617.9,2.04,2022
410,2022-12-13 16:00,做多,17237.9,17237.9,17355.17,17436.8,17390.3,3.8,2022
411,2022-12-09 00:00,做多,16948.7,16880.0,17032.0,17241.9,17060.0,0.72,2022
412,2022-12-08 20:00,做多,16886.5,16886.5,17049.73,16907.7,16901.0,2.71,2022
413,2022-12-07 12:00,做空,16899.9,16899.9,16735.47,16755.4,16886.5,0.6,2022
414,2022-11-30 08:00,做多,16543.0,16543.0,16731.73,16836.7,16700.0,2.44,2022
415,2022-11-28 08:00,做空,16396.0,16441.0,16241.74,16168.9,16390.4,1.14,2022
416,2022-11-23 08:00,做多,16309.0,15960.0,16233.67,16577.9,16313.1,1.34,2022
417,2022-11-21 04:00,做空,16454.2,16619.0,16359.13,16272.6,16304.3,5.1,2022
418,2022-11-07 12:00,做空,20811.0,21133.8,20896.51,20628.1,20885.6,6.27,2022
419,2022-11-07 04:00,做空,21133.8,21133.8,20896.51,20900.0,21062.6,2.52,2022
420,2022-11-04 20:00,做多,20677.0,20327.6,20570.78,20829.3,20660.0,3.09,2022
421,2022-10-29 08:00,做多,20740.0,20326.9,20592.94,20745.2,20608.9,1.65,2022
422,2022-10-26 20:00,做多,20800.0,20415.0,20627.54,20835.7,20420.0,0.72,2022
423,2022-10-26 00:00,做多,19799.9,19415.2,19597.02,20266.8,19970.6,3.77,2022
424,2022-10-25 20:00,做多,19439.8,19439.8,19620.67,19740.3,19711.9,6.53,2022
425,2022-10-19 00:00,做空,19275.0,19430.4,19213.4,19209.6,19425.9,0.83,2022
426,2022-10-04 00:00,做多,19489.9,19339.2,19663.19,19537.7,19480.1,3.9,2022
427,2022-09-19 04:00,做空,19556.7,19930.0,19564.51,19404.5,19686.3,6.13,2022
428,2022-09-14 00:00,做空,20729.0,22010.0,21613.73,20272.0,20528.5,3.31,2022
429,2022-09-13 20:00,做空,22003.9,22003.9,21609.73,20823.9,20920.6,4.72,2022
430,2022-09-09 16:00,做多,20804.9,19400.0,19716.14,20931.7,20912.2,3.53,2022
431,2022-09-09 12:00,做多,19965.8,19400.0,19716.14,20623.6,20618.5,5.07,2022
432,2022-09-09 08:00,做多,19450.0,19400.0,19716.14,19936.0,19916.5,8.68,2022
433,2022-09-07 00:00,做空,19650.4,19660.0,19382.81,18813.0,19188.0,1.66,2022
434,2022-08-26 20:00,做空,21000.0,21385.5,21050.18,20770.1,20822.0,4.94,2022
435,2022-08-19 12:00,做空,22702.0,23318.9,22947.4,21892.8,21906.0,5.17,2022
436,2022-08-19 08:00,做空,23101.0,23280.0,22896.3,22759.0,22826.8,8.78,2022
437,2022-08-18 00:00,做空,23312.9,23676.5,23264.13,23268.5,23595.0,0.42,2022
438,2022-08-17 20:00,做空,23650.0,23650.0,23235.58,23385.7,23619.7,0.92,2022
439,2022-08-10 20:00,做多,23323.1,23323.1,23682.25,23983.6,23454.0,4.12,2022
440,2022-08-09 16:00,做空,23617.6,23757.4,23408.18,23257.8,23323.1,2.79,2022
441,2022-08-01 04:00,做空,23340.0,23505.0,22968.93,23290.1,23497.0,1.95,2022
442,2022-07-25 08:00,做空,22256.4,22256.4,21713.23,21858.0,22252.6,4.75,2022
443,2022-07-19 20:00,做多,22950.0,22800.0,23313.32,23116.2,22922.0,5.02,2022
444,2022-07-11 08:00,做空,20600.0,21095.4,20624.82,20540.0,20778.1,3.7,2022
445,2022-07-10 20:00,做空,21095.4,21373.2,20891.56,20892.5,21170.0,3.03,2022
446,2022-07-08 00:00,做多,21050.0,20667.6,21133.44,21797.8,21175.2,3.59,2022
447,2022-07-07 20:00,做多,20667.6,20667.6,21133.44,20881.9,20816.2,8.13,2022
448,2022-06-29 00:00,做空,20500.0,20500.0,19979.67,20246.6,20450.0,2.12,2022
449,2022-06-20 04:00,做多,20348.4,19500.0,20436.83,20564.2,19630.0,2.61,2022
450,2022-06-20 00:00,做多,20100.0,19500.0,20436.83,20111.2,19630.0,4.92,2022
451,2022-06-18 12:00,做空,20300.8,20305.6,19317.11,19244.9,19529.5,8.58,2022
452,2022-06-17 04:00,做空,20739.0,21428.8,20362.32,20387.4,21388.0,0.78,2022
453,2022-06-11 20:00,做空,28550.0,28805.0,28216.17,28392.3,28786.9,5.43,2022
454,2022-06-11 00:00,做空,29200.0,29470.5,28870.69,28970.5,29427.9,3.07,2022
455,2022-06-10 20:00,做空,29470.5,29914.5,29310.09,29438.2,29470.2,4.11,2022
456,2022-06-02 00:00,做空,30710.1,31562.0,30986.84,30116.5,30399.8,2.71,2022
457,2022-06-01 20:00,做空,31222.0,31222.0,30662.12,30733.7,30745.0,4.66,2022
458,2022-05-31 04:00,做多,30983.0,30983.0,31498.84,31726.5,31222.0,2.21,2022
459,2022-05-24 00:00,做空,29730.6,29730.6,29104.97,29062.8,29672.0,1.46,2022
460,2022-05-22 16:00,做多,29650.0,29650.0,30361.21,29891.1,29664.6,2.57,2022
461,2022-05-09 08:00,做空,33665.0,34150.0,33440.12,33567.0,33842.9,11.52,2022
462,2022-05-08 08:00,做空,34700.0,35702.9,34980.98,34475.7,34957.6,3.54,2022
463,2022-05-08 04:00,做空,35702.9,35702.9,34980.98,35466.7,35504.0,5.08,2022
464,2022-05-05 20:00,做空,38600.0,38600.0,37942.43,36886.4,37332.3,4.57,2022
465,2022-04-22 04:00,做空,41118.2,41118.2,40479.23,40449.8,40786.1,3.26,2022
466,2022-04-19 00:00,做多,40461.8,40461.8,41003.51,40670.4,40543.7,2.75,2022
467,2022-04-11 16:00,做空,41650.0,42419.9,41811.58,41055.1,41245.9,4.67,2022
468,2022-04-09 04:00,做空,42298.2,43173.0,42427.96,42229.2,42796.7,0.31,2022
469,2022-04-09 00:00,做空,42728.0,43173.0,42427.96,42722.1,42860.9,1.52,2022
470,2022-04-06 20:00,做空,44349.7,44349.7,43607.4,44159.4,44297.6,3.34,2022
471,2022-04-06 08:00,做空,45300.0,46404.8,45693.55,45200.0,45485.8,5.56,2022
472,2022-04-01 00:00,做空,46200.0,46819.9,46131.69,45578.1,46700.0,3.01,2022
473,2022-03-31 20:00,做空,46819.9,46819.9,46131.69,46450.0,46700.0,4.83,2022
474,2022-03-28 04:00,做多,45100.0,44987.4,45586.94,46820.8,46651.2,2.95,2022
475,2022-03-22 08:00,做多,41544.4,41544.4,42216.85,42230.0,41842.4,3.05,2022
476,2022-03-19 00:00,做多,41086.0,41071.5,41938.03,42020.3,41500.0,0.72,2022
477,2022-03-10 12:00,做空,40500.0,41194.9,40150.72,39219.9,40288.7,2.6,2022
478,2022-03-03 20:00,做空,42858.0,43321.0,42151.65,42549.5,42761.4,4.72,2022
479,2022-03-01 00:00,做多,40900.0,39447.7,40519.85,41306.4,41220.7,8.78,2022
480,2022-02-28 20:00,做多,39868.6,39868.6,40892.58,40792.8,40674.6,10.15,2022
481,2022-02-25 04:00,做多,37775.0,37775.0,38708.79,38315.1,37999.2,3.74,2022
482,2022-02-20 16:00,做空,38553.5,39610.3,38842.72,38316.0,39510.0,2.61,2022
483,2022-02-20 12:00,做空,39610.3,39610.3,38842.72,38770.4,39510.0,2.23,2022
484,2022-02-18 00:00,做空,41664.0,43336.5,42560.71,41177.1,41177.1,4.26,2022
485,2022-02-17 20:00,做空,42890.0,43277.8,42513.47,41907.7,42089.8,5.49,2022
486,2022-02-02 20:00,做空,38170.89,38170.89,37351.76,37419.51,37646.09,3.25,2022
487,2022-01-22 04:00,做空,37648.16,38200.0,37314.16,36425.98,36817.74,6.8,2022
488,2022-01-21 08:00,做空,40550.0,41631.3,40953.89,38447.91,39272.13,7.98,2022
489,2022-01-21 04:00,做空,41557.0,41557.0,40866.93,40661.69,41095.76,12.99,2022
490,2022-01-06 04:00,做空,44128.22,45710.23,44888.7,43421.69,43766.0,2.39,2022
491,2022-01-06 00:00,做空,45445.57,45445.57,44619.28,44673.22,44835.0,5.38,2022
492,2021-12-28 12:00,做空,49500.0,50501.71,49738.23,49197.91,49429.4,3.88,2021
493,2021-12-28 08:00,做空,50450.0,50450.0,49651.89,49826.48,49826.48,5.09,2021
494,2021-12-24 00:00,做多,49250.0,49250.0,50179.21,51082.35,50379.25,1.41,2021
495,2021-12-21 12:00,做多,48103.1,47027.6,48101.05,48574.38,48295.67,2.11,2021
496,2021-12-21 08:00,做多,47533.42,47203.22,48282.75,47927.51,47925.0,3.49,2021
497,2021-12-13 20:00,做空,48078.2,49088.29,47869.71,47239.07,47958.62,3.47,2021
498,2021-12-07 08:00,做多,50888.0,49499.99,51198.1,50922.04,50012.0,1.98,2021
499,2021-12-07 04:00,做多,49517.0,49517.0,51204.29,50424.72,50012.0,2.98,2021
500,2021-12-04 04:00,做空,53768.57,56101.81,54910.29,53612.0,53889.69,23.73,2021
501,2021-12-04 00:00,做空,55800.0,56039.96,54803.23,53884.35,54100.0,24.12,2021
502,2021-12-03 20:00,做空,56039.96,56039.96,54803.23,56030.73,56026.67,27.02,2021
503,2021-11-29 04:00,做多,55088.0,55088.0,56224.46,57315.73,56715.0,2.81,2021
504,2021-11-26 16:00,做空,56680.18,57375.38,56169.38,53766.35,55300.0,0.5,2021
505,2021-11-26 12:00,做空,57029.0,57029.0,55821.81,57014.61,57014.61,6.16,2021
506,2021-11-18 20:00,做空,59002.27,59355.0,57941.0,58142.13,58500.0,4.37,2021
507,2021-11-16 04:00,做空,63666.0,64087.6,62970.93,63654.49,63655.77,8.26,2021
508,2021-11-08 08:00,做多,63377.58,62424.17,63458.65,65274.99,65110.0,5.21,2021
509,2021-11-08 04:00,做多,62560.9,62424.17,63458.65,63316.4,63308.7,7.29,2021
510,2021-11-02 16:00,做多,62543.58,62543.58,63825.98,62989.67,62651.35,2.16,2021
511,2021-10-25 12:00,做多,62288.61,61350.0,62630.87,62683.86,62244.87,1.77,2021
512,2021-10-25 08:00,做多,61550.0,61550.0,62869.97,62129.81,61850.0,2.68,2021
513,2021-10-22 20:00,做空,62000.0,62000.0,60516.75,60744.92,61780.0,1.85,2021
514,2021-10-21 20:00,做空,63828.0,63828.0,62505.9,63040.21,63796.2,3.95,2021
515,2021-10-20 00:00,做多,63349.67,63088.0,64403.09,64219.99,63518.81,4.56,2021
516,2021-10-15 08:00,做多,58586.67,58586.67,59847.48,59445.04,58802.41,7.66,2021
517,2021-10-14 08:00,做多,57822.38,56624.1,57826.08,58117.79,56800.0,2.38,2021
518,2021-10-14 04:00,做多,57300.0,56624.1,57826.08,57393.65,56800.0,2.08,2021
519,2021-10-06 20:00,做多,51888.0,51888.0,52875.73,55014.04,53374.34,1.46,2021
520,2021-10-02 00:00,做多,47925.41,44100.0,45126.8,48009.37,47410.0,0.92,2021
521,2021-10-01 16:00,做多,44793.97,44100.0,45126.8,47482.27,46756.58,2.04,2021
522,2021-10-01 12:00,做多,44100.0,43822.85,44853.56,44753.98,44679.84,8.26,2021
523,2021-09-30 08:00,做多,42576.8,42576.8,43589.98,43566.97,42710.4,1.22,2021
524,2021-09-24 16:00,做空,43351.0,43351.0,42195.97,41510.06,43196.82,1.67,2021
525,2021-09-07 20:00,做空,50500.0,51040.0,50264.99,46644.0,47546.75,4.74,2021
526,2021-09-02 00:00,做多,47888.0,47617.36,48471.05,48200.44,48139.3,4.6,2021
527,2021-08-27 20:00,做多,47795.13,47454.74,48388.77,48199.56,48000.0,2.35,2021
528,2021-08-21 04:00,做多,49178.31,47499.9,48510.46,49332.74,48250.0,1.01,2021
529,2021-08-20 20:00,做多,47499.9,47499.9,48510.46,48752.38,48250.0,1.53,2021
530,2021-08-20 00:00,做多,46050.0,46050.0,47057.03,46719.82,46367.73,5.26,2021
531,2021-08-07 00:00,做多,42500.0,41350.0,42412.35,42912.09,42392.34,3.91,2021
532,2021-08-06 20:00,做多,41350.0,41350.0,42412.35,42213.52,42208.43,5.62,2021
533,2021-08-03 08:00,做空,38658.0,39229.12,38150.66,38651.44,38828.96,2.72,2021
534,2021-08-02 04:00,做空,40567.73,41091.77,40000.49,39846.78,40450.0,2.98,2021
535,2021-07-31 04:00,做多,40400.0,40400.0,41614.08,42203.25,41030.19,0.69,2021
536,2021-07-26 08:00,做多,35400.0,34780.0,35382.88,38276.54,36384.31,6.02,2021
537,2021-07-26 04:00,做多,34780.0,34780.0,35382.88,35370.66,35185.49,36.18,2021
538,2021-07-24 12:00,做多,33790.0,32930.0,33555.1,33793.83,33526.0,2.88,2021
539,2021-07-24 04:00,做多,32930.0,32930.0,33555.1,33634.46,33379.81,2.49,2021
540,2021-07-21 20:00,做多,31646.15,29978.0,30589.35,31904.38,31502.12,3.07,2021
541,2021-07-21 16:00,做多,30933.19,29978.0,30589.35,31500.0,31410.68,4.39,2021
542,2021-07-21 12:00,做多,29978.0,29978.0,30589.35,30797.85,30700.0,6.77,2021
543,2021-07-20 08:00,做空,30358.77,30358.77,29769.43,29582.94,29978.0,1.15,2021
544,2021-07-19 20:00,做空,31075.1,31075.1,30475.16,30672.99,31050.0,4.66,2021
545,2021-07-15 20:00,做空,31763.14,32273.0,31612.97,31673.4,32187.0,2.07,2021
546,2021-07-13 00:00,做空,33301.0,33690.55,33050.28,32828.59,33336.0,1.83,2021
547,2021-07-12 20:00,做空,33517.61,33645.94,33006.96,33340.32,33433.0,3.24,2021
548,2021-07-09 20:00,做多,33300.0,33195.0,33959.84,33537.49,33254.26,2.12,2021
549,2021-07-08 12:00,做空,33046.7,34362.01,33568.73,32476.39,33300.0,1.26,2021
550,2021-07-08 08:00,做空,33756.48,33925.0,33118.54,33283.2,33483.81,3.66,2021
551,2021-07-01 12:00,做空,34042.74,34042.74,32974.97,33337.58,33960.0,2.0,2021
552,2021-06-30 20:00,做空,34401.0,35320.0,34153.39,34191.68,35191.0,3.58,2021
553,2021-06-26 00:00,做空,32330.56,33751.0,32461.62,32192.38,32720.52,6.44,2021
554,2021-06-25 20:00,做空,33248.62,33721.99,32451.89,32618.31,32924.99,7.66,2021
555,2021-06-14 04:00,做多,37730.0,36125.3,37287.38,38993.65,38720.0,5.15,2021
556,2021-06-14 00:00,做多,36150.0,36125.3,37287.38,37610.33,37594.0,9.01,2021
557,2021-06-12 12:00,做空,35280.0,36370.0,35079.52,35271.65,36200.0,1.94,2021
558,2021-06-09 16:00,做多,34489.0,33350.0,34476.41,34933.0,34557.15,10.18,2021
559,2021-06-09 12:00,做多,33866.09,33350.0,34476.41,34143.5,33783.01,10.3,2021
560,2021-06-08 08:00,做空,33200.0,35515.0,34424.84,32797.91,33866.09,5.58,2021
561,2021-06-08 04:00,做空,35201.86,35201.86,34123.01,33550.96,34061.57,7.7,2021
562,2021-05-28 16:00,做空,36435.15,37820.0,35827.06,35374.31,37375.0,2.32,2021
563,2021-05-24 16:00,做多,36881.39,35916.86,38323.77,37558.3,36510.0,6.28,2021
564,2021-05-19 08:00,做空,42268.0,43189.26,41145.35,40635.3,40886.88,29.4,2021
565,2021-05-17 08:00,做空,43866.0,46481.14,44754.81,42990.79,45874.2,1.95,2021
566,2021-05-13 04:00,做空,53555.85,56259.81,54821.48,49595.76,51358.0,8.06,2021
567,2021-05-13 00:00,做空,55300.0,55800.0,54319.96,54468.36,54772.05,16.29,2021
568,2021-05-11 00:00,做空,56700.0,57085.95,55736.91,55828.14,56908.66,4.62,2021
569,2021-05-05 20:00,做多,56399.0,56399.0,57731.03,57596.1,56423.01,1.48,2021
570,2021-04-30 20:00,做多,54850.0,54540.0,55923.69,57138.23,56323.03,2.36,2021
571,2021-04-26 16:00,做多,53092.0,50577.9,52176.66,53591.99,52600.0,3.07,2021
572,2021-04-26 12:00,做多,52500.0,50577.9,52176.66,52816.0,52285.43,3.89,2021
573,2021-04-26 08:00,做多,50577.9,50483.2,52181.57,52420.42,52047.68,3.71,2021
574,2021-04-23 08:00,做空,50534.34,52505.0,50804.03,50319.33,51278.54,5.51,2021
575,2021-04-23 04:00,做空,52228.0,52505.0,50804.03,51714.61,52152.0,8.06,2021
576,2021-04-13 16:00,做多,61550.0,61000.0,62027.01,63068.31,62617.85,3.04,2021
577,2021-04-08 20:00,做多,57415.03,56987.85,58050.17,57795.24,57501.99,2.0,2021
578,2021-04-07 16:00,做空,57245.46,57500.0,56501.36,56376.7,57415.03,1.49,2021
579,2021-03-29 16:00,做多,56588.31,56588.31,57825.91,57893.21,57107.0,2.88,2021
580,2021-03-25 04:00,做空,53600.0,53600.0,52241.95,52311.54,53255.2,3.55,2021
581,2021-03-23 04:00,做空,55536.83,56329.98,54943.61,54129.56,55890.68,2.12,2021
582,2021-03-23 00:00,做空,56329.98,56329.98,54943.61,55563.91,56067.46,4.65,2021
583,2021-03-14 04:00,做多,60958.44,57588.88,59034.69,61267.41,59005.0,0.87,2021
584,2021-03-14 00:00,做多,60518.92,57840.0,59294.06,60804.75,59344.04,1.88,2021
585,2021-03-13 16:00,做多,57840.0,57840.0,59294.06,59905.92,59204.06,3.41,2021
586,2021-03-09 08:00,做多,52450.0,51870.36,53329.36,53877.22,53229.24,3.74,2021
587,2021-03-09 04:00,做多,51870.36,51870.36,53329.36,52429.43,51880.0,4.81,2021
588,2021-03-07 16:00,做多,50232.81,49139.95,50727.22,50745.34,49310.0,2.22,2021
589,2021-03-07 12:00,做多,49937.8,49149.58,50756.87,50084.61,49550.0,3.57,2021
590,2021-03-01 16:00,做多,46836.16,45573.2,47617.03,47720.0,47453.62,5.24,2021
591,2021-02-26 12:00,做空,45975.05,48578.67,46367.13,44970.77,48476.05,0.06,2021
592,2021-02-22 20:00,做空,53500.0,56675.37,55223.98,53277.04,55023.85,15.74,2021
593,2021-02-22 16:00,做空,55200.0,55917.51,54443.08,54606.16,55023.85,17.79,2021
594,2021-02-20 04:00,做多,55995.18,52300.0,53603.62,56004.1,53905.0,3.03,2021
595,2021-02-20 00:00,做多,53980.0,52300.0,53603.62,55146.04,54902.01,4.63,2021
596,2021-02-19 20:00,做多,53135.0,52388.99,53752.99,53944.7,53678.02,6.96,2021
597,2021-02-19 16:00,做多,52388.99,52388.99,53752.99,52832.04,52411.07,7.45,2021
598,2021-02-08 20:00,做多,39570.0,39350.0,40478.26,43785.81,42649.0,10.23,2021
599,2021-01-21 20:00,做空,32050.0,33403.0,31944.4,31422.1,32749.0,8.09,2021
600,2021-01-21 16:00,做空,33403.0,33403.0,31944.4,32247.3,32800.0,10.44,2021
601,2021-01-20 08:00,做空,35850.0,36210.0,34712.53,35097.16,35985.0,4.83,2021
602,2021-01-14 00:00,做多,35584.79,35584.79,37854.62,36035.43,35762.22,11.53,2021
603,2021-01-11 00:00,做空,38500.0,39850.0,38100.23,37531.91,39080.0,18.87,2021
604,2021-01-07 08:00,做多,37037.51,35948.66,37328.56,37555.54,36337.36,8.02,2021
605,2021-01-07 04:00,做多,35948.66,35948.66,37328.56,36823.68,36337.36,10.16,2021
606,2021-01-06 00:00,做多,32900.0,32900.0,34243.99,33747.0,33356.46,6.52,2021
607,2021-01-02 20:00,做多,29950.0,29668.86,30418.79,31717.01,30528.0,9.82,2021
608,2020-12-30 08:00,做多,27441.73,27139.79,27886.94,28110.62,27401.0,4.5,2020
609,2020-12-30 04:00,做多,27188.0,27188.0,27938.92,27402.83,27401.0,6.06,2020
610,2020-12-27 04:00,做多,26053.61,25071.0,25689.76,26508.83,25850.0,7.36,2020
611,2020-12-27 00:00,做多,25690.0,25071.0,25689.76,25944.43,25824.09,9.7,2020
612,2020-12-26 20:00,做多,25071.0,25071.0,25689.76,25638.48,25582.15,11.0,2020
613,2020-12-25 16:00,做多,23836.0,23496.0,24136.81,24605.23,23708.0,1.89,2020
614,2020-12-17 04:00,做多,20891.0,19549.97,19845.62,21346.8,21231.5,11.9,2020
615,2020-12-16 20:00,做多,19897.7,19549.99,19850.18,20666.5,20550.0,15.59,2020
616,2020-12-16 16:00,做多,19549.99,19549.99,19850.18,19748.84,19691.5,20.96,2020
617,2020-12-09 04:00,做空,18600.51,18941.75,18601.78,18319.32,18639.7,3.65,2020
618,2020-11-30 12:00,做多,18578.41,18239.76,18704.66,18618.0,18336.48,7.12,2020
619,2020-11-30 08:00,做多,18343.0,18239.76,18704.66,18574.47,18336.48,7.37,2020
620,2020-11-26 08:00,做空,18509.12,18635.01,18218.63,17930.0,18099.0,9.75,2020
621,2020-11-20 20:00,做多,18438.0,18200.0,18612.97,18678.74,18302.08,1.64,2020
622,2020-11-18 00:00,做多,17377.36,16882.0,17165.78,17693.48,17215.03,4.67,2020
623,2020-11-17 20:00,做多,17022.3,16882.0,17165.78,17322.38,17215.03,6.91,2020
624,2020-11-17 16:00,做多,16882.0,16882.0,17165.78,17001.99,16916.0,8.93,2020
625,2020-11-17 00:00,做多,16476.61,16059.4,16345.14,16776.35,16550.0,6.64,2020
626,2020-11-16 20:00,做多,16390.0,16114.99,16404.22,16445.0,16429.11,5.67,2020
627,2020-11-16 12:00,做多,16161.23,16161.23,16455.37,16230.87,16162.24,4.01,2020
628,2020-11-05 12:00,做多,14372.84,13918.0,14170.96,14469.71,14333.0,10.47,2020
629,2020-11-05 08:00,做多,14280.0,14038.45,14283.36,14302.06,14234.65,11.76,2020
630,2020-10-27 16:00,做多,13240.0,13240.0,13439.56,13448.85,13301.0,3.08,2020
631,2020-10-19 20:00,做多,11543.0,11543.0,11653.19,11801.12,11656.01,1.52,2020
632,2020-10-10 08:00,做多,11110.0,11110.0,11215.78,11413.28,11237.49,0.1,2020
633,2020-10-09 16:00,做多,10958.0,10958.0,11058.91,11049.28,11011.0,4.02,2020
634,2020-10-08 20:00,做多,10675.0,10675.0,10765.56,10892.69,10818.44,2.0,2020
635,2020-10-07 00:00,做空,10613.0,10675.5,10582.62,10565.0,10675.0,0.51,2020
636,2020-10-05 00:00,做多,10648.0,10596.0,10705.7,10667.93,10608.9,0.96,2020
637,2020-10-04 12:00,做多,10596.0,10559.15,10678.0,10607.86,10564.39,1.23,2020
638,2020-10-02 00:00,做空,10676.23,10676.23,10560.97,10611.01,10660.0,2.26,2020
639,2020-09-25 00:00,做多,10542.66,10489.73,10622.69,10644.56,10551.56,1.81,2020
640,2020-09-21 20:00,做空,10572.01,10751.0,10624.37,10415.61,10532.95,0.61,2020
641,2020-09-21 16:00,做空,10751.0,10751.0,10624.37,10634.48,10636.0,3.32,2020
642,2020-09-14 20:00,做多,10474.99,10352.68,10500.07,10688.0,10592.0,2.2,2020
643,2020-09-06 00:00,做空,9975.85,10306.29,10046.46,9960.16,10303.0,0.73,2020
644,2020-09-03 20:00,做空,11189.71,11210.0,11045.3,10683.59,10800.0,7.53,2020
645,2020-09-02 16:00,做空,11730.02,11812.0,11680.6,11417.49,11488.0,2.0,2020
646,2020-08-11 20:00,做空,11651.0,11712.05,11500.15,11493.15,11630.0,3.19,2020
647,2020-08-05 16:00,做多,11337.35,11324.56,11580.52,11444.63,11400.05,3.22,2020
648,2020-07-31 20:00,做多,11240.0,11195.52,11408.75,11355.05,11201.0,3.61,2020
649,2020-07-28 04:00,做多,10997.24,10360.0,10483.16,11047.58,10580.0,2.01,2020
650,2020-07-28 00:00,做多,10458.58,10360.0,10483.16,10806.52,10580.0,6.31,2020
651,2020-07-26 00:00,做多,9650.0,9650.0,9726.61,9674.11,9655.2,6.47,2020
652,2020-07-23 04:00,做多,9389.94,9389.94,9449.79,9518.25,9439.86,1.68,2020
653,2020-07-21 12:00,做多,9203.83,9194.98,9245.84,9314.87,9272.0,1.34,2020
654,2020-07-16 12:00,做空,9156.0,9156.0,9088.52,9124.21,9150.0,0.88,2020
655,2020-07-09 20:00,做空,9283.0,9283.0,9197.62,9211.0,9255.25,0.97,2020
656,2020-07-06 12:00,做多,9131.42,9131.42,9207.94,9199.71,9171.0,1.96,2020
657,2020-06-24 16:00,做空,9503.0,9585.0,9480.08,9337.26,9440.59,3.56,2020
658,2020-06-24 12:00,做空,9585.0,9585.0,9480.08,9519.0,9555.83,5.4,2020
659,2020-06-22 20:00,做多,9470.0,9386.79,9493.74,9489.82,9472.3,3.22,2020
660,2020-06-22 16:00,做多,9450.0,9386.79,9493.74,9458.88,9438.22,3.55,2020
661,2020-06-16 08:00,做多,9490.83,9368.32,9497.45,9559.49,9400.0,0.3,2020
662,2020-06-12 00:00,做空,9503.0,9681.21,9547.71,9280.99,9550.0,0.56,2020
663,2020-06-11 20:00,做空,9681.21,9681.21,9547.71,9525.02,9572.64,4.93,2020
664,2020-05-29 04:00,做多,9537.0,9280.0,9441.68,9569.59,9317.42,0.3,2020
665,2020-05-28 20:00,做多,9280.0,9230.0,9398.1,9494.98,9317.42,1.33,2020
666,2020-05-27 16:00,做多,9011.82,9011.82,9188.73,9144.99,9046.1,1.48,2020
667,2020-05-21 20:00,做空,9225.53,9281.42,9056.29,9082.3,9219.58,2.97,2020
668,2020-05-13 20:00,做多,9048.66,8981.0,9280.32,9135.32,9042.0,8.92,2020
669,2020-05-13 16:00,做多,8981.0,8981.0,9280.32,9034.48,8983.0,10.13,2020
670,2020-05-10 08:00,做空,9528.23,9528.23,9305.87,8621.65,8900.2,4.31,2020
671,2020-05-08 04:00,做多,9965.0,9405.0,9610.24,9995.0,9726.0,0.5,2020
672,2020-05-08 00:00,做多,9630.0,9405.0,9610.24,9871.77,9726.0,2.11,2020
673,2020-05-07 20:00,做多,9405.0,9405.0,9610.24,9518.55,9505.63,5.9,2020
674,2020-04-29 08:00,做多,7780.0,7780.0,7900.74,7813.51,7805.0,19.28,2020
675,2020-04-23 20:00,做多,7178.0,7178.0,7296.61,7528.14,7388.0,1.21,2020
676,2020-04-22 20:00,做多,6970.0,6940.0,7070.45,7105.69,7020.0,9.8,2020
677,2020-04-16 16:00,做多,6984.7,6878.02,7014.37,7019.97,6925.0,2.44,2020
678,2020-04-10 20:00,做空,6851.0,7105.98,6942.0,6766.65,6946.96,0.33,2020
679,2020-04-10 12:00,做空,7105.98,7105.98,6942.0,6919.58,6966.07,2.58,2020
680,2020-04-06 12:00,做多,6887.2,6839.59,7023.38,7024.02,7010.64,6.06,2020
681,2020-04-02 04:00,做多,6492.0,6492.0,6671.05,6641.51,6542.73,9.76,2020
682,2020-03-30 16:00,做多,6330.0,6206.89,6408.77,6351.23,6260.0,4.01,2020
683,2020-03-30 12:00,做多,6207.64,6207.64,6412.94,6238.58,6230.25,5.89,2020
684,2020-03-23 20:00,做多,6153.19,6153.19,6475.89,6230.0,6225.01,9.79,2020
685,2020-03-08 08:00,做空,8850.0,9056.1,8932.55,8756.73,8763.64,8.82,2020
686,2020-03-08 00:00,做空,9016.0,9016.0,8883.45,8896.9,8932.31,8.78,2020
687,2020-03-05 16:00,做多,8950.0,8834.61,8982.49,9106.49,8994.14,0.8,2020
688,2020-03-05 08:00,做多,8853.88,8853.88,9002.65,8878.52,8870.0,3.31,2020
689,2020-02-25 20:00,做空,9487.38,9487.38,9328.95,9404.39,9466.48,4.5,2020
690,2020-02-20 04:00,做空,10026.08,10026.08,9852.09,9593.65,9700.0,2.2,2020
691,2020-02-15 20:00,做空,10203.98,10233.0,10075.58,9982.18,10100.0,1.61,2020
692,2020-02-12 00:00,做多,10240.0,9908.0,10041.29,10287.46,10201.75,1.87,2020
693,2020-02-11 20:00,做多,9931.89,9931.89,10070.08,10204.39,10201.75,2.7,2020
694,2020-02-10 12:00,做空,10026.0,10026.0,9903.38,9985.67,9997.0,2.57,2020
695,2020-02-09 04:00,做多,9898.57,9840.0,9964.85,9906.43,9892.15,2.81,2020
696,2020-02-05 16:00,做多,9307.78,9305.0,9435.82,9423.0,9422.99,3.99,2020
697,2020-01-29 04:00,做多,9207.81,9176.68,9300.08,9398.98,9242.0,0.65,2020
698,2020-01-27 00:00,做多,8493.14,8425.0,8541.92,8565.04,8549.0,4.95,2020
699,2020-01-26 16:00,做多,8425.0,8390.0,8514.55,8481.78,8442.0,3.33,2020
700,2020-01-19 16:00,做空,8832.0,8832.0,8682.92,8704.84,8760.93,3.03,2020
701,2020-01-14 12:00,做多,8485.0,8135.93,8274.38,8515.53,8476.0,4.73,2020
702,2020-01-14 08:00,做多,8200.0,8200.0,8345.62,8469.84,8467.74,5.3,2020
703,2020-01-07 08:00,做多,7808.65,7580.08,7680.21,7898.59,7733.0,7.21,2020
704,2020-01-07 04:00,做多,7611.81,7580.08,7680.21,7757.39,7733.0,5.9,2020
705,2020-01-03 16:00,做多,7300.0,7175.0,7250.29,7338.11,7229.0,0.94,2020
706,2020-01-03 12:00,做多,7175.0,7175.0,7250.29,7198.02,7198.0,2.91,2020
707,2019-12-30 20:00,做空,7287.25,7322.26,7232.28,7258.26,7319.0,1.05,2019
708,2019-12-28 08:00,做多,7270.0,7238.16,7346.91,7284.59,7256.13,1.02,2019
709,2019-12-19 04:00,做多,6964.68,6720.0,6821.57,7277.44,7042.82,1.24,2019
710,2019-12-19 00:00,做多,6868.29,6738.64,6836.54,6951.33,6937.22,7.61,2019
711,2019-12-17 00:00,做空,7037.03,7037.03,6956.42,6900.0,6940.0,4.58,2019
712,2019-12-14 20:00,做空,7141.0,7205.0,7116.43,7057.31,7196.0,0.74,2019
713,2019-12-14 16:00,做空,7203.43,7203.43,7113.04,7183.45,7196.0,2.49,2019
714,2019-12-10 20:00,做空,7269.05,7269.05,7149.51,7232.93,7267.0,1.59,2019
715,2019-12-09 20:00,做空,7434.57,7493.63,7368.09,7423.47,7454.4,2.86,2019
716,2019-12-01 00:00,做空,7511.11,7660.0,7469.67,7504.35,7561.89,3.76,2019
717,2019-11-28 00:00,做多,7433.0,7172.99,7369.14,7563.68,7411.63,1.21,2019
718,2019-11-22 16:00,做空,7389.68,7432.0,7309.52,7097.18,7379.38,4.71,2019
719,2019-11-21 20:00,做空,7855.0,8066.0,7964.81,7625.58,7765.03,11.32,2019
720,2019-11-21 16:00,做空,8037.5,8037.5,7935.4,7871.42,7915.0,12.09,2019
721,2019-11-19 00:00,做空,8372.07,8417.0,8318.73,8211.8,8239.41,2.58,2019
722,2019-11-15 20:00,做空,8515.0,8605.85,8499.8,8476.55,8540.54,0.54,2019
723,2019-11-14 12:00,做空,8712.0,8712.0,8589.47,8667.46,8697.71,1.76,2019
724,2019-11-08 20:00,做空,8938.81,9091.2,8962.77,8821.33,8899.85,1.15,2019
725,2019-11-08 16:00,做空,9091.2,9091.2,8962.77,9033.3,9040.92,4.02,2019
726,2019-10-26 00:00,做多,8564.68,7468.27,7583.09,8631.73,8539.79,20.58,2019
727,2019-10-25 20:00,做多,7638.51,7495.81,7617.36,8264.52,8257.25,25.94,2019
728,2019-10-25 16:00,做多,7495.81,7495.81,7617.36,7575.06,7573.62,37.4,2019
729,2019-10-23 08:00,做空,8000.0,8164.78,8068.19,7953.2,8017.5,9.81,2019
730,2019-10-23 04:00,做空,8160.0,8164.78,8068.19,8020.89,8047.78,10.57,2019
731,2019-10-21 00:00,做多,8041.19,7999.28,8101.37,8229.17,8150.0,1.28,2019
732,2019-10-16 00:00,做空,8205.02,8205.02,8093.26,8177.46,8184.0,3.39,2019
733,2019-10-11 16:00,做空,8332.6,8419.34,8276.44,8295.88,8369.99,1.04,2019
734,2019-10-11 12:00,做空,8419.34,8419.34,8276.44,8385.26,8386.61,2.09,2019
735,2019-10-09 20:00,做多,8242.52,8242.52,8385.2,8550.09,8419.34,1.34,2019
736,2019-09-30 20:00,做多,8127.06,8127.06,8308.57,8280.0,8162.0,2.64,2019
737,2019-09-26 20:00,做空,8223.71,8223.71,8011.22,7921.82,8160.5,2.79,2019
738,2019-09-25 04:00,做空,8645.61,9603.5,9473.13,8495.83,8725.24,3.48,2019
739,2019-09-25 00:00,做空,9408.47,9603.5,9473.13,8645.61,8755.44,5.88,2019
740,2019-09-24 20:00,做空,9603.5,9603.5,9473.13,9530.0,8755.44,14.62,2019
741,2019-09-23 20:00,做空,9878.51,9932.01,9805.76,9867.06,9883.89,4.65,2019
742,2019-09-12 20:00,做多,10205.46,10205.46,10437.71,10326.58,10239.42,1.2,2019
